method,seed,episode,reward,num_iterations,stopped_reason,planted_blame,lowest_credit_agent,blame_credit
end_to_end,20260417,0,0.0000,2,stagnant,,DocumentAnalysisAgent,
end_to_end,20260417,1,0.0000,2,stagnant,,DocumentAnalysisAgent,
end_to_end,20260417,2,0.0000,2,stagnant,,DocumentAnalysisAgent,
end_to_end,20260417,3,0.0000,2,stagnant,DocumentAnalysisAgent,DocumentAnalysisAgent,0.0000
end_to_end,20260417,4,0.0000,2,stagnant,BuilderAgent,DocumentAnalysisAgent,0.0000
end_to_end,20260417,5,0.0000,2,stagnant,BuilderAgent,DocumentAnalysisAgent,0.0000
end_to_end,20260417,6,0.0000,2,stagnant,,DocumentAnalysisAgent,
end_to_end,20260417,7,0.0000,2,stagnant,,DocumentAnalysisAgent,
end_to_end,20260417,8,1.0000,1,complete,,DocumentAnalysisAgent,
end_to_end,20260417,9,0.0000,2,stagnant,,DocumentAnalysisAgent,
end_to_end,20260417,10,0.0000,2,stagnant,ValidatorAgent,DocumentAnalysisAgent,0.0000
end_to_end,20260417,11,0.0000,2,stagnant,,DocumentAnalysisAgent,
end_to_end,20260417,12,0.0000,2,stagnant,SchemaAgent,DocumentAnalysisAgent,0.0000
end_to_end,20260417,13,0.0000,2,stagnant,ValidatorAgent,DocumentAnalysisAgent,0.0000
end_to_end,20260417,14,0.0000,2,stagnant,QAAgent,DocumentAnalysisAgent,0.0000
end_to_end,20260417,15,0.0000,2,stagnant,ValidatorAgent,DocumentAnalysisAgent,0.0000
end_to_end,20260417,16,0.0000,2,stagnant,SchemaAgent,DocumentAnalysisAgent,0.0000
end_to_end,20260417,17,0.0000,2,stagnant,BuilderAgent,DocumentAnalysisAgent,0.0000
end_to_end,20260417,18,1.0000,2,complete,,DocumentAnalysisAgent,
end_to_end,20260417,19,1.0000,1,complete,,DocumentAnalysisAgent,
end_to_end,20260417,20,0.0000,2,stagnant,ValidatorAgent,DocumentAnalysisAgent,0.0000
end_to_end,20260417,21,0.0000,2,stagnant,LogParserAgent,DocumentAnalysisAgent,0.0000
end_to_end,20260417,22,0.0000,2,stagnant,BuilderAgent,DocumentAnalysisAgent,0.0000
end_to_end,20260417,23,0.0000,2,stagnant,QAAgent,DocumentAnalysisAgent,0.0000
end_to_end,20260417,24,0.0000,2,stagnant,,DocumentAnalysisAgent,
end_to_end,20260417,25,0.0000,2,stagnant,,DocumentAnalysisAgent,
end_to_end,20260417,26,0.0000,2,stagnant,QAAgent,DocumentAnalysisAgent,0.0000
end_to_end,20260417,27,0.0000,2,stagnant,,DocumentAnalysisAgent,
end_to_end,20260417,28,0.0000,2,stagnant,,DocumentAnalysisAgent,
end_to_end,20260417,29,0.0000,2,stagnant,BuilderAgent,DocumentAnalysisAgent,0.0000
end_to_end,20260417,30,0.0000,2,stagnant,BuilderAgent,DocumentAnalysisAgent,0.0000
end_to_end,20260417,31,0.0000,2,stagnant,LogParserAgent,DocumentAnalysisAgent,0.0000
end_to_end,20260417,32,0.0000,2,stagnant,DocumentAnalysisAgent,DocumentAnalysisAgent,0.0000
end_to_end,20260417,33,0.0000,2,stagnant,,DocumentAnalysisAgent,
end_to_end,20260417,34,0.0000,2,stagnant,LogParserAgent,DocumentAnalysisAgent,0.0000
end_to_end,20260417,35,0.0000,2,stagnant,,DocumentAnalysisAgent,
end_to_end,20260417,36,0.0000,2,stagnant,QAAgent,DocumentAnalysisAgent,0.0000
end_to_end,20260417,37,0.0000,2,stagnant,QAAgent,DocumentAnalysisAgent,0.0000
end_to_end,20260417,38,0.0000,2,stagnant,BuilderAgent,DocumentAnalysisAgent,0.0000
end_to_end,20260417,39,0.0000,2,stagnant,,DocumentAnalysisAgent,
end_to_end,20260417,40,0.0000,2,stagnant,BuilderAgent,DocumentAnalysisAgent,0.0000
end_to_end,20260417,41,0.0000,2,stagnant,ValidatorAgent,DocumentAnalysisAgent,0.0000
end_to_end,20260417,42,0.0000,2,stagnant,,DocumentAnalysisAgent,
end_to_end,20260417,43,0.0000,2,stagnant,,DocumentAnalysisAgent,
end_to_end,20260417,44,0.0000,2,stagnant,,DocumentAnalysisAgent,
end_to_end,20260417,45,0.0000,2,stagnant,LogParserAgent,DocumentAnalysisAgent,0.0000
end_to_end,20260417,46,0.0000,2,stagnant,,DocumentAnalysisAgent,
end_to_end,20260417,47,0.0000,2,stagnant,,DocumentAnalysisAgent,
end_to_end,20260417,48,0.0000,2,stagnant,,DocumentAnalysisAgent,
end_to_end,20260417,49,1.0000,2,complete,,DocumentAnalysisAgent,
end_to_end,20260417,50,0.0000,2,stagnant,,DocumentAnalysisAgent,
end_to_end,20260417,51,1.0000,1,complete,,DocumentAnalysisAgent,
end_to_end,20260417,52,1.0000,2,complete,,DocumentAnalysisAgent,
end_to_end,20260417,53,1.0000,1,complete,,DocumentAnalysisAgent,
end_to_end,20260417,54,0.0000,2,stagnant,,DocumentAnalysisAgent,
end_to_end,20260417,55,0.0000,2,stagnant,SchemaAgent,DocumentAnalysisAgent,0.0000
end_to_end,20260417,56,1.0000,1,complete,,DocumentAnalysisAgent,
end_to_end,20260417,57,0.0000,2,stagnant,,DocumentAnalysisAgent,
end_to_end,20260417,58,0.0000,2,stagnant,,DocumentAnalysisAgent,
end_to_end,20260417,59,1.0000,2,complete,,DocumentAnalysisAgent,
end_to_end,20260417,60,0.0000,2,stagnant,,DocumentAnalysisAgent,
end_to_end,20260417,61,0.0000,2,stagnant,LogParserAgent,DocumentAnalysisAgent,0.0000
end_to_end,20260417,62,0.0000,2,stagnant,,DocumentAnalysisAgent,
end_to_end,20260417,63,0.0000,2,stagnant,,DocumentAnalysisAgent,
end_to_end,20260417,64,0.0000,2,stagnant,,DocumentAnalysisAgent,
end_to_end,20260417,65,0.0000,2,stagnant,,DocumentAnalysisAgent,
end_to_end,20260417,66,0.0000,2,stagnant,,DocumentAnalysisAgent,
end_to_end,20260417,67,0.0000,2,stagnant,,DocumentAnalysisAgent,
end_to_end,20260417,68,0.0000,2,stagnant,ValidatorAgent,DocumentAnalysisAgent,0.0000
end_to_end,20260417,69,1.0000,1,complete,,DocumentAnalysisAgent,
end_to_end,20260417,70,0.0000,2,stagnant,,DocumentAnalysisAgent,
end_to_end,20260417,71,0.0000,2,stagnant,LogParserAgent,DocumentAnalysisAgent,0.0000
end_to_end,20260417,72,1.0000,2,complete,,DocumentAnalysisAgent,
end_to_end,20260417,73,0.0000,2,stagnant,DocumentAnalysisAgent,DocumentAnalysisAgent,0.0000
end_to_end,20260417,74,0.0000,2,stagnant,SchemaAgent,DocumentAnalysisAgent,0.0000
end_to_end,20260417,75,0.0000,2,stagnant,,DocumentAnalysisAgent,
end_to_end,20260417,76,0.0000,2,stagnant,,DocumentAnalysisAgent,
end_to_end,20260417,77,1.0000,2,complete,,DocumentAnalysisAgent,
end_to_end,20260417,78,0.0000,2,stagnant,,DocumentAnalysisAgent,
end_to_end,20260417,79,0.0000,2,stagnant,,DocumentAnalysisAgent,
end_to_end,20260417,80,0.0000,2,stagnant,,DocumentAnalysisAgent,
end_to_end,20260417,81,0.0000,2,stagnant,ValidatorAgent,DocumentAnalysisAgent,0.0000
end_to_end,20260417,82,1.0000,1,complete,,DocumentAnalysisAgent,
end_to_end,20260417,83,0.0000,2,stagnant,,DocumentAnalysisAgent,
end_to_end,20260417,84,0.0000,2,stagnant,,DocumentAnalysisAgent,
end_to_end,20260417,85,0.0000,2,stagnant,,DocumentAnalysisAgent,
end_to_end,20260417,86,0.0000,2,stagnant,LogParserAgent,DocumentAnalysisAgent,0.0000
end_to_end,20260417,87,1.0000,2,complete,,DocumentAnalysisAgent,
end_to_end,20260417,88,0.0000,2,stagnant,,DocumentAnalysisAgent,
end_to_end,20260417,89,0.0000,2,stagnant,SchemaAgent,DocumentAnalysisAgent,0.0000
end_to_end,20260417,90,0.0000,2,stagnant,QAAgent,DocumentAnalysisAgent,0.0000
end_to_end,20260417,91,0.0000,2,stagnant,SchemaAgent,DocumentAnalysisAgent,0.0000
end_to_end,20260417,92,1.0000,1,complete,,DocumentAnalysisAgent,
end_to_end,20260417,93,0.0000,2,stagnant,,DocumentAnalysisAgent,
end_to_end,20260417,94,0.0000,2,stagnant,QAAgent,DocumentAnalysisAgent,0.0000
end_to_end,20260417,95,0.0000,2,stagnant,,DocumentAnalysisAgent,
end_to_end,20260417,96,0.0000,2,stagnant,QAAgent,DocumentAnalysisAgent,0.0000
end_to_end,20260417,97,0.0000,2,stagnant,,DocumentAnalysisAgent,
end_to_end,20260417,98,1.0000,1,complete,ValidatorAgent,DocumentAnalysisAgent,1.0000
end_to_end,20260417,99,0.0000,2,stagnant,,DocumentAnalysisAgent,
end_to_end,20260417,100,0.0000,2,stagnant,ValidatorAgent,DocumentAnalysisAgent,0.0000
end_to_end,20260417,101,0.0000,2,stagnant,,DocumentAnalysisAgent,
end_to_end,20260417,102,0.0000,2,stagnant,QAAgent,DocumentAnalysisAgent,0.0000
end_to_end,20260417,103,1.0000,1,complete,,DocumentAnalysisAgent,
end_to_end,20260417,104,0.0000,2,stagnant,QAAgent,DocumentAnalysisAgent,0.0000
end_to_end,20260417,105,1.0000,1,complete,,DocumentAnalysisAgent,
end_to_end,20260417,106,0.0000,2,stagnant,ValidatorAgent,DocumentAnalysisAgent,0.0000
end_to_end,20260417,107,0.0000,2,stagnant,SchemaAgent,DocumentAnalysisAgent,0.0000
end_to_end,20260417,108,0.0000,2,stagnant,,DocumentAnalysisAgent,
end_to_end,20260417,109,0.0000,2,stagnant,,DocumentAnalysisAgent,
end_to_end,20260417,110,0.0000,2,stagnant,,DocumentAnalysisAgent,
end_to_end,20260417,111,0.0000,2,stagnant,ValidatorAgent,DocumentAnalysisAgent,0.0000
end_to_end,20260417,112,0.0000,2,stagnant,,DocumentAnalysisAgent,
end_to_end,20260417,113,0.0000,2,stagnant,,DocumentAnalysisAgent,
end_to_end,20260417,114,0.0000,2,stagnant,LogParserAgent,DocumentAnalysisAgent,0.0000
end_to_end,20260417,115,0.0000,2,stagnant,BuilderAgent,DocumentAnalysisAgent,0.0000
end_to_end,20260417,116,1.0000,2,complete,,DocumentAnalysisAgent,
end_to_end,20260417,117,0.0000,2,stagnant,,DocumentAnalysisAgent,
end_to_end,20260417,118,1.0000,1,complete,,DocumentAnalysisAgent,
end_to_end,20260417,119,1.0000,1,complete,,DocumentAnalysisAgent,
end_to_end,20260417,120,0.0000,2,stagnant,,DocumentAnalysisAgent,
end_to_end,20260417,121,0.0000,2,stagnant,,DocumentAnalysisAgent,
end_to_end,20260417,122,0.0000,2,stagnant,,DocumentAnalysisAgent,
end_to_end,20260417,123,0.0000,2,stagnant,ValidatorAgent,DocumentAnalysisAgent,0.0000
end_to_end,20260417,124,0.0000,2,stagnant,SchemaAgent,DocumentAnalysisAgent,0.0000
end_to_end,20260417,125,0.0000,2,stagnant,,DocumentAnalysisAgent,
end_to_end,20260417,126,0.0000,2,stagnant,,DocumentAnalysisAgent,
end_to_end,20260417,127,0.0000,2,stagnant,SchemaAgent,DocumentAnalysisAgent,0.0000
end_to_end,20260417,128,0.0000,2,stagnant,DocumentAnalysisAgent,DocumentAnalysisAgent,0.0000
end_to_end,20260417,129,1.0000,1,complete,,DocumentAnalysisAgent,
end_to_end,20260417,130,0.0000,2,stagnant,QAAgent,DocumentAnalysisAgent,0.0000
end_to_end,20260417,131,0.0000,2,stagnant,SchemaAgent,DocumentAnalysisAgent,0.0000
end_to_end,20260417,132,1.0000,2,complete,,DocumentAnalysisAgent,
end_to_end,20260417,133,0.0000,2,stagnant,DocumentAnalysisAgent,DocumentAnalysisAgent,0.0000
end_to_end,20260417,134,0.0000,2,stagnant,,DocumentAnalysisAgent,
end_to_end,20260417,135,1.0000,1,complete,,DocumentAnalysisAgent,
end_to_end,20260417,136,0.0000,2,stagnant,,DocumentAnalysisAgent,
end_to_end,20260417,137,0.0000,2,stagnant,,DocumentAnalysisAgent,
end_to_end,20260417,138,0.0000,2,stagnant,,DocumentAnalysisAgent,
end_to_end,20260417,139,1.0000,1,complete,,DocumentAnalysisAgent,
end_to_end,20260417,140,0.0000,2,stagnant,LogParserAgent,DocumentAnalysisAgent,0.0000
end_to_end,20260417,141,0.0000,2,stagnant,,DocumentAnalysisAgent,
end_to_end,20260417,142,0.0000,2,stagnant,LogParserAgent,DocumentAnalysisAgent,0.0000
end_to_end,20260417,143,1.0000,1,complete,,DocumentAnalysisAgent,
end_to_end,20260417,144,0.0000,2,stagnant,ValidatorAgent,DocumentAnalysisAgent,0.0000
end_to_end,20260417,145,0.0000,2,stagnant,DocumentAnalysisAgent,DocumentAnalysisAgent,0.0000
end_to_end,20260417,146,0.0000,2,stagnant,,DocumentAnalysisAgent,
end_to_end,20260417,147,0.0000,2,stagnant,,DocumentAnalysisAgent,
end_to_end,20260417,148,1.0000,2,complete,,DocumentAnalysisAgent,
end_to_end,20260417,149,0.0000,2,stagnant,SchemaAgent,DocumentAnalysisAgent,0.0000
end_to_end,20260417,150,0.0000,2,stagnant,SchemaAgent,DocumentAnalysisAgent,0.0000
end_to_end,20260417,151,1.0000,1,complete,,DocumentAnalysisAgent,
end_to_end,20260417,152,0.0000,2,stagnant,DocumentAnalysisAgent,DocumentAnalysisAgent,0.0000
end_to_end,20260417,153,0.0000,2,stagnant,BuilderAgent,DocumentAnalysisAgent,0.0000
end_to_end,20260417,154,0.0000,2,stagnant,SchemaAgent,DocumentAnalysisAgent,0.0000
end_to_end,20260417,155,0.0000,2,stagnant,,DocumentAnalysisAgent,
end_to_end,20260417,156,0.0000,2,stagnant,,DocumentAnalysisAgent,
end_to_end,20260417,157,0.0000,2,stagnant,QAAgent,DocumentAnalysisAgent,0.0000
end_to_end,20260417,158,0.0000,2,stagnant,,DocumentAnalysisAgent,
end_to_end,20260417,159,0.0000,2,stagnant,,DocumentAnalysisAgent,
end_to_end,20260417,160,0.0000,2,stagnant,,DocumentAnalysisAgent,
end_to_end,20260417,161,1.0000,2,complete,,DocumentAnalysisAgent,
end_to_end,20260417,162,0.0000,2,stagnant,BuilderAgent,DocumentAnalysisAgent,0.0000
end_to_end,20260417,163,0.0000,2,stagnant,,DocumentAnalysisAgent,
end_to_end,20260417,164,0.0000,2,stagnant,SchemaAgent,DocumentAnalysisAgent,0.0000
end_to_end,20260417,165,1.0000,2,complete,,DocumentAnalysisAgent,
end_to_end,20260417,166,0.0000,2,stagnant,,DocumentAnalysisAgent,
end_to_end,20260417,167,0.0000,2,stagnant,,DocumentAnalysisAgent,
end_to_end,20260417,168,0.0000,2,stagnant,,DocumentAnalysisAgent,
end_to_end,20260417,169,1.0000,2,complete,,DocumentAnalysisAgent,
end_to_end,20260417,170,1.0000,1,complete,,DocumentAnalysisAgent,
end_to_end,20260417,171,0.0000,2,stagnant,ValidatorAgent,DocumentAnalysisAgent,0.0000
end_to_end,20260417,172,0.0000,2,stagnant,BuilderAgent,DocumentAnalysisAgent,0.0000
end_to_end,20260417,173,0.0000,2,stagnant,,DocumentAnalysisAgent,
end_to_end,20260417,174,0.0000,2,stagnant,,DocumentAnalysisAgent,
end_to_end,20260417,175,1.0000,2,complete,,DocumentAnalysisAgent,
end_to_end,20260417,176,0.0000,2,stagnant,DocumentAnalysisAgent,DocumentAnalysisAgent,0.0000
end_to_end,20260417,177,0.0000,2,stagnant,DocumentAnalysisAgent,DocumentAnalysisAgent,0.0000
end_to_end,20260417,178,0.0000,2,stagnant,LogParserAgent,DocumentAnalysisAgent,0.0000
end_to_end,20260417,179,0.0000,2,stagnant,SchemaAgent,DocumentAnalysisAgent,0.0000
end_to_end,20260417,180,0.0000,2,stagnant,,DocumentAnalysisAgent,
end_to_end,20260417,181,0.0000,2,stagnant,,DocumentAnalysisAgent,
end_to_end,20260417,182,0.0000,2,stagnant,,DocumentAnalysisAgent,
end_to_end,20260417,183,1.0000,1,complete,,DocumentAnalysisAgent,
end_to_end,20260417,184,0.0000,2,stagnant,BuilderAgent,DocumentAnalysisAgent,0.0000
end_to_end,20260417,185,0.0000,2,stagnant,BuilderAgent,DocumentAnalysisAgent,0.0000
end_to_end,20260417,186,1.0000,1,complete,,DocumentAnalysisAgent,
end_to_end,20260417,187,1.0000,1,complete,,DocumentAnalysisAgent,
end_to_end,20260417,188,0.0000,2,stagnant,QAAgent,DocumentAnalysisAgent,0.0000
end_to_end,20260417,189,0.0000,2,stagnant,,DocumentAnalysisAgent,
end_to_end,20260417,190,0.0000,2,stagnant,ValidatorAgent,DocumentAnalysisAgent,0.0000
end_to_end,20260417,191,1.0000,2,complete,,DocumentAnalysisAgent,
end_to_end,20260417,192,0.0000,2,stagnant,DocumentAnalysisAgent,DocumentAnalysisAgent,0.0000
end_to_end,20260417,193,0.0000,2,stagnant,,DocumentAnalysisAgent,
end_to_end,20260417,194,0.0000,2,stagnant,,DocumentAnalysisAgent,
end_to_end,20260417,195,0.0000,2,stagnant,BuilderAgent,DocumentAnalysisAgent,0.0000
end_to_end,20260417,196,0.0000,2,stagnant,,DocumentAnalysisAgent,
end_to_end,20260417,197,1.0000,1,complete,,DocumentAnalysisAgent,
end_to_end,20260417,198,1.0000,1,complete,,DocumentAnalysisAgent,
end_to_end,20260417,199,0.0000,2,stagnant,ValidatorAgent,DocumentAnalysisAgent,0.0000
end_to_end,20260417,200,0.0000,2,stagnant,,DocumentAnalysisAgent,
end_to_end,20260417,201,0.0000,2,stagnant,DocumentAnalysisAgent,DocumentAnalysisAgent,0.0000
end_to_end,20260417,202,0.0000,2,stagnant,,DocumentAnalysisAgent,
end_to_end,20260417,203,0.0000,2,stagnant,,DocumentAnalysisAgent,
end_to_end,20260417,204,0.0000,2,stagnant,SchemaAgent,DocumentAnalysisAgent,0.0000
end_to_end,20260417,205,0.0000,2,stagnant,ValidatorAgent,DocumentAnalysisAgent,0.0000
end_to_end,20260417,206,0.0000,2,stagnant,,DocumentAnalysisAgent,
end_to_end,20260417,207,0.0000,2,stagnant,,DocumentAnalysisAgent,
end_to_end,20260417,208,0.0000,2,stagnant,BuilderAgent,DocumentAnalysisAgent,0.0000
end_to_end,20260417,209,0.0000,2,stagnant,QAAgent,DocumentAnalysisAgent,0.0000
end_to_end,20260417,210,0.0000,2,stagnant,,DocumentAnalysisAgent,
end_to_end,20260417,211,0.0000,2,stagnant,LogParserAgent,DocumentAnalysisAgent,0.0000
end_to_end,20260417,212,0.0000,2,stagnant,SchemaAgent,DocumentAnalysisAgent,0.0000
end_to_end,20260417,213,0.0000,2,stagnant,QAAgent,DocumentAnalysisAgent,0.0000
end_to_end,20260417,214,0.0000,2,stagnant,,DocumentAnalysisAgent,
end_to_end,20260417,215,1.0000,2,complete,BuilderAgent,DocumentAnalysisAgent,1.0000
end_to_end,20260417,216,0.0000,2,stagnant,,DocumentAnalysisAgent,
end_to_end,20260417,217,0.0000,2,stagnant,,DocumentAnalysisAgent,
end_to_end,20260417,218,0.0000,2,stagnant,,DocumentAnalysisAgent,
end_to_end,20260417,219,0.0000,2,stagnant,,DocumentAnalysisAgent,
end_to_end,20260417,220,0.0000,2,stagnant,ValidatorAgent,DocumentAnalysisAgent,0.0000
end_to_end,20260417,221,1.0000,1,complete,,DocumentAnalysisAgent,
end_to_end,20260417,222,0.0000,2,stagnant,SchemaAgent,DocumentAnalysisAgent,0.0000
end_to_end,20260417,223,0.0000,2,stagnant,QAAgent,DocumentAnalysisAgent,0.0000
end_to_end,20260417,224,0.0000,2,stagnant,QAAgent,DocumentAnalysisAgent,0.0000
end_to_end,20260417,225,0.0000,2,stagnant,ValidatorAgent,DocumentAnalysisAgent,0.0000
end_to_end,20260417,226,0.0000,2,stagnant,BuilderAgent,DocumentAnalysisAgent,0.0000
end_to_end,20260417,227,0.0000,2,stagnant,,DocumentAnalysisAgent,
end_to_end,20260417,228,0.0000,2,stagnant,,DocumentAnalysisAgent,
end_to_end,20260417,229,0.0000,2,stagnant,,DocumentAnalysisAgent,
end_to_end,20260417,230,0.0000,2,stagnant,ValidatorAgent,DocumentAnalysisAgent,0.0000
end_to_end,20260417,231,0.0000,2,stagnant,,DocumentAnalysisAgent,
end_to_end,20260417,232,0.0000,2,stagnant,DocumentAnalysisAgent,DocumentAnalysisAgent,0.0000
end_to_end,20260417,233,0.0000,2,stagnant,,DocumentAnalysisAgent,
end_to_end,20260417,234,0.0000,2,stagnant,LogParserAgent,DocumentAnalysisAgent,0.0000
end_to_end,20260417,235,0.0000,2,stagnant,LogParserAgent,DocumentAnalysisAgent,0.0000
end_to_end,20260417,236,1.0000,2,complete,,DocumentAnalysisAgent,
end_to_end,20260417,237,0.0000,2,stagnant,SchemaAgent,DocumentAnalysisAgent,0.0000
end_to_end,20260417,238,1.0000,2,complete,,DocumentAnalysisAgent,
end_to_end,20260417,239,0.0000,2,stagnant,ValidatorAgent,DocumentAnalysisAgent,0.0000
end_to_end,20260417,240,0.0000,2,stagnant,LogParserAgent,DocumentAnalysisAgent,0.0000
end_to_end,20260417,241,0.0000,2,stagnant,,DocumentAnalysisAgent,
end_to_end,20260417,242,0.0000,2,stagnant,DocumentAnalysisAgent,DocumentAnalysisAgent,0.0000
end_to_end,20260417,243,0.0000,2,stagnant,,DocumentAnalysisAgent,
end_to_end,20260417,244,0.0000,2,stagnant,,DocumentAnalysisAgent,
end_to_end,20260417,245,0.0000,2,stagnant,,DocumentAnalysisAgent,
end_to_end,20260417,246,0.0000,2,stagnant,,DocumentAnalysisAgent,
end_to_end,20260417,247,0.0000,2,stagnant,SchemaAgent,DocumentAnalysisAgent,0.0000
end_to_end,20260417,248,0.0000,2,stagnant,BuilderAgent,DocumentAnalysisAgent,0.0000
end_to_end,20260417,249,0.0000,2,stagnant,,DocumentAnalysisAgent,
end_to_end,20260417,250,0.0000,2,stagnant,,DocumentAnalysisAgent,
end_to_end,20260417,251,0.0000,2,stagnant,,DocumentAnalysisAgent,
end_to_end,20260417,252,1.0000,2,complete,,DocumentAnalysisAgent,
end_to_end,20260417,253,0.0000,2,stagnant,,DocumentAnalysisAgent,
end_to_end,20260417,254,0.0000,2,stagnant,ValidatorAgent,DocumentAnalysisAgent,0.0000
end_to_end,20260417,255,0.0000,2,stagnant,,DocumentAnalysisAgent,
end_to_end,20260417,256,0.0000,2,stagnant,,DocumentAnalysisAgent,
end_to_end,20260417,257,0.0000,2,stagnant,,DocumentAnalysisAgent,
end_to_end,20260417,258,1.0000,2,complete,,DocumentAnalysisAgent,
end_to_end,20260417,259,0.0000,2,stagnant,,DocumentAnalysisAgent,
end_to_end,20260417,260,1.0000,1,complete,,DocumentAnalysisAgent,
end_to_end,20260417,261,0.0000,2,stagnant,,DocumentAnalysisAgent,
end_to_end,20260417,262,0.0000,2,stagnant,,DocumentAnalysisAgent,
end_to_end,20260417,263,0.0000,2,stagnant,QAAgent,DocumentAnalysisAgent,0.0000
end_to_end,20260417,264,0.0000,2,stagnant,,DocumentAnalysisAgent,
end_to_end,20260417,265,0.0000,2,stagnant,LogParserAgent,DocumentAnalysisAgent,0.0000
end_to_end,20260417,266,0.0000,2,stagnant,QAAgent,DocumentAnalysisAgent,0.0000
end_to_end,20260417,267,0.0000,2,stagnant,QAAgent,DocumentAnalysisAgent,0.0000
end_to_end,20260417,268,1.0000,1,complete,,DocumentAnalysisAgent,
end_to_end,20260417,269,0.0000,2,stagnant,BuilderAgent,DocumentAnalysisAgent,0.0000
end_to_end,20260417,270,1.0000,1,complete,,DocumentAnalysisAgent,
end_to_end,20260417,271,1.0000,2,complete,,DocumentAnalysisAgent,
end_to_end,20260417,272,0.0000,2,stagnant,,DocumentAnalysisAgent,
end_to_end,20260417,273,0.0000,2,stagnant,QAAgent,DocumentAnalysisAgent,0.0000
end_to_end,20260417,274,0.0000,2,stagnant,SchemaAgent,DocumentAnalysisAgent,0.0000
end_to_end,20260417,275,0.0000,2,stagnant,,DocumentAnalysisAgent,
end_to_end,20260417,276,0.0000,2,stagnant,,DocumentAnalysisAgent,
end_to_end,20260417,277,0.0000,2,stagnant,,DocumentAnalysisAgent,
end_to_end,20260417,278,0.0000,2,stagnant,,DocumentAnalysisAgent,
end_to_end,20260417,279,0.0000,2,stagnant,ValidatorAgent,DocumentAnalysisAgent,0.0000
end_to_end,20260417,280,1.0000,1,complete,,DocumentAnalysisAgent,
end_to_end,20260417,281,0.0000,2,stagnant,,DocumentAnalysisAgent,
end_to_end,20260417,282,0.0000,2,stagnant,SchemaAgent,DocumentAnalysisAgent,0.0000
end_to_end,20260417,283,0.0000,2,stagnant,SchemaAgent,DocumentAnalysisAgent,0.0000
end_to_end,20260417,284,1.0000,2,complete,,DocumentAnalysisAgent,
end_to_end,20260417,285,1.0000,2,complete,,DocumentAnalysisAgent,
end_to_end,20260417,286,0.0000,2,stagnant,QAAgent,DocumentAnalysisAgent,0.0000
end_to_end,20260417,287,0.0000,2,stagnant,,DocumentAnalysisAgent,
end_to_end,20260417,288,0.0000,2,stagnant,,DocumentAnalysisAgent,
end_to_end,20260417,289,0.0000,2,stagnant,,DocumentAnalysisAgent,
end_to_end,20260417,290,0.0000,2,stagnant,LogParserAgent,DocumentAnalysisAgent,0.0000
end_to_end,20260417,291,0.0000,2,stagnant,LogParserAgent,DocumentAnalysisAgent,0.0000
end_to_end,20260417,292,0.0000,2,stagnant,,DocumentAnalysisAgent,
end_to_end,20260417,293,0.0000,2,stagnant,DocumentAnalysisAgent,DocumentAnalysisAgent,0.0000
end_to_end,20260417,294,0.0000,2,stagnant,,DocumentAnalysisAgent,
end_to_end,20260417,295,0.0000,2,stagnant,,DocumentAnalysisAgent,
end_to_end,20260417,296,0.0000,2,stagnant,BuilderAgent,DocumentAnalysisAgent,0.0000
end_to_end,20260417,297,0.0000,2,stagnant,,DocumentAnalysisAgent,
end_to_end,20260417,298,0.0000,2,stagnant,ValidatorAgent,DocumentAnalysisAgent,0.0000
end_to_end,20260417,299,0.0000,2,stagnant,,DocumentAnalysisAgent,
end_to_end,20260417,300,0.0000,2,stagnant,,DocumentAnalysisAgent,
end_to_end,20260417,301,0.0000,2,stagnant,,DocumentAnalysisAgent,
end_to_end,20260417,302,0.0000,2,stagnant,DocumentAnalysisAgent,DocumentAnalysisAgent,0.0000
end_to_end,20260417,303,0.0000,2,stagnant,,DocumentAnalysisAgent,
end_to_end,20260417,304,0.0000,2,stagnant,,DocumentAnalysisAgent,
end_to_end,20260417,305,0.0000,2,stagnant,DocumentAnalysisAgent,DocumentAnalysisAgent,0.0000
end_to_end,20260417,306,0.0000,2,stagnant,,DocumentAnalysisAgent,
end_to_end,20260417,307,1.0000,2,complete,,DocumentAnalysisAgent,
end_to_end,20260417,308,1.0000,1,complete,,DocumentAnalysisAgent,
end_to_end,20260417,309,1.0000,1,complete,,DocumentAnalysisAgent,
end_to_end,20260417,310,0.0000,2,stagnant,,DocumentAnalysisAgent,
end_to_end,20260417,311,0.0000,2,stagnant,,DocumentAnalysisAgent,
end_to_end,20260417,312,1.0000,1,complete,SchemaAgent,DocumentAnalysisAgent,1.0000
end_to_end,20260417,313,0.0000,2,stagnant,,DocumentAnalysisAgent,
end_to_end,20260417,314,0.0000,2,stagnant,SchemaAgent,DocumentAnalysisAgent,0.0000
end_to_end,20260417,315,0.0000,2,stagnant,,DocumentAnalysisAgent,
end_to_end,20260417,316,0.0000,2,stagnant,ValidatorAgent,DocumentAnalysisAgent,0.0000
end_to_end,20260417,317,1.0000,2,complete,LogParserAgent,DocumentAnalysisAgent,1.0000
end_to_end,20260417,318,1.0000,1,complete,,DocumentAnalysisAgent,
end_to_end,20260417,319,0.0000,2,stagnant,SchemaAgent,DocumentAnalysisAgent,0.0000
end_to_end,20260417,320,1.0000,1,complete,,DocumentAnalysisAgent,
end_to_end,20260417,321,1.0000,2,complete,,DocumentAnalysisAgent,
end_to_end,20260417,322,1.0000,1,complete,,DocumentAnalysisAgent,
end_to_end,20260417,323,0.0000,2,stagnant,,DocumentAnalysisAgent,
end_to_end,20260417,324,0.0000,2,stagnant,,DocumentAnalysisAgent,
end_to_end,20260417,325,0.0000,2,stagnant,QAAgent,DocumentAnalysisAgent,0.0000
end_to_end,20260417,326,0.0000,2,stagnant,,DocumentAnalysisAgent,
end_to_end,20260417,327,0.0000,2,stagnant,,DocumentAnalysisAgent,
end_to_end,20260417,328,0.0000,2,stagnant,ValidatorAgent,DocumentAnalysisAgent,0.0000
end_to_end,20260417,329,0.0000,2,stagnant,,DocumentAnalysisAgent,
end_to_end,20260417,330,1.0000,1,complete,,DocumentAnalysisAgent,
end_to_end,20260417,331,0.0000,2,stagnant,QAAgent,DocumentAnalysisAgent,0.0000
end_to_end,20260417,332,1.0000,2,complete,,DocumentAnalysisAgent,
end_to_end,20260417,333,1.0000,2,complete,,DocumentAnalysisAgent,
end_to_end,20260417,334,0.0000,2,stagnant,LogParserAgent,DocumentAnalysisAgent,0.0000
end_to_end,20260417,335,0.0000,2,stagnant,,DocumentAnalysisAgent,
end_to_end,20260417,336,0.0000,2,stagnant,,DocumentAnalysisAgent,
end_to_end,20260417,337,0.0000,2,stagnant,ValidatorAgent,DocumentAnalysisAgent,0.0000
end_to_end,20260417,338,0.0000,2,stagnant,ValidatorAgent,DocumentAnalysisAgent,0.0000
end_to_end,20260417,339,0.0000,2,stagnant,,DocumentAnalysisAgent,
end_to_end,20260417,340,0.0000,2,stagnant,DocumentAnalysisAgent,DocumentAnalysisAgent,0.0000
end_to_end,20260417,341,1.0000,1,complete,,DocumentAnalysisAgent,
end_to_end,20260417,342,1.0000,2,complete,,DocumentAnalysisAgent,
end_to_end,20260417,343,0.0000,2,stagnant,,DocumentAnalysisAgent,
end_to_end,20260417,344,0.0000,2,stagnant,QAAgent,DocumentAnalysisAgent,0.0000
end_to_end,20260417,345,0.0000,2,stagnant,,DocumentAnalysisAgent,
end_to_end,20260417,346,0.0000,2,stagnant,,DocumentAnalysisAgent,
end_to_end,20260417,347,0.0000,2,stagnant,,DocumentAnalysisAgent,
end_to_end,20260417,348,0.0000,2,stagnant,,DocumentAnalysisAgent,
end_to_end,20260417,349,0.0000,2,stagnant,ValidatorAgent,DocumentAnalysisAgent,0.0000
end_to_end,20260417,350,0.0000,2,stagnant,LogParserAgent,DocumentAnalysisAgent,0.0000
end_to_end,20260417,351,0.0000,2,stagnant,,DocumentAnalysisAgent,
end_to_end,20260417,352,0.0000,2,stagnant,,DocumentAnalysisAgent,
end_to_end,20260417,353,1.0000,1,complete,,DocumentAnalysisAgent,
end_to_end,20260417,354,0.0000,2,stagnant,,DocumentAnalysisAgent,
end_to_end,20260417,355,0.0000,2,stagnant,SchemaAgent,DocumentAnalysisAgent,0.0000
end_to_end,20260417,356,0.0000,2,stagnant,QAAgent,DocumentAnalysisAgent,0.0000
end_to_end,20260417,357,0.0000,2,stagnant,ValidatorAgent,DocumentAnalysisAgent,0.0000
end_to_end,20260417,358,0.0000,2,stagnant,,DocumentAnalysisAgent,
end_to_end,20260417,359,0.0000,2,stagnant,,DocumentAnalysisAgent,
end_to_end,20260417,360,1.0000,2,complete,,DocumentAnalysisAgent,
end_to_end,20260417,361,1.0000,2,complete,,DocumentAnalysisAgent,
end_to_end,20260417,362,0.0000,2,stagnant,QAAgent,DocumentAnalysisAgent,0.0000
end_to_end,20260417,363,0.0000,2,stagnant,QAAgent,DocumentAnalysisAgent,0.0000
end_to_end,20260417,364,0.0000,2,stagnant,,DocumentAnalysisAgent,
end_to_end,20260417,365,0.0000,2,stagnant,DocumentAnalysisAgent,DocumentAnalysisAgent,0.0000
end_to_end,20260417,366,1.0000,1,complete,,DocumentAnalysisAgent,
end_to_end,20260417,367,0.0000,2,stagnant,BuilderAgent,DocumentAnalysisAgent,0.0000
end_to_end,20260417,368,1.0000,2,complete,,DocumentAnalysisAgent,
end_to_end,20260417,369,0.0000,2,stagnant,,DocumentAnalysisAgent,
end_to_end,20260417,370,0.0000,2,stagnant,QAAgent,DocumentAnalysisAgent,0.0000
end_to_end,20260417,371,0.0000,2,stagnant,,DocumentAnalysisAgent,
end_to_end,20260417,372,0.0000,2,stagnant,,DocumentAnalysisAgent,
end_to_end,20260417,373,0.0000,2,stagnant,,DocumentAnalysisAgent,
end_to_end,20260417,374,0.0000,2,stagnant,,DocumentAnalysisAgent,
end_to_end,20260417,375,0.0000,2,stagnant,SchemaAgent,DocumentAnalysisAgent,0.0000
end_to_end,20260417,376,0.0000,2,stagnant,LogParserAgent,DocumentAnalysisAgent,0.0000
end_to_end,20260417,377,0.0000,2,stagnant,SchemaAgent,DocumentAnalysisAgent,0.0000
end_to_end,20260417,378,0.0000,2,stagnant,QAAgent,DocumentAnalysisAgent,0.0000
end_to_end,20260417,379,0.0000,2,stagnant,LogParserAgent,DocumentAnalysisAgent,0.0000
end_to_end,20260417,380,1.0000,2,complete,,DocumentAnalysisAgent,
end_to_end,20260417,381,0.0000,2,stagnant,,DocumentAnalysisAgent,
end_to_end,20260417,382,1.0000,1,complete,SchemaAgent,DocumentAnalysisAgent,1.0000
end_to_end,20260417,383,0.0000,2,stagnant,ValidatorAgent,DocumentAnalysisAgent,0.0000
end_to_end,20260417,384,0.0000,2,stagnant,ValidatorAgent,DocumentAnalysisAgent,0.0000
end_to_end,20260417,385,0.0000,2,stagnant,LogParserAgent,DocumentAnalysisAgent,0.0000
end_to_end,20260417,386,0.0000,2,stagnant,,DocumentAnalysisAgent,
end_to_end,20260417,387,0.0000,2,stagnant,,DocumentAnalysisAgent,
end_to_end,20260417,388,0.0000,2,stagnant,ValidatorAgent,DocumentAnalysisAgent,0.0000
end_to_end,20260417,389,0.0000,2,stagnant,QAAgent,DocumentAnalysisAgent,0.0000
end_to_end,20260417,390,0.0000,2,stagnant,BuilderAgent,DocumentAnalysisAgent,0.0000
end_to_end,20260417,391,0.0000,2,stagnant,ValidatorAgent,DocumentAnalysisAgent,0.0000
end_to_end,20260417,392,0.0000,2,stagnant,DocumentAnalysisAgent,DocumentAnalysisAgent,0.0000
end_to_end,20260417,393,0.0000,2,stagnant,,DocumentAnalysisAgent,
end_to_end,20260417,394,0.0000,2,stagnant,,DocumentAnalysisAgent,
end_to_end,20260417,395,0.0000,2,stagnant,,DocumentAnalysisAgent,
end_to_end,20260417,396,0.0000,2,stagnant,,DocumentAnalysisAgent,
end_to_end,20260417,397,0.0000,2,stagnant,,DocumentAnalysisAgent,
end_to_end,20260417,398,0.0000,2,stagnant,DocumentAnalysisAgent,DocumentAnalysisAgent,0.0000
end_to_end,20260417,399,0.0000,2,stagnant,,DocumentAnalysisAgent,
end_to_end,20260418,0,0.0000,2,stagnant,,DocumentAnalysisAgent,
end_to_end,20260418,1,0.0000,2,stagnant,,DocumentAnalysisAgent,
end_to_end,20260418,2,1.0000,2,complete,,DocumentAnalysisAgent,
end_to_end,20260418,3,0.0000,2,stagnant,,DocumentAnalysisAgent,
end_to_end,20260418,4,0.0000,2,stagnant,,DocumentAnalysisAgent,
end_to_end,20260418,5,0.0000,2,stagnant,SchemaAgent,DocumentAnalysisAgent,0.0000
end_to_end,20260418,6,1.0000,2,complete,,DocumentAnalysisAgent,
end_to_end,20260418,7,1.0000,2,complete,SchemaAgent,DocumentAnalysisAgent,1.0000
end_to_end,20260418,8,0.0000,2,stagnant,,DocumentAnalysisAgent,
end_to_end,20260418,9,0.0000,2,stagnant,BuilderAgent,DocumentAnalysisAgent,0.0000
end_to_end,20260418,10,0.0000,2,stagnant,,DocumentAnalysisAgent,
end_to_end,20260418,11,0.0000,2,stagnant,QAAgent,DocumentAnalysisAgent,0.0000
end_to_end,20260418,12,0.0000,2,stagnant,QAAgent,DocumentAnalysisAgent,0.0000
end_to_end,20260418,13,0.0000,2,stagnant,,DocumentAnalysisAgent,
end_to_end,20260418,14,0.0000,2,stagnant,QAAgent,DocumentAnalysisAgent,0.0000
end_to_end,20260418,15,0.0000,2,stagnant,SchemaAgent,DocumentAnalysisAgent,0.0000
end_to_end,20260418,16,0.0000,2,stagnant,SchemaAgent,DocumentAnalysisAgent,0.0000
end_to_end,20260418,17,0.0000,2,stagnant,ValidatorAgent,DocumentAnalysisAgent,0.0000
end_to_end,20260418,18,0.0000,2,stagnant,,DocumentAnalysisAgent,
end_to_end,20260418,19,1.0000,2,complete,,DocumentAnalysisAgent,
end_to_end,20260418,20,0.0000,2,stagnant,,DocumentAnalysisAgent,
end_to_end,20260418,21,0.0000,2,stagnant,DocumentAnalysisAgent,DocumentAnalysisAgent,0.0000
end_to_end,20260418,22,0.0000,2,stagnant,ValidatorAgent,DocumentAnalysisAgent,0.0000
end_to_end,20260418,23,1.0000,2,complete,,DocumentAnalysisAgent,
end_to_end,20260418,24,0.0000,2,stagnant,,DocumentAnalysisAgent,
end_to_end,20260418,25,0.0000,2,stagnant,,DocumentAnalysisAgent,
end_to_end,20260418,26,0.0000,2,stagnant,BuilderAgent,DocumentAnalysisAgent,0.0000
end_to_end,20260418,27,0.0000,2,stagnant,,DocumentAnalysisAgent,
end_to_end,20260418,28,0.0000,2,stagnant,,DocumentAnalysisAgent,
end_to_end,20260418,29,1.0000,1,complete,,DocumentAnalysisAgent,
end_to_end,20260418,30,0.0000,2,stagnant,ValidatorAgent,DocumentAnalysisAgent,0.0000
end_to_end,20260418,31,0.0000,2,stagnant,SchemaAgent,DocumentAnalysisAgent,0.0000
end_to_end,20260418,32,0.0000,2,stagnant,BuilderAgent,DocumentAnalysisAgent,0.0000
end_to_end,20260418,33,1.0000,2,complete,BuilderAgent,DocumentAnalysisAgent,1.0000
end_to_end,20260418,34,0.0000,2,stagnant,QAAgent,DocumentAnalysisAgent,0.0000
end_to_end,20260418,35,0.0000,2,stagnant,QAAgent,DocumentAnalysisAgent,0.0000
end_to_end,20260418,36,1.0000,1,complete,,DocumentAnalysisAgent,
end_to_end,20260418,37,0.0000,2,stagnant,LogParserAgent,DocumentAnalysisAgent,0.0000
end_to_end,20260418,38,0.0000,2,stagnant,DocumentAnalysisAgent,DocumentAnalysisAgent,0.0000
end_to_end,20260418,39,0.0000,2,stagnant,,DocumentAnalysisAgent,
end_to_end,20260418,40,0.0000,2,stagnant,BuilderAgent,DocumentAnalysisAgent,0.0000
end_to_end,20260418,41,0.0000,2,stagnant,LogParserAgent,DocumentAnalysisAgent,0.0000
end_to_end,20260418,42,1.0000,1,complete,,DocumentAnalysisAgent,
end_to_end,20260418,43,0.0000,2,stagnant,QAAgent,DocumentAnalysisAgent,0.0000
end_to_end,20260418,44,1.0000,2,complete,,DocumentAnalysisAgent,
end_to_end,20260418,45,0.0000,2,stagnant,,DocumentAnalysisAgent,
end_to_end,20260418,46,0.0000,2,stagnant,LogParserAgent,DocumentAnalysisAgent,0.0000
end_to_end,20260418,47,0.0000,2,stagnant,,DocumentAnalysisAgent,
end_to_end,20260418,48,1.0000,1,complete,,DocumentAnalysisAgent,
end_to_end,20260418,49,0.0000,2,stagnant,,DocumentAnalysisAgent,
end_to_end,20260418,50,0.0000,2,stagnant,,DocumentAnalysisAgent,
end_to_end,20260418,51,0.0000,2,stagnant,,DocumentAnalysisAgent,
end_to_end,20260418,52,0.0000,2,stagnant,LogParserAgent,DocumentAnalysisAgent,0.0000
end_to_end,20260418,53,0.0000,2,stagnant,,DocumentAnalysisAgent,
end_to_end,20260418,54,0.0000,2,stagnant,,DocumentAnalysisAgent,
end_to_end,20260418,55,1.0000,2,complete,,DocumentAnalysisAgent,
end_to_end,20260418,56,0.0000,2,stagnant,,DocumentAnalysisAgent,
end_to_end,20260418,57,0.0000,2,stagnant,SchemaAgent,DocumentAnalysisAgent,0.0000
end_to_end,20260418,58,0.0000,2,stagnant,,DocumentAnalysisAgent,
end_to_end,20260418,59,1.0000,1,complete,,DocumentAnalysisAgent,
end_to_end,20260418,60,1.0000,2,complete,,DocumentAnalysisAgent,
end_to_end,20260418,61,0.0000,2,stagnant,LogParserAgent,DocumentAnalysisAgent,0.0000
end_to_end,20260418,62,0.0000,2,stagnant,BuilderAgent,DocumentAnalysisAgent,0.0000
end_to_end,20260418,63,1.0000,1,complete,,DocumentAnalysisAgent,
end_to_end,20260418,64,0.0000,2,stagnant,SchemaAgent,DocumentAnalysisAgent,0.0000
end_to_end,20260418,65,0.0000,2,stagnant,,DocumentAnalysisAgent,
end_to_end,20260418,66,0.0000,2,stagnant,LogParserAgent,DocumentAnalysisAgent,0.0000
end_to_end,20260418,67,1.0000,1,complete,,DocumentAnalysisAgent,
end_to_end,20260418,68,0.0000,2,stagnant,QAAgent,DocumentAnalysisAgent,0.0000
end_to_end,20260418,69,1.0000,1,complete,,DocumentAnalysisAgent,
end_to_end,20260418,70,0.0000,2,stagnant,,DocumentAnalysisAgent,
end_to_end,20260418,71,0.0000,2,stagnant,BuilderAgent,DocumentAnalysisAgent,0.0000
end_to_end,20260418,72,0.0000,2,stagnant,,DocumentAnalysisAgent,
end_to_end,20260418,73,0.0000,2,stagnant,QAAgent,DocumentAnalysisAgent,0.0000
end_to_end,20260418,74,1.0000,1,complete,ValidatorAgent,DocumentAnalysisAgent,1.0000
end_to_end,20260418,75,0.0000,2,stagnant,,DocumentAnalysisAgent,
end_to_end,20260418,76,1.0000,1,complete,,DocumentAnalysisAgent,
end_to_end,20260418,77,1.0000,2,complete,,DocumentAnalysisAgent,
end_to_end,20260418,78,0.0000,2,stagnant,BuilderAgent,DocumentAnalysisAgent,0.0000
end_to_end,20260418,79,1.0000,2,complete,,DocumentAnalysisAgent,
end_to_end,20260418,80,0.0000,2,stagnant,,DocumentAnalysisAgent,
end_to_end,20260418,81,1.0000,2,complete,,DocumentAnalysisAgent,
end_to_end,20260418,82,0.0000,2,stagnant,,DocumentAnalysisAgent,
end_to_end,20260418,83,0.0000,2,stagnant,ValidatorAgent,DocumentAnalysisAgent,0.0000
end_to_end,20260418,84,0.0000,2,stagnant,,DocumentAnalysisAgent,
end_to_end,20260418,85,0.0000,2,stagnant,DocumentAnalysisAgent,DocumentAnalysisAgent,0.0000
end_to_end,20260418,86,0.0000,2,stagnant,,DocumentAnalysisAgent,
end_to_end,20260418,87,0.0000,2,stagnant,,DocumentAnalysisAgent,
end_to_end,20260418,88,0.0000,2,stagnant,LogParserAgent,DocumentAnalysisAgent,0.0000
end_to_end,20260418,89,0.0000,2,stagnant,,DocumentAnalysisAgent,
end_to_end,20260418,90,0.0000,2,stagnant,,DocumentAnalysisAgent,
end_to_end,20260418,91,1.0000,1,complete,,DocumentAnalysisAgent,
end_to_end,20260418,92,0.0000,2,stagnant,,DocumentAnalysisAgent,
end_to_end,20260418,93,0.0000,2,stagnant,,DocumentAnalysisAgent,
end_to_end,20260418,94,0.0000,2,stagnant,,DocumentAnalysisAgent,
end_to_end,20260418,95,0.0000,2,stagnant,,DocumentAnalysisAgent,
end_to_end,20260418,96,0.0000,2,stagnant,,DocumentAnalysisAgent,
end_to_end,20260418,97,0.0000,2,stagnant,ValidatorAgent,DocumentAnalysisAgent,0.0000
end_to_end,20260418,98,0.0000,2,stagnant,QAAgent,DocumentAnalysisAgent,0.0000
end_to_end,20260418,99,1.0000,2,complete,,DocumentAnalysisAgent,
end_to_end,20260418,100,0.0000,2,stagnant,,DocumentAnalysisAgent,
end_to_end,20260418,101,0.0000,2,stagnant,ValidatorAgent,DocumentAnalysisAgent,0.0000
end_to_end,20260418,102,0.0000,2,stagnant,,DocumentAnalysisAgent,
end_to_end,20260418,103,1.0000,1,complete,,DocumentAnalysisAgent,
end_to_end,20260418,104,0.0000,2,stagnant,,DocumentAnalysisAgent,
end_to_end,20260418,105,1.0000,2,complete,,DocumentAnalysisAgent,
end_to_end,20260418,106,0.0000,2,stagnant,,DocumentAnalysisAgent,
end_to_end,20260418,107,0.0000,2,stagnant,,DocumentAnalysisAgent,
end_to_end,20260418,108,0.0000,2,stagnant,,DocumentAnalysisAgent,
end_to_end,20260418,109,1.0000,1,complete,,DocumentAnalysisAgent,
end_to_end,20260418,110,0.0000,2,stagnant,,DocumentAnalysisAgent,
end_to_end,20260418,111,0.0000,2,stagnant,BuilderAgent,DocumentAnalysisAgent,0.0000
end_to_end,20260418,112,1.0000,1,complete,,DocumentAnalysisAgent,
end_to_end,20260418,113,0.0000,2,stagnant,,DocumentAnalysisAgent,
end_to_end,20260418,114,0.0000,2,stagnant,QAAgent,DocumentAnalysisAgent,0.0000
end_to_end,20260418,115,0.0000,2,stagnant,,DocumentAnalysisAgent,
end_to_end,20260418,116,1.0000,1,complete,,DocumentAnalysisAgent,
end_to_end,20260418,117,0.0000,2,stagnant,,DocumentAnalysisAgent,
end_to_end,20260418,118,0.0000,2,stagnant,ValidatorAgent,DocumentAnalysisAgent,0.0000
end_to_end,20260418,119,0.0000,2,stagnant,,DocumentAnalysisAgent,
end_to_end,20260418,120,0.0000,2,stagnant,,DocumentAnalysisAgent,
end_to_end,20260418,121,0.0000,2,stagnant,SchemaAgent,DocumentAnalysisAgent,0.0000
end_to_end,20260418,122,1.0000,1,complete,SchemaAgent,DocumentAnalysisAgent,1.0000
end_to_end,20260418,123,0.0000,2,stagnant,BuilderAgent,DocumentAnalysisAgent,0.0000
end_to_end,20260418,124,0.0000,2,stagnant,,DocumentAnalysisAgent,
end_to_end,20260418,125,0.0000,2,stagnant,QAAgent,DocumentAnalysisAgent,0.0000
end_to_end,20260418,126,0.0000,2,stagnant,,DocumentAnalysisAgent,
end_to_end,20260418,127,0.0000,2,stagnant,,DocumentAnalysisAgent,
end_to_end,20260418,128,0.0000,2,stagnant,SchemaAgent,DocumentAnalysisAgent,0.0000
end_to_end,20260418,129,1.0000,2,complete,,DocumentAnalysisAgent,
end_to_end,20260418,130,0.0000,2,stagnant,,DocumentAnalysisAgent,
end_to_end,20260418,131,0.0000,2,stagnant,BuilderAgent,DocumentAnalysisAgent,0.0000
end_to_end,20260418,132,0.0000,2,stagnant,,DocumentAnalysisAgent,
end_to_end,20260418,133,0.0000,2,stagnant,QAAgent,DocumentAnalysisAgent,0.0000
end_to_end,20260418,134,0.0000,2,stagnant,LogParserAgent,DocumentAnalysisAgent,0.0000
end_to_end,20260418,135,1.0000,1,complete,,DocumentAnalysisAgent,
end_to_end,20260418,136,0.0000,2,stagnant,,DocumentAnalysisAgent,
end_to_end,20260418,137,0.0000,2,stagnant,,DocumentAnalysisAgent,
end_to_end,20260418,138,0.0000,2,stagnant,,DocumentAnalysisAgent,
end_to_end,20260418,139,0.0000,2,stagnant,DocumentAnalysisAgent,DocumentAnalysisAgent,0.0000
end_to_end,20260418,140,0.0000,2,stagnant,SchemaAgent,DocumentAnalysisAgent,0.0000
end_to_end,20260418,141,0.0000,2,stagnant,LogParserAgent,DocumentAnalysisAgent,0.0000
end_to_end,20260418,142,1.0000,1,complete,,DocumentAnalysisAgent,
end_to_end,20260418,143,1.0000,1,complete,,DocumentAnalysisAgent,
end_to_end,20260418,144,0.0000,2,stagnant,,DocumentAnalysisAgent,
end_to_end,20260418,145,0.0000,2,stagnant,,DocumentAnalysisAgent,
end_to_end,20260418,146,0.0000,2,stagnant,LogParserAgent,DocumentAnalysisAgent,0.0000
end_to_end,20260418,147,1.0000,1,complete,,DocumentAnalysisAgent,
end_to_end,20260418,148,1.0000,1,complete,,DocumentAnalysisAgent,
end_to_end,20260418,149,0.0000,2,stagnant,,DocumentAnalysisAgent,
end_to_end,20260418,150,1.0000,2,complete,,DocumentAnalysisAgent,
end_to_end,20260418,151,0.0000,2,stagnant,,DocumentAnalysisAgent,
end_to_end,20260418,152,0.0000,2,stagnant,BuilderAgent,DocumentAnalysisAgent,0.0000
end_to_end,20260418,153,0.0000,2,stagnant,,DocumentAnalysisAgent,
end_to_end,20260418,154,1.0000,1,complete,,DocumentAnalysisAgent,
end_to_end,20260418,155,1.0000,2,complete,,DocumentAnalysisAgent,
end_to_end,20260418,156,0.0000,2,stagnant,DocumentAnalysisAgent,DocumentAnalysisAgent,0.0000
end_to_end,20260418,157,0.0000,2,stagnant,,DocumentAnalysisAgent,
end_to_end,20260418,158,0.0000,2,stagnant,,DocumentAnalysisAgent,
end_to_end,20260418,159,1.0000,1,complete,,DocumentAnalysisAgent,
end_to_end,20260418,160,1.0000,1,complete,,DocumentAnalysisAgent,
end_to_end,20260418,161,0.0000,2,stagnant,,DocumentAnalysisAgent,
end_to_end,20260418,162,0.0000,2,stagnant,,DocumentAnalysisAgent,
end_to_end,20260418,163,0.0000,2,stagnant,,DocumentAnalysisAgent,
end_to_end,20260418,164,1.0000,1,complete,,DocumentAnalysisAgent,
end_to_end,20260418,165,0.0000,2,stagnant,BuilderAgent,DocumentAnalysisAgent,0.0000
end_to_end,20260418,166,0.0000,2,stagnant,SchemaAgent,DocumentAnalysisAgent,0.0000
end_to_end,20260418,167,0.0000,2,stagnant,BuilderAgent,DocumentAnalysisAgent,0.0000
end_to_end,20260418,168,0.0000,2,stagnant,DocumentAnalysisAgent,DocumentAnalysisAgent,0.0000
end_to_end,20260418,169,0.0000,2,stagnant,,DocumentAnalysisAgent,
end_to_end,20260418,170,0.0000,2,stagnant,BuilderAgent,DocumentAnalysisAgent,0.0000
end_to_end,20260418,171,0.0000,2,stagnant,ValidatorAgent,DocumentAnalysisAgent,0.0000
end_to_end,20260418,172,0.0000,2,stagnant,,DocumentAnalysisAgent,
end_to_end,20260418,173,1.0000,1,complete,,DocumentAnalysisAgent,
end_to_end,20260418,174,0.0000,2,stagnant,ValidatorAgent,DocumentAnalysisAgent,0.0000
end_to_end,20260418,175,0.0000,2,stagnant,,DocumentAnalysisAgent,
end_to_end,20260418,176,0.0000,2,stagnant,LogParserAgent,DocumentAnalysisAgent,0.0000
end_to_end,20260418,177,0.0000,2,stagnant,SchemaAgent,DocumentAnalysisAgent,0.0000
end_to_end,20260418,178,0.0000,2,stagnant,,DocumentAnalysisAgent,
end_to_end,20260418,179,0.0000,2,stagnant,,DocumentAnalysisAgent,
end_to_end,20260418,180,0.0000,2,stagnant,,DocumentAnalysisAgent,
end_to_end,20260418,181,0.0000,2,stagnant,,DocumentAnalysisAgent,
end_to_end,20260418,182,0.0000,2,stagnant,ValidatorAgent,DocumentAnalysisAgent,0.0000
end_to_end,20260418,183,0.0000,2,stagnant,,DocumentAnalysisAgent,
end_to_end,20260418,184,0.0000,2,stagnant,QAAgent,DocumentAnalysisAgent,0.0000
end_to_end,20260418,185,0.0000,2,stagnant,,DocumentAnalysisAgent,
end_to_end,20260418,186,0.0000,2,stagnant,,DocumentAnalysisAgent,
end_to_end,20260418,187,1.0000,2,complete,,DocumentAnalysisAgent,
end_to_end,20260418,188,0.0000,2,stagnant,,DocumentAnalysisAgent,
end_to_end,20260418,189,1.0000,1,complete,,DocumentAnalysisAgent,
end_to_end,20260418,190,0.0000,2,stagnant,,DocumentAnalysisAgent,
end_to_end,20260418,191,0.0000,2,stagnant,LogParserAgent,DocumentAnalysisAgent,0.0000
end_to_end,20260418,192,0.0000,2,stagnant,,DocumentAnalysisAgent,
end_to_end,20260418,193,1.0000,1,complete,,DocumentAnalysisAgent,
end_to_end,20260418,194,0.0000,2,stagnant,QAAgent,DocumentAnalysisAgent,0.0000
end_to_end,20260418,195,1.0000,1,complete,,DocumentAnalysisAgent,
end_to_end,20260418,196,1.0000,1,complete,,DocumentAnalysisAgent,
end_to_end,20260418,197,0.0000,2,stagnant,LogParserAgent,DocumentAnalysisAgent,0.0000
end_to_end,20260418,198,0.0000,2,stagnant,QAAgent,DocumentAnalysisAgent,0.0000
end_to_end,20260418,199,0.0000,2,stagnant,,DocumentAnalysisAgent,
end_to_end,20260418,200,0.0000,2,stagnant,BuilderAgent,DocumentAnalysisAgent,0.0000
end_to_end,20260418,201,0.0000,2,stagnant,QAAgent,DocumentAnalysisAgent,0.0000
end_to_end,20260418,202,0.0000,2,stagnant,,DocumentAnalysisAgent,
end_to_end,20260418,203,0.0000,2,stagnant,,DocumentAnalysisAgent,
end_to_end,20260418,204,0.0000,2,stagnant,,DocumentAnalysisAgent,
end_to_end,20260418,205,0.0000,2,stagnant,SchemaAgent,DocumentAnalysisAgent,0.0000
end_to_end,20260418,206,0.0000,2,stagnant,ValidatorAgent,DocumentAnalysisAgent,0.0000
end_to_end,20260418,207,0.0000,2,stagnant,BuilderAgent,DocumentAnalysisAgent,0.0000
end_to_end,20260418,208,0.0000,2,stagnant,,DocumentAnalysisAgent,
end_to_end,20260418,209,1.0000,1,complete,,DocumentAnalysisAgent,
end_to_end,20260418,210,0.0000,2,stagnant,,DocumentAnalysisAgent,
end_to_end,20260418,211,0.0000,2,stagnant,ValidatorAgent,DocumentAnalysisAgent,0.0000
end_to_end,20260418,212,0.0000,2,stagnant,,DocumentAnalysisAgent,
end_to_end,20260418,213,0.0000,2,stagnant,DocumentAnalysisAgent,DocumentAnalysisAgent,0.0000
end_to_end,20260418,214,0.0000,2,stagnant,,DocumentAnalysisAgent,
end_to_end,20260418,215,1.0000,2,complete,,DocumentAnalysisAgent,
end_to_end,20260418,216,0.0000,2,stagnant,,DocumentAnalysisAgent,
end_to_end,20260418,217,0.0000,2,stagnant,DocumentAnalysisAgent,DocumentAnalysisAgent,0.0000
end_to_end,20260418,218,0.0000,2,stagnant,DocumentAnalysisAgent,DocumentAnalysisAgent,0.0000
end_to_end,20260418,219,1.0000,1,complete,,DocumentAnalysisAgent,
end_to_end,20260418,220,1.0000,2,complete,,DocumentAnalysisAgent,
end_to_end,20260418,221,0.0000,2,stagnant,BuilderAgent,DocumentAnalysisAgent,0.0000
end_to_end,20260418,222,0.0000,2,stagnant,,DocumentAnalysisAgent,
end_to_end,20260418,223,0.0000,2,stagnant,,DocumentAnalysisAgent,
end_to_end,20260418,224,0.0000,2,stagnant,BuilderAgent,DocumentAnalysisAgent,0.0000
end_to_end,20260418,225,0.0000,2,stagnant,DocumentAnalysisAgent,DocumentAnalysisAgent,0.0000
end_to_end,20260418,226,0.0000,2,stagnant,,DocumentAnalysisAgent,
end_to_end,20260418,227,0.0000,2,stagnant,QAAgent,DocumentAnalysisAgent,0.0000
end_to_end,20260418,228,0.0000,2,stagnant,BuilderAgent,DocumentAnalysisAgent,0.0000
end_to_end,20260418,229,0.0000,2,stagnant,QAAgent,DocumentAnalysisAgent,0.0000
end_to_end,20260418,230,1.0000,1,complete,,DocumentAnalysisAgent,
end_to_end,20260418,231,0.0000,2,stagnant,,DocumentAnalysisAgent,
end_to_end,20260418,232,1.0000,1,complete,,DocumentAnalysisAgent,
end_to_end,20260418,233,1.0000,2,complete,,DocumentAnalysisAgent,
end_to_end,20260418,234,0.0000,2,stagnant,,DocumentAnalysisAgent,
end_to_end,20260418,235,1.0000,1,complete,,DocumentAnalysisAgent,
end_to_end,20260418,236,0.0000,2,stagnant,QAAgent,DocumentAnalysisAgent,0.0000
end_to_end,20260418,237,0.0000,2,stagnant,SchemaAgent,DocumentAnalysisAgent,0.0000
end_to_end,20260418,238,0.0000,2,stagnant,DocumentAnalysisAgent,DocumentAnalysisAgent,0.0000
end_to_end,20260418,239,0.0000,2,stagnant,,DocumentAnalysisAgent,
end_to_end,20260418,240,0.0000,2,stagnant,,DocumentAnalysisAgent,
end_to_end,20260418,241,0.0000,2,stagnant,LogParserAgent,DocumentAnalysisAgent,0.0000
end_to_end,20260418,242,0.0000,2,stagnant,,DocumentAnalysisAgent,
end_to_end,20260418,243,1.0000,1,complete,,DocumentAnalysisAgent,
end_to_end,20260418,244,0.0000,2,stagnant,,DocumentAnalysisAgent,
end_to_end,20260418,245,0.0000,2,stagnant,LogParserAgent,DocumentAnalysisAgent,0.0000
end_to_end,20260418,246,0.0000,2,stagnant,,DocumentAnalysisAgent,
end_to_end,20260418,247,0.0000,2,stagnant,LogParserAgent,DocumentAnalysisAgent,0.0000
end_to_end,20260418,248,0.0000,2,stagnant,,DocumentAnalysisAgent,
end_to_end,20260418,249,0.0000,2,stagnant,ValidatorAgent,DocumentAnalysisAgent,0.0000
end_to_end,20260418,250,0.0000,2,stagnant,QAAgent,DocumentAnalysisAgent,0.0000
end_to_end,20260418,251,1.0000,2,complete,,DocumentAnalysisAgent,
end_to_end,20260418,252,0.0000,2,stagnant,BuilderAgent,DocumentAnalysisAgent,0.0000
end_to_end,20260418,253,0.0000,2,stagnant,,DocumentAnalysisAgent,
end_to_end,20260418,254,0.0000,2,stagnant,,DocumentAnalysisAgent,
end_to_end,20260418,255,0.0000,2,stagnant,,DocumentAnalysisAgent,
end_to_end,20260418,256,0.0000,2,stagnant,QAAgent,DocumentAnalysisAgent,0.0000
end_to_end,20260418,257,0.0000,2,stagnant,,DocumentAnalysisAgent,
end_to_end,20260418,258,0.0000,2,stagnant,,DocumentAnalysisAgent,
end_to_end,20260418,259,1.0000,2,complete,,DocumentAnalysisAgent,
end_to_end,20260418,260,0.0000,2,stagnant,,DocumentAnalysisAgent,
end_to_end,20260418,261,0.0000,2,stagnant,,DocumentAnalysisAgent,
end_to_end,20260418,262,0.0000,2,stagnant,,DocumentAnalysisAgent,
end_to_end,20260418,263,0.0000,2,stagnant,,DocumentAnalysisAgent,
end_to_end,20260418,264,1.0000,1,complete,,DocumentAnalysisAgent,
end_to_end,20260418,265,0.0000,2,stagnant,LogParserAgent,DocumentAnalysisAgent,0.0000
end_to_end,20260418,266,0.0000,2,stagnant,SchemaAgent,DocumentAnalysisAgent,0.0000
end_to_end,20260418,267,0.0000,2,stagnant,,DocumentAnalysisAgent,
end_to_end,20260418,268,1.0000,1,complete,,DocumentAnalysisAgent,
end_to_end,20260418,269,0.0000,2,stagnant,,DocumentAnalysisAgent,
end_to_end,20260418,270,0.0000,2,stagnant,,DocumentAnalysisAgent,
end_to_end,20260418,271,0.0000,2,stagnant,BuilderAgent,DocumentAnalysisAgent,0.0000
end_to_end,20260418,272,0.0000,2,stagnant,,DocumentAnalysisAgent,
end_to_end,20260418,273,0.0000,2,stagnant,DocumentAnalysisAgent,DocumentAnalysisAgent,0.0000
end_to_end,20260418,274,0.0000,2,stagnant,QAAgent,DocumentAnalysisAgent,0.0000
end_to_end,20260418,275,0.0000,2,stagnant,QAAgent,DocumentAnalysisAgent,0.0000
end_to_end,20260418,276,0.0000,2,stagnant,BuilderAgent,DocumentAnalysisAgent,0.0000
end_to_end,20260418,277,0.0000,2,stagnant,,DocumentAnalysisAgent,
end_to_end,20260418,278,1.0000,1,complete,,DocumentAnalysisAgent,
end_to_end,20260418,279,0.0000,2,stagnant,,DocumentAnalysisAgent,
end_to_end,20260418,280,0.0000,2,stagnant,DocumentAnalysisAgent,DocumentAnalysisAgent,0.0000
end_to_end,20260418,281,1.0000,2,complete,,DocumentAnalysisAgent,
end_to_end,20260418,282,1.0000,1,complete,,DocumentAnalysisAgent,
end_to_end,20260418,283,1.0000,1,complete,,DocumentAnalysisAgent,
end_to_end,20260418,284,1.0000,1,complete,,DocumentAnalysisAgent,
end_to_end,20260418,285,0.0000,2,stagnant,,DocumentAnalysisAgent,
end_to_end,20260418,286,1.0000,1,complete,QAAgent,DocumentAnalysisAgent,1.0000
end_to_end,20260418,287,0.0000,2,stagnant,ValidatorAgent,DocumentAnalysisAgent,0.0000
end_to_end,20260418,288,0.0000,2,stagnant,,DocumentAnalysisAgent,
end_to_end,20260418,289,0.0000,2,stagnant,,DocumentAnalysisAgent,
end_to_end,20260418,290,1.0000,2,complete,,DocumentAnalysisAgent,
end_to_end,20260418,291,0.0000,2,stagnant,DocumentAnalysisAgent,DocumentAnalysisAgent,0.0000
end_to_end,20260418,292,1.0000,2,complete,,DocumentAnalysisAgent,
end_to_end,20260418,293,0.0000,2,stagnant,,DocumentAnalysisAgent,
end_to_end,20260418,294,0.0000,2,stagnant,SchemaAgent,DocumentAnalysisAgent,0.0000
end_to_end,20260418,295,0.0000,2,stagnant,QAAgent,DocumentAnalysisAgent,0.0000
end_to_end,20260418,296,1.0000,2,complete,,DocumentAnalysisAgent,
end_to_end,20260418,297,0.0000,2,stagnant,QAAgent,DocumentAnalysisAgent,0.0000
end_to_end,20260418,298,0.0000,2,stagnant,BuilderAgent,DocumentAnalysisAgent,0.0000
end_to_end,20260418,299,0.0000,2,stagnant,,DocumentAnalysisAgent,
end_to_end,20260418,300,1.0000,1,complete,,DocumentAnalysisAgent,
end_to_end,20260418,301,0.0000,2,stagnant,SchemaAgent,DocumentAnalysisAgent,0.0000
end_to_end,20260418,302,0.0000,2,stagnant,,DocumentAnalysisAgent,
end_to_end,20260418,303,1.0000,2,complete,,DocumentAnalysisAgent,
end_to_end,20260418,304,1.0000,2,complete,,DocumentAnalysisAgent,
end_to_end,20260418,305,1.0000,1,complete,,DocumentAnalysisAgent,
end_to_end,20260418,306,0.0000,2,stagnant,DocumentAnalysisAgent,DocumentAnalysisAgent,0.0000
end_to_end,20260418,307,1.0000,1,complete,,DocumentAnalysisAgent,
end_to_end,20260418,308,0.0000,2,stagnant,DocumentAnalysisAgent,DocumentAnalysisAgent,0.0000
end_to_end,20260418,309,0.0000,2,stagnant,DocumentAnalysisAgent,DocumentAnalysisAgent,0.0000
end_to_end,20260418,310,0.0000,2,stagnant,,DocumentAnalysisAgent,
end_to_end,20260418,311,0.0000,2,stagnant,,DocumentAnalysisAgent,
end_to_end,20260418,312,1.0000,1,complete,,DocumentAnalysisAgent,
end_to_end,20260418,313,0.0000,2,stagnant,QAAgent,DocumentAnalysisAgent,0.0000
end_to_end,20260418,314,0.0000,2,stagnant,QAAgent,DocumentAnalysisAgent,0.0000
end_to_end,20260418,315,1.0000,1,complete,,DocumentAnalysisAgent,
end_to_end,20260418,316,0.0000,2,stagnant,,DocumentAnalysisAgent,
end_to_end,20260418,317,1.0000,2,complete,,DocumentAnalysisAgent,
end_to_end,20260418,318,0.0000,2,stagnant,,DocumentAnalysisAgent,
end_to_end,20260418,319,0.0000,2,stagnant,,DocumentAnalysisAgent,
end_to_end,20260418,320,0.0000,2,stagnant,,DocumentAnalysisAgent,
end_to_end,20260418,321,0.0000,2,stagnant,,DocumentAnalysisAgent,
end_to_end,20260418,322,1.0000,1,complete,,DocumentAnalysisAgent,
end_to_end,20260418,323,0.0000,2,stagnant,,DocumentAnalysisAgent,
end_to_end,20260418,324,0.0000,2,stagnant,ValidatorAgent,DocumentAnalysisAgent,0.0000
end_to_end,20260418,325,0.0000,2,stagnant,,DocumentAnalysisAgent,
end_to_end,20260418,326,0.0000,2,stagnant,DocumentAnalysisAgent,DocumentAnalysisAgent,0.0000
end_to_end,20260418,327,0.0000,2,stagnant,DocumentAnalysisAgent,DocumentAnalysisAgent,0.0000
end_to_end,20260418,328,1.0000,1,complete,,DocumentAnalysisAgent,
end_to_end,20260418,329,0.0000,2,stagnant,SchemaAgent,DocumentAnalysisAgent,0.0000
end_to_end,20260418,330,0.0000,2,stagnant,,DocumentAnalysisAgent,
end_to_end,20260418,331,1.0000,2,complete,,DocumentAnalysisAgent,
end_to_end,20260418,332,0.0000,2,stagnant,QAAgent,DocumentAnalysisAgent,0.0000
end_to_end,20260418,333,0.0000,2,stagnant,,DocumentAnalysisAgent,
end_to_end,20260418,334,0.0000,2,stagnant,LogParserAgent,DocumentAnalysisAgent,0.0000
end_to_end,20260418,335,0.0000,2,stagnant,,DocumentAnalysisAgent,
end_to_end,20260418,336,0.0000,2,stagnant,,DocumentAnalysisAgent,
end_to_end,20260418,337,1.0000,2,complete,LogParserAgent,DocumentAnalysisAgent,1.0000
end_to_end,20260418,338,0.0000,2,stagnant,BuilderAgent,DocumentAnalysisAgent,0.0000
end_to_end,20260418,339,0.0000,2,stagnant,ValidatorAgent,DocumentAnalysisAgent,0.0000
end_to_end,20260418,340,1.0000,1,complete,ValidatorAgent,DocumentAnalysisAgent,1.0000
end_to_end,20260418,341,0.0000,2,stagnant,,DocumentAnalysisAgent,
end_to_end,20260418,342,1.0000,1,complete,,DocumentAnalysisAgent,
end_to_end,20260418,343,0.0000,2,stagnant,,DocumentAnalysisAgent,
end_to_end,20260418,344,0.0000,2,stagnant,,DocumentAnalysisAgent,
end_to_end,20260418,345,0.0000,2,stagnant,LogParserAgent,DocumentAnalysisAgent,0.0000
end_to_end,20260418,346,0.0000,2,stagnant,DocumentAnalysisAgent,DocumentAnalysisAgent,0.0000
end_to_end,20260418,347,0.0000,2,stagnant,SchemaAgent,DocumentAnalysisAgent,0.0000
end_to_end,20260418,348,0.0000,2,stagnant,,DocumentAnalysisAgent,
end_to_end,20260418,349,0.0000,2,stagnant,,DocumentAnalysisAgent,
end_to_end,20260418,350,0.0000,2,stagnant,,DocumentAnalysisAgent,
end_to_end,20260418,351,0.0000,2,stagnant,,DocumentAnalysisAgent,
end_to_end,20260418,352,0.0000,2,stagnant,LogParserAgent,DocumentAnalysisAgent,0.0000
end_to_end,20260418,353,0.0000,2,stagnant,DocumentAnalysisAgent,DocumentAnalysisAgent,0.0000
end_to_end,20260418,354,0.0000,2,stagnant,,DocumentAnalysisAgent,
end_to_end,20260418,355,0.0000,2,stagnant,SchemaAgent,DocumentAnalysisAgent,0.0000
end_to_end,20260418,356,0.0000,2,stagnant,,DocumentAnalysisAgent,
end_to_end,20260418,357,1.0000,2,complete,,DocumentAnalysisAgent,
end_to_end,20260418,358,0.0000,2,stagnant,ValidatorAgent,DocumentAnalysisAgent,0.0000
end_to_end,20260418,359,0.0000,2,stagnant,,DocumentAnalysisAgent,
end_to_end,20260418,360,0.0000,2,stagnant,,DocumentAnalysisAgent,
end_to_end,20260418,361,0.0000,2,stagnant,,DocumentAnalysisAgent,
end_to_end,20260418,362,0.0000,2,stagnant,DocumentAnalysisAgent,DocumentAnalysisAgent,0.0000
end_to_end,20260418,363,0.0000,2,stagnant,,DocumentAnalysisAgent,
end_to_end,20260418,364,0.0000,2,stagnant,,DocumentAnalysisAgent,
end_to_end,20260418,365,1.0000,2,complete,,DocumentAnalysisAgent,
end_to_end,20260418,366,0.0000,2,stagnant,LogParserAgent,DocumentAnalysisAgent,0.0000
end_to_end,20260418,367,0.0000,2,stagnant,DocumentAnalysisAgent,DocumentAnalysisAgent,0.0000
end_to_end,20260418,368,0.0000,2,stagnant,QAAgent,DocumentAnalysisAgent,0.0000
end_to_end,20260418,369,1.0000,1,complete,,DocumentAnalysisAgent,
end_to_end,20260418,370,0.0000,2,stagnant,,DocumentAnalysisAgent,
end_to_end,20260418,371,0.0000,2,stagnant,,DocumentAnalysisAgent,
end_to_end,20260418,372,1.0000,1,complete,,DocumentAnalysisAgent,
end_to_end,20260418,373,0.0000,2,stagnant,SchemaAgent,DocumentAnalysisAgent,0.0000
end_to_end,20260418,374,0.0000,2,stagnant,,DocumentAnalysisAgent,
end_to_end,20260418,375,1.0000,1,complete,,DocumentAnalysisAgent,
end_to_end,20260418,376,0.0000,2,stagnant,,DocumentAnalysisAgent,
end_to_end,20260418,377,0.0000,2,stagnant,,DocumentAnalysisAgent,
end_to_end,20260418,378,0.0000,2,stagnant,,DocumentAnalysisAgent,
end_to_end,20260418,379,0.0000,2,stagnant,,DocumentAnalysisAgent,
end_to_end,20260418,380,0.0000,2,stagnant,,DocumentAnalysisAgent,
end_to_end,20260418,381,0.0000,2,stagnant,ValidatorAgent,DocumentAnalysisAgent,0.0000
end_to_end,20260418,382,0.0000,2,stagnant,,DocumentAnalysisAgent,
end_to_end,20260418,383,0.0000,2,stagnant,DocumentAnalysisAgent,DocumentAnalysisAgent,0.0000
end_to_end,20260418,384,0.0000,2,stagnant,,DocumentAnalysisAgent,
end_to_end,20260418,385,0.0000,2,stagnant,,DocumentAnalysisAgent,
end_to_end,20260418,386,0.0000,2,stagnant,BuilderAgent,DocumentAnalysisAgent,0.0000
end_to_end,20260418,387,0.0000,2,stagnant,,DocumentAnalysisAgent,
end_to_end,20260418,388,0.0000,2,stagnant,,DocumentAnalysisAgent,
end_to_end,20260418,389,1.0000,2,complete,,DocumentAnalysisAgent,
end_to_end,20260418,390,0.0000,2,stagnant,BuilderAgent,DocumentAnalysisAgent,0.0000
end_to_end,20260418,391,0.0000,2,stagnant,,DocumentAnalysisAgent,
end_to_end,20260418,392,0.0000,2,stagnant,,DocumentAnalysisAgent,
end_to_end,20260418,393,0.0000,2,stagnant,,DocumentAnalysisAgent,
end_to_end,20260418,394,0.0000,2,stagnant,,DocumentAnalysisAgent,
end_to_end,20260418,395,0.0000,2,stagnant,SchemaAgent,DocumentAnalysisAgent,0.0000
end_to_end,20260418,396,1.0000,1,complete,,DocumentAnalysisAgent,
end_to_end,20260418,397,1.0000,1,complete,,DocumentAnalysisAgent,
end_to_end,20260418,398,0.0000,2,stagnant,,DocumentAnalysisAgent,
end_to_end,20260418,399,0.0000,2,stagnant,QAAgent,DocumentAnalysisAgent,0.0000
end_to_end,20260419,0,0.0000,2,stagnant,,DocumentAnalysisAgent,
end_to_end,20260419,1,0.0000,2,stagnant,,DocumentAnalysisAgent,
end_to_end,20260419,2,0.0000,2,stagnant,,DocumentAnalysisAgent,
end_to_end,20260419,3,0.0000,2,stagnant,BuilderAgent,DocumentAnalysisAgent,0.0000
end_to_end,20260419,4,0.0000,2,stagnant,,DocumentAnalysisAgent,
end_to_end,20260419,5,0.0000,2,stagnant,DocumentAnalysisAgent,DocumentAnalysisAgent,0.0000
end_to_end,20260419,6,1.0000,1,complete,,DocumentAnalysisAgent,
end_to_end,20260419,7,0.0000,2,stagnant,,DocumentAnalysisAgent,
end_to_end,20260419,8,0.0000,2,stagnant,,DocumentAnalysisAgent,
end_to_end,20260419,9,1.0000,1,complete,,DocumentAnalysisAgent,
end_to_end,20260419,10,0.0000,2,stagnant,DocumentAnalysisAgent,DocumentAnalysisAgent,0.0000
end_to_end,20260419,11,1.0000,1,complete,,DocumentAnalysisAgent,
end_to_end,20260419,12,1.0000,2,complete,,DocumentAnalysisAgent,
end_to_end,20260419,13,0.0000,2,stagnant,SchemaAgent,DocumentAnalysisAgent,0.0000
end_to_end,20260419,14,0.0000,2,stagnant,,DocumentAnalysisAgent,
end_to_end,20260419,15,1.0000,1,complete,,DocumentAnalysisAgent,
end_to_end,20260419,16,0.0000,2,stagnant,,DocumentAnalysisAgent,
end_to_end,20260419,17,1.0000,2,complete,,DocumentAnalysisAgent,
end_to_end,20260419,18,1.0000,1,complete,,DocumentAnalysisAgent,
end_to_end,20260419,19,0.0000,2,stagnant,ValidatorAgent,DocumentAnalysisAgent,0.0000
end_to_end,20260419,20,0.0000,2,stagnant,,DocumentAnalysisAgent,
end_to_end,20260419,21,0.0000,2,stagnant,,DocumentAnalysisAgent,
end_to_end,20260419,22,0.0000,2,stagnant,,DocumentAnalysisAgent,
end_to_end,20260419,23,1.0000,1,complete,,DocumentAnalysisAgent,
end_to_end,20260419,24,0.0000,2,stagnant,,DocumentAnalysisAgent,
end_to_end,20260419,25,0.0000,2,stagnant,,DocumentAnalysisAgent,
end_to_end,20260419,26,0.0000,2,stagnant,,DocumentAnalysisAgent,
end_to_end,20260419,27,0.0000,2,stagnant,,DocumentAnalysisAgent,
end_to_end,20260419,28,0.0000,2,stagnant,,DocumentAnalysisAgent,
end_to_end,20260419,29,0.0000,2,stagnant,,DocumentAnalysisAgent,
end_to_end,20260419,30,0.0000,2,stagnant,DocumentAnalysisAgent,DocumentAnalysisAgent,0.0000
end_to_end,20260419,31,0.0000,2,stagnant,,DocumentAnalysisAgent,
end_to_end,20260419,32,0.0000,2,stagnant,,DocumentAnalysisAgent,
end_to_end,20260419,33,0.0000,2,stagnant,ValidatorAgent,DocumentAnalysisAgent,0.0000
end_to_end,20260419,34,0.0000,2,stagnant,,DocumentAnalysisAgent,
end_to_end,20260419,35,0.0000,2,stagnant,,DocumentAnalysisAgent,
end_to_end,20260419,36,0.0000,2,stagnant,SchemaAgent,DocumentAnalysisAgent,0.0000
end_to_end,20260419,37,1.0000,2,complete,,DocumentAnalysisAgent,
end_to_end,20260419,38,1.0000,1,complete,,DocumentAnalysisAgent,
end_to_end,20260419,39,0.0000,2,stagnant,DocumentAnalysisAgent,DocumentAnalysisAgent,0.0000
end_to_end,20260419,40,0.0000,2,stagnant,QAAgent,DocumentAnalysisAgent,0.0000
end_to_end,20260419,41,0.0000,2,stagnant,,DocumentAnalysisAgent,
end_to_end,20260419,42,0.0000,2,stagnant,QAAgent,DocumentAnalysisAgent,0.0000
end_to_end,20260419,43,0.0000,2,stagnant,,DocumentAnalysisAgent,
end_to_end,20260419,44,0.0000,2,stagnant,QAAgent,DocumentAnalysisAgent,0.0000
end_to_end,20260419,45,0.0000,2,stagnant,ValidatorAgent,DocumentAnalysisAgent,0.0000
end_to_end,20260419,46,0.0000,2,stagnant,QAAgent,DocumentAnalysisAgent,0.0000
end_to_end,20260419,47,0.0000,2,stagnant,BuilderAgent,DocumentAnalysisAgent,0.0000
end_to_end,20260419,48,0.0000,2,stagnant,ValidatorAgent,DocumentAnalysisAgent,0.0000
end_to_end,20260419,49,0.0000,2,stagnant,LogParserAgent,DocumentAnalysisAgent,0.0000
end_to_end,20260419,50,0.0000,2,stagnant,,DocumentAnalysisAgent,
end_to_end,20260419,51,0.0000,2,stagnant,SchemaAgent,DocumentAnalysisAgent,0.0000
end_to_end,20260419,52,0.0000,2,stagnant,LogParserAgent,DocumentAnalysisAgent,0.0000
end_to_end,20260419,53,0.0000,2,stagnant,SchemaAgent,DocumentAnalysisAgent,0.0000
end_to_end,20260419,54,0.0000,2,stagnant,,DocumentAnalysisAgent,
end_to_end,20260419,55,0.0000,2,stagnant,LogParserAgent,DocumentAnalysisAgent,0.0000
end_to_end,20260419,56,1.0000,1,complete,,DocumentAnalysisAgent,
end_to_end,20260419,57,1.0000,1,complete,,DocumentAnalysisAgent,
end_to_end,20260419,58,0.0000,2,stagnant,,DocumentAnalysisAgent,
end_to_end,20260419,59,0.0000,2,stagnant,DocumentAnalysisAgent,DocumentAnalysisAgent,0.0000
end_to_end,20260419,60,0.0000,2,stagnant,,DocumentAnalysisAgent,
end_to_end,20260419,61,0.0000,2,stagnant,ValidatorAgent,DocumentAnalysisAgent,0.0000
end_to_end,20260419,62,0.0000,2,stagnant,SchemaAgent,DocumentAnalysisAgent,0.0000
end_to_end,20260419,63,0.0000,2,stagnant,DocumentAnalysisAgent,DocumentAnalysisAgent,0.0000
end_to_end,20260419,64,0.0000,2,stagnant,,DocumentAnalysisAgent,
end_to_end,20260419,65,0.0000,2,stagnant,QAAgent,DocumentAnalysisAgent,0.0000
end_to_end,20260419,66,0.0000,2,stagnant,LogParserAgent,DocumentAnalysisAgent,0.0000
end_to_end,20260419,67,0.0000,2,stagnant,DocumentAnalysisAgent,DocumentAnalysisAgent,0.0000
end_to_end,20260419,68,0.0000,2,stagnant,,DocumentAnalysisAgent,
end_to_end,20260419,69,0.0000,2,stagnant,,DocumentAnalysisAgent,
end_to_end,20260419,70,0.0000,2,stagnant,,DocumentAnalysisAgent,
end_to_end,20260419,71,0.0000,2,stagnant,ValidatorAgent,DocumentAnalysisAgent,0.0000
end_to_end,20260419,72,0.0000,2,stagnant,ValidatorAgent,DocumentAnalysisAgent,0.0000
end_to_end,20260419,73,0.0000,2,stagnant,,DocumentAnalysisAgent,
end_to_end,20260419,74,0.0000,2,stagnant,,DocumentAnalysisAgent,
end_to_end,20260419,75,0.0000,2,stagnant,BuilderAgent,DocumentAnalysisAgent,0.0000
end_to_end,20260419,76,1.0000,2,complete,,DocumentAnalysisAgent,
end_to_end,20260419,77,0.0000,2,stagnant,,DocumentAnalysisAgent,
end_to_end,20260419,78,0.0000,2,stagnant,,DocumentAnalysisAgent,
end_to_end,20260419,79,0.0000,2,stagnant,LogParserAgent,DocumentAnalysisAgent,0.0000
end_to_end,20260419,80,0.0000,2,stagnant,,DocumentAnalysisAgent,
end_to_end,20260419,81,0.0000,2,stagnant,,DocumentAnalysisAgent,
end_to_end,20260419,82,0.0000,2,stagnant,,DocumentAnalysisAgent,
end_to_end,20260419,83,0.0000,2,stagnant,SchemaAgent,DocumentAnalysisAgent,0.0000
end_to_end,20260419,84,0.0000,2,stagnant,SchemaAgent,DocumentAnalysisAgent,0.0000
end_to_end,20260419,85,0.0000,2,stagnant,BuilderAgent,DocumentAnalysisAgent,0.0000
end_to_end,20260419,86,0.0000,2,stagnant,,DocumentAnalysisAgent,
end_to_end,20260419,87,0.0000,2,stagnant,,DocumentAnalysisAgent,
end_to_end,20260419,88,0.0000,2,stagnant,BuilderAgent,DocumentAnalysisAgent,0.0000
end_to_end,20260419,89,0.0000,2,stagnant,,DocumentAnalysisAgent,
end_to_end,20260419,90,0.0000,2,stagnant,SchemaAgent,DocumentAnalysisAgent,0.0000
end_to_end,20260419,91,0.0000,2,stagnant,LogParserAgent,DocumentAnalysisAgent,0.0000
end_to_end,20260419,92,0.0000,2,stagnant,DocumentAnalysisAgent,DocumentAnalysisAgent,0.0000
end_to_end,20260419,93,0.0000,2,stagnant,BuilderAgent,DocumentAnalysisAgent,0.0000
end_to_end,20260419,94,0.0000,2,stagnant,,DocumentAnalysisAgent,
end_to_end,20260419,95,0.0000,2,stagnant,ValidatorAgent,DocumentAnalysisAgent,0.0000
end_to_end,20260419,96,1.0000,1,complete,,DocumentAnalysisAgent,
end_to_end,20260419,97,0.0000,2,stagnant,,DocumentAnalysisAgent,
end_to_end,20260419,98,0.0000,2,stagnant,LogParserAgent,DocumentAnalysisAgent,0.0000
end_to_end,20260419,99,1.0000,1,complete,,DocumentAnalysisAgent,
end_to_end,20260419,100,0.0000,2,stagnant,,DocumentAnalysisAgent,
end_to_end,20260419,101,0.0000,2,stagnant,,DocumentAnalysisAgent,
end_to_end,20260419,102,0.0000,2,stagnant,,DocumentAnalysisAgent,
end_to_end,20260419,103,0.0000,2,stagnant,QAAgent,DocumentAnalysisAgent,0.0000
end_to_end,20260419,104,0.0000,2,stagnant,,DocumentAnalysisAgent,
end_to_end,20260419,105,0.0000,2,stagnant,,DocumentAnalysisAgent,
end_to_end,20260419,106,0.0000,2,stagnant,ValidatorAgent,DocumentAnalysisAgent,0.0000
end_to_end,20260419,107,1.0000,1,complete,,DocumentAnalysisAgent,
end_to_end,20260419,108,0.0000,2,stagnant,,DocumentAnalysisAgent,
end_to_end,20260419,109,0.0000,2,stagnant,SchemaAgent,DocumentAnalysisAgent,0.0000
end_to_end,20260419,110,0.0000,2,stagnant,ValidatorAgent,DocumentAnalysisAgent,0.0000
end_to_end,20260419,111,0.0000,2,stagnant,DocumentAnalysisAgent,DocumentAnalysisAgent,0.0000
end_to_end,20260419,112,0.0000,2,stagnant,LogParserAgent,DocumentAnalysisAgent,0.0000
end_to_end,20260419,113,0.0000,2,stagnant,SchemaAgent,DocumentAnalysisAgent,0.0000
end_to_end,20260419,114,0.0000,2,stagnant,,DocumentAnalysisAgent,
end_to_end,20260419,115,0.0000,2,stagnant,,DocumentAnalysisAgent,
end_to_end,20260419,116,1.0000,1,complete,,DocumentAnalysisAgent,
end_to_end,20260419,117,0.0000,2,stagnant,,DocumentAnalysisAgent,
end_to_end,20260419,118,0.0000,2,stagnant,,DocumentAnalysisAgent,
end_to_end,20260419,119,0.0000,2,stagnant,DocumentAnalysisAgent,DocumentAnalysisAgent,0.0000
end_to_end,20260419,120,0.0000,2,stagnant,,DocumentAnalysisAgent,
end_to_end,20260419,121,0.0000,2,stagnant,QAAgent,DocumentAnalysisAgent,0.0000
end_to_end,20260419,122,0.0000,2,stagnant,DocumentAnalysisAgent,DocumentAnalysisAgent,0.0000
end_to_end,20260419,123,1.0000,2,complete,,DocumentAnalysisAgent,
end_to_end,20260419,124,1.0000,2,complete,,DocumentAnalysisAgent,
end_to_end,20260419,125,0.0000,2,stagnant,QAAgent,DocumentAnalysisAgent,0.0000
end_to_end,20260419,126,0.0000,2,stagnant,,DocumentAnalysisAgent,
end_to_end,20260419,127,0.0000,2,stagnant,,DocumentAnalysisAgent,
end_to_end,20260419,128,0.0000,2,stagnant,,DocumentAnalysisAgent,
end_to_end,20260419,129,0.0000,2,stagnant,QAAgent,DocumentAnalysisAgent,0.0000
end_to_end,20260419,130,1.0000,2,complete,,DocumentAnalysisAgent,
end_to_end,20260419,131,0.0000,2,stagnant,BuilderAgent,DocumentAnalysisAgent,0.0000
end_to_end,20260419,132,1.0000,1,complete,DocumentAnalysisAgent,DocumentAnalysisAgent,1.0000
end_to_end,20260419,133,0.0000,2,stagnant,LogParserAgent,DocumentAnalysisAgent,0.0000
end_to_end,20260419,134,0.0000,2,stagnant,DocumentAnalysisAgent,DocumentAnalysisAgent,0.0000
end_to_end,20260419,135,0.0000,2,stagnant,SchemaAgent,DocumentAnalysisAgent,0.0000
end_to_end,20260419,136,0.0000,2,stagnant,,DocumentAnalysisAgent,
end_to_end,20260419,137,0.0000,2,stagnant,QAAgent,DocumentAnalysisAgent,0.0000
end_to_end,20260419,138,0.0000,2,stagnant,LogParserAgent,DocumentAnalysisAgent,0.0000
end_to_end,20260419,139,1.0000,1,complete,,DocumentAnalysisAgent,
end_to_end,20260419,140,0.0000,2,stagnant,SchemaAgent,DocumentAnalysisAgent,0.0000
end_to_end,20260419,141,1.0000,2,complete,,DocumentAnalysisAgent,
end_to_end,20260419,142,0.0000,2,stagnant,BuilderAgent,DocumentAnalysisAgent,0.0000
end_to_end,20260419,143,1.0000,2,complete,,DocumentAnalysisAgent,
end_to_end,20260419,144,1.0000,1,complete,,DocumentAnalysisAgent,
end_to_end,20260419,145,0.0000,2,stagnant,,DocumentAnalysisAgent,
end_to_end,20260419,146,0.0000,2,stagnant,LogParserAgent,DocumentAnalysisAgent,0.0000
end_to_end,20260419,147,1.0000,2,complete,,DocumentAnalysisAgent,
end_to_end,20260419,148,0.0000,2,stagnant,ValidatorAgent,DocumentAnalysisAgent,0.0000
end_to_end,20260419,149,0.0000,2,stagnant,,DocumentAnalysisAgent,
end_to_end,20260419,150,0.0000,2,stagnant,,DocumentAnalysisAgent,
end_to_end,20260419,151,0.0000,2,stagnant,LogParserAgent,DocumentAnalysisAgent,0.0000
end_to_end,20260419,152,0.0000,2,stagnant,DocumentAnalysisAgent,DocumentAnalysisAgent,0.0000
end_to_end,20260419,153,0.0000,2,stagnant,SchemaAgent,DocumentAnalysisAgent,0.0000
end_to_end,20260419,154,0.0000,2,stagnant,,DocumentAnalysisAgent,
end_to_end,20260419,155,0.0000,2,stagnant,,DocumentAnalysisAgent,
end_to_end,20260419,156,0.0000,2,stagnant,LogParserAgent,DocumentAnalysisAgent,0.0000
end_to_end,20260419,157,0.0000,2,stagnant,DocumentAnalysisAgent,DocumentAnalysisAgent,0.0000
end_to_end,20260419,158,0.0000,2,stagnant,DocumentAnalysisAgent,DocumentAnalysisAgent,0.0000
end_to_end,20260419,159,1.0000,1,complete,,DocumentAnalysisAgent,
end_to_end,20260419,160,0.0000,2,stagnant,,DocumentAnalysisAgent,
end_to_end,20260419,161,0.0000,2,stagnant,,DocumentAnalysisAgent,
end_to_end,20260419,162,1.0000,2,complete,,DocumentAnalysisAgent,
end_to_end,20260419,163,0.0000,2,stagnant,,DocumentAnalysisAgent,
end_to_end,20260419,164,0.0000,2,stagnant,DocumentAnalysisAgent,DocumentAnalysisAgent,0.0000
end_to_end,20260419,165,0.0000,2,stagnant,,DocumentAnalysisAgent,
end_to_end,20260419,166,0.0000,2,stagnant,,DocumentAnalysisAgent,
end_to_end,20260419,167,0.0000,2,stagnant,,DocumentAnalysisAgent,
end_to_end,20260419,168,1.0000,1,complete,,DocumentAnalysisAgent,
end_to_end,20260419,169,0.0000,2,stagnant,,DocumentAnalysisAgent,
end_to_end,20260419,170,0.0000,2,stagnant,,DocumentAnalysisAgent,
end_to_end,20260419,171,0.0000,2,stagnant,,DocumentAnalysisAgent,
end_to_end,20260419,172,0.0000,2,stagnant,ValidatorAgent,DocumentAnalysisAgent,0.0000
end_to_end,20260419,173,0.0000,2,stagnant,,DocumentAnalysisAgent,
end_to_end,20260419,174,1.0000,1,complete,,DocumentAnalysisAgent,
end_to_end,20260419,175,0.0000,2,stagnant,SchemaAgent,DocumentAnalysisAgent,0.0000
end_to_end,20260419,176,0.0000,2,stagnant,,DocumentAnalysisAgent,
end_to_end,20260419,177,0.0000,2,stagnant,,DocumentAnalysisAgent,
end_to_end,20260419,178,0.0000,2,stagnant,LogParserAgent,DocumentAnalysisAgent,0.0000
end_to_end,20260419,179,0.0000,2,stagnant,SchemaAgent,DocumentAnalysisAgent,0.0000
end_to_end,20260419,180,0.0000,2,stagnant,LogParserAgent,DocumentAnalysisAgent,0.0000
end_to_end,20260419,181,0.0000,2,stagnant,BuilderAgent,DocumentAnalysisAgent,0.0000
end_to_end,20260419,182,0.0000,2,stagnant,,DocumentAnalysisAgent,
end_to_end,20260419,183,0.0000,2,stagnant,,DocumentAnalysisAgent,
end_to_end,20260419,184,1.0000,1,complete,,DocumentAnalysisAgent,
end_to_end,20260419,185,0.0000,2,stagnant,QAAgent,DocumentAnalysisAgent,0.0000
end_to_end,20260419,186,0.0000,2,stagnant,,DocumentAnalysisAgent,
end_to_end,20260419,187,0.0000,2,stagnant,,DocumentAnalysisAgent,
end_to_end,20260419,188,0.0000,2,stagnant,,DocumentAnalysisAgent,
end_to_end,20260419,189,0.0000,2,stagnant,BuilderAgent,DocumentAnalysisAgent,0.0000
end_to_end,20260419,190,1.0000,1,complete,,DocumentAnalysisAgent,
end_to_end,20260419,191,0.0000,2,stagnant,,DocumentAnalysisAgent,
end_to_end,20260419,192,0.0000,2,stagnant,SchemaAgent,DocumentAnalysisAgent,0.0000
end_to_end,20260419,193,0.0000,2,stagnant,BuilderAgent,DocumentAnalysisAgent,0.0000
end_to_end,20260419,194,0.0000,2,stagnant,,DocumentAnalysisAgent,
end_to_end,20260419,195,0.0000,2,stagnant,,DocumentAnalysisAgent,
end_to_end,20260419,196,1.0000,1,complete,,DocumentAnalysisAgent,
end_to_end,20260419,197,1.0000,2,complete,,DocumentAnalysisAgent,
end_to_end,20260419,198,0.0000,2,stagnant,ValidatorAgent,DocumentAnalysisAgent,0.0000
end_to_end,20260419,199,1.0000,1,complete,,DocumentAnalysisAgent,
end_to_end,20260419,200,0.0000,2,stagnant,QAAgent,DocumentAnalysisAgent,0.0000
end_to_end,20260419,201,1.0000,1,complete,,DocumentAnalysisAgent,
end_to_end,20260419,202,0.0000,2,stagnant,QAAgent,DocumentAnalysisAgent,0.0000
end_to_end,20260419,203,0.0000,2,stagnant,,DocumentAnalysisAgent,
end_to_end,20260419,204,0.0000,2,stagnant,,DocumentAnalysisAgent,
end_to_end,20260419,205,0.0000,2,stagnant,ValidatorAgent,DocumentAnalysisAgent,0.0000
end_to_end,20260419,206,1.0000,2,complete,,DocumentAnalysisAgent,
end_to_end,20260419,207,0.0000,2,stagnant,DocumentAnalysisAgent,DocumentAnalysisAgent,0.0000
end_to_end,20260419,208,0.0000,2,stagnant,,DocumentAnalysisAgent,
end_to_end,20260419,209,0.0000,2,stagnant,,DocumentAnalysisAgent,
end_to_end,20260419,210,0.0000,2,stagnant,,DocumentAnalysisAgent,
end_to_end,20260419,211,1.0000,1,complete,,DocumentAnalysisAgent,
end_to_end,20260419,212,0.0000,2,stagnant,DocumentAnalysisAgent,DocumentAnalysisAgent,0.0000
end_to_end,20260419,213,0.0000,2,stagnant,,DocumentAnalysisAgent,
end_to_end,20260419,214,0.0000,2,stagnant,,DocumentAnalysisAgent,
end_to_end,20260419,215,0.0000,2,stagnant,,DocumentAnalysisAgent,
end_to_end,20260419,216,1.0000,1,complete,SchemaAgent,DocumentAnalysisAgent,1.0000
end_to_end,20260419,217,0.0000,2,stagnant,ValidatorAgent,DocumentAnalysisAgent,0.0000
end_to_end,20260419,218,0.0000,2,stagnant,,DocumentAnalysisAgent,
end_to_end,20260419,219,0.0000,2,stagnant,QAAgent,DocumentAnalysisAgent,0.0000
end_to_end,20260419,220,0.0000,2,stagnant,,DocumentAnalysisAgent,
end_to_end,20260419,221,0.0000,2,stagnant,,DocumentAnalysisAgent,
end_to_end,20260419,222,0.0000,2,stagnant,,DocumentAnalysisAgent,
end_to_end,20260419,223,0.0000,2,stagnant,,DocumentAnalysisAgent,
end_to_end,20260419,224,1.0000,1,complete,DocumentAnalysisAgent,DocumentAnalysisAgent,1.0000
end_to_end,20260419,225,1.0000,2,complete,,DocumentAnalysisAgent,
end_to_end,20260419,226,0.0000,2,stagnant,,DocumentAnalysisAgent,
end_to_end,20260419,227,0.0000,2,stagnant,QAAgent,DocumentAnalysisAgent,0.0000
end_to_end,20260419,228,0.0000,2,stagnant,,DocumentAnalysisAgent,
end_to_end,20260419,229,1.0000,2,complete,,DocumentAnalysisAgent,
end_to_end,20260419,230,0.0000,2,stagnant,ValidatorAgent,DocumentAnalysisAgent,0.0000
end_to_end,20260419,231,0.0000,2,stagnant,,DocumentAnalysisAgent,
end_to_end,20260419,232,0.0000,2,stagnant,ValidatorAgent,DocumentAnalysisAgent,0.0000
end_to_end,20260419,233,0.0000,2,stagnant,,DocumentAnalysisAgent,
end_to_end,20260419,234,0.0000,2,stagnant,,DocumentAnalysisAgent,
end_to_end,20260419,235,0.0000,2,stagnant,DocumentAnalysisAgent,DocumentAnalysisAgent,0.0000
end_to_end,20260419,236,0.0000,2,stagnant,,DocumentAnalysisAgent,
end_to_end,20260419,237,0.0000,2,stagnant,,DocumentAnalysisAgent,
end_to_end,20260419,238,0.0000,2,stagnant,,DocumentAnalysisAgent,
end_to_end,20260419,239,0.0000,2,stagnant,ValidatorAgent,DocumentAnalysisAgent,0.0000
end_to_end,20260419,240,1.0000,2,complete,,DocumentAnalysisAgent,
end_to_end,20260419,241,1.0000,1,complete,,DocumentAnalysisAgent,
end_to_end,20260419,242,0.0000,2,stagnant,,DocumentAnalysisAgent,
end_to_end,20260419,243,0.0000,2,stagnant,,DocumentAnalysisAgent,
end_to_end,20260419,244,1.0000,1,complete,,DocumentAnalysisAgent,
end_to_end,20260419,245,0.0000,2,stagnant,,DocumentAnalysisAgent,
end_to_end,20260419,246,0.0000,2,stagnant,,DocumentAnalysisAgent,
end_to_end,20260419,247,0.0000,2,stagnant,,DocumentAnalysisAgent,
end_to_end,20260419,248,0.0000,2,stagnant,BuilderAgent,DocumentAnalysisAgent,0.0000
end_to_end,20260419,249,0.0000,2,stagnant,SchemaAgent,DocumentAnalysisAgent,0.0000
end_to_end,20260419,250,0.0000,2,stagnant,BuilderAgent,DocumentAnalysisAgent,0.0000
end_to_end,20260419,251,0.0000,2,stagnant,,DocumentAnalysisAgent,
end_to_end,20260419,252,0.0000,2,stagnant,BuilderAgent,DocumentAnalysisAgent,0.0000
end_to_end,20260419,253,1.0000,2,complete,,DocumentAnalysisAgent,
end_to_end,20260419,254,0.0000,2,stagnant,,DocumentAnalysisAgent,
end_to_end,20260419,255,0.0000,2,stagnant,ValidatorAgent,DocumentAnalysisAgent,0.0000
end_to_end,20260419,256,0.0000,2,stagnant,QAAgent,DocumentAnalysisAgent,0.0000
end_to_end,20260419,257,0.0000,2,stagnant,QAAgent,DocumentAnalysisAgent,0.0000
end_to_end,20260419,258,1.0000,1,complete,,DocumentAnalysisAgent,
end_to_end,20260419,259,0.0000,2,stagnant,QAAgent,DocumentAnalysisAgent,0.0000
end_to_end,20260419,260,0.0000,2,stagnant,,DocumentAnalysisAgent,
end_to_end,20260419,261,0.0000,2,stagnant,,DocumentAnalysisAgent,
end_to_end,20260419,262,0.0000,2,stagnant,QAAgent,DocumentAnalysisAgent,0.0000
end_to_end,20260419,263,1.0000,2,complete,,DocumentAnalysisAgent,
end_to_end,20260419,264,0.0000,2,stagnant,,DocumentAnalysisAgent,
end_to_end,20260419,265,0.0000,2,stagnant,DocumentAnalysisAgent,DocumentAnalysisAgent,0.0000
end_to_end,20260419,266,1.0000,1,complete,,DocumentAnalysisAgent,
end_to_end,20260419,267,1.0000,2,complete,,DocumentAnalysisAgent,
end_to_end,20260419,268,0.0000,2,stagnant,,DocumentAnalysisAgent,
end_to_end,20260419,269,1.0000,2,complete,,DocumentAnalysisAgent,
end_to_end,20260419,270,0.0000,2,stagnant,DocumentAnalysisAgent,DocumentAnalysisAgent,0.0000
end_to_end,20260419,271,0.0000,2,stagnant,,DocumentAnalysisAgent,
end_to_end,20260419,272,0.0000,2,stagnant,,DocumentAnalysisAgent,
end_to_end,20260419,273,1.0000,2,complete,,DocumentAnalysisAgent,
end_to_end,20260419,274,0.0000,2,stagnant,DocumentAnalysisAgent,DocumentAnalysisAgent,0.0000
end_to_end,20260419,275,0.0000,2,stagnant,BuilderAgent,DocumentAnalysisAgent,0.0000
end_to_end,20260419,276,0.0000,2,stagnant,ValidatorAgent,DocumentAnalysisAgent,0.0000
end_to_end,20260419,277,0.0000,2,stagnant,,DocumentAnalysisAgent,
end_to_end,20260419,278,0.0000,2,stagnant,,DocumentAnalysisAgent,
end_to_end,20260419,279,0.0000,2,stagnant,DocumentAnalysisAgent,DocumentAnalysisAgent,0.0000
end_to_end,20260419,280,0.0000,2,stagnant,,DocumentAnalysisAgent,
end_to_end,20260419,281,0.0000,2,stagnant,BuilderAgent,DocumentAnalysisAgent,0.0000
end_to_end,20260419,282,0.0000,2,stagnant,ValidatorAgent,DocumentAnalysisAgent,0.0000
end_to_end,20260419,283,0.0000,2,stagnant,,DocumentAnalysisAgent,
end_to_end,20260419,284,0.0000,2,stagnant,,DocumentAnalysisAgent,
end_to_end,20260419,285,0.0000,2,stagnant,LogParserAgent,DocumentAnalysisAgent,0.0000
end_to_end,20260419,286,0.0000,2,stagnant,LogParserAgent,DocumentAnalysisAgent,0.0000
end_to_end,20260419,287,0.0000,2,stagnant,BuilderAgent,DocumentAnalysisAgent,0.0000
end_to_end,20260419,288,1.0000,1,complete,,DocumentAnalysisAgent,
end_to_end,20260419,289,0.0000,2,stagnant,QAAgent,DocumentAnalysisAgent,0.0000
end_to_end,20260419,290,1.0000,1,complete,,DocumentAnalysisAgent,
end_to_end,20260419,291,1.0000,1,complete,,DocumentAnalysisAgent,
end_to_end,20260419,292,1.0000,1,complete,,DocumentAnalysisAgent,
end_to_end,20260419,293,0.0000,2,stagnant,ValidatorAgent,DocumentAnalysisAgent,0.0000
end_to_end,20260419,294,0.0000,2,stagnant,LogParserAgent,DocumentAnalysisAgent,0.0000
end_to_end,20260419,295,0.0000,2,stagnant,,DocumentAnalysisAgent,
end_to_end,20260419,296,0.0000,2,stagnant,LogParserAgent,DocumentAnalysisAgent,0.0000
end_to_end,20260419,297,1.0000,1,complete,,DocumentAnalysisAgent,
end_to_end,20260419,298,0.0000,2,stagnant,,DocumentAnalysisAgent,
end_to_end,20260419,299,0.0000,2,stagnant,QAAgent,DocumentAnalysisAgent,0.0000
end_to_end,20260419,300,1.0000,2,complete,,DocumentAnalysisAgent,
end_to_end,20260419,301,1.0000,1,complete,,DocumentAnalysisAgent,
end_to_end,20260419,302,0.0000,2,stagnant,,DocumentAnalysisAgent,
end_to_end,20260419,303,0.0000,2,stagnant,LogParserAgent,DocumentAnalysisAgent,0.0000
end_to_end,20260419,304,0.0000,2,stagnant,,DocumentAnalysisAgent,
end_to_end,20260419,305,0.0000,2,stagnant,ValidatorAgent,DocumentAnalysisAgent,0.0000
end_to_end,20260419,306,0.0000,2,stagnant,ValidatorAgent,DocumentAnalysisAgent,0.0000
end_to_end,20260419,307,0.0000,2,stagnant,ValidatorAgent,DocumentAnalysisAgent,0.0000
end_to_end,20260419,308,1.0000,1,complete,,DocumentAnalysisAgent,
end_to_end,20260419,309,0.0000,2,stagnant,,DocumentAnalysisAgent,
end_to_end,20260419,310,0.0000,2,stagnant,,DocumentAnalysisAgent,
end_to_end,20260419,311,0.0000,2,stagnant,QAAgent,DocumentAnalysisAgent,0.0000
end_to_end,20260419,312,1.0000,1,complete,,DocumentAnalysisAgent,
end_to_end,20260419,313,0.0000,2,stagnant,,DocumentAnalysisAgent,
end_to_end,20260419,314,0.0000,2,stagnant,,DocumentAnalysisAgent,
end_to_end,20260419,315,0.0000,2,stagnant,SchemaAgent,DocumentAnalysisAgent,0.0000
end_to_end,20260419,316,1.0000,1,complete,,DocumentAnalysisAgent,
end_to_end,20260419,317,0.0000,2,stagnant,,DocumentAnalysisAgent,
end_to_end,20260419,318,1.0000,1,complete,,DocumentAnalysisAgent,
end_to_end,20260419,319,0.0000,2,stagnant,,DocumentAnalysisAgent,
end_to_end,20260419,320,0.0000,2,stagnant,,DocumentAnalysisAgent,
end_to_end,20260419,321,0.0000,2,stagnant,,DocumentAnalysisAgent,
end_to_end,20260419,322,0.0000,2,stagnant,,DocumentAnalysisAgent,
end_to_end,20260419,323,0.0000,2,stagnant,,DocumentAnalysisAgent,
end_to_end,20260419,324,0.0000,2,stagnant,,DocumentAnalysisAgent,
end_to_end,20260419,325,0.0000,2,stagnant,,DocumentAnalysisAgent,
end_to_end,20260419,326,0.0000,2,stagnant,,DocumentAnalysisAgent,
end_to_end,20260419,327,0.0000,2,stagnant,QAAgent,DocumentAnalysisAgent,0.0000
end_to_end,20260419,328,0.0000,2,stagnant,,DocumentAnalysisAgent,
end_to_end,20260419,329,0.0000,2,stagnant,,DocumentAnalysisAgent,
end_to_end,20260419,330,1.0000,2,complete,,DocumentAnalysisAgent,
end_to_end,20260419,331,1.0000,1,complete,,DocumentAnalysisAgent,
end_to_end,20260419,332,0.0000,2,stagnant,,DocumentAnalysisAgent,
end_to_end,20260419,333,1.0000,2,complete,,DocumentAnalysisAgent,
end_to_end,20260419,334,1.0000,2,complete,,DocumentAnalysisAgent,
end_to_end,20260419,335,0.0000,2,stagnant,ValidatorAgent,DocumentAnalysisAgent,0.0000
end_to_end,20260419,336,1.0000,1,complete,,DocumentAnalysisAgent,
end_to_end,20260419,337,0.0000,2,stagnant,DocumentAnalysisAgent,DocumentAnalysisAgent,0.0000
end_to_end,20260419,338,0.0000,2,stagnant,,DocumentAnalysisAgent,
end_to_end,20260419,339,0.0000,2,stagnant,,DocumentAnalysisAgent,
end_to_end,20260419,340,0.0000,2,stagnant,LogParserAgent,DocumentAnalysisAgent,0.0000
end_to_end,20260419,341,0.0000,2,stagnant,,DocumentAnalysisAgent,
end_to_end,20260419,342,0.0000,2,stagnant,ValidatorAgent,DocumentAnalysisAgent,0.0000
end_to_end,20260419,343,1.0000,2,complete,,DocumentAnalysisAgent,
end_to_end,20260419,344,0.0000,2,stagnant,ValidatorAgent,DocumentAnalysisAgent,0.0000
end_to_end,20260419,345,1.0000,2,complete,,DocumentAnalysisAgent,
end_to_end,20260419,346,0.0000,2,stagnant,QAAgent,DocumentAnalysisAgent,0.0000
end_to_end,20260419,347,0.0000,2,stagnant,,DocumentAnalysisAgent,
end_to_end,20260419,348,1.0000,2,complete,,DocumentAnalysisAgent,
end_to_end,20260419,349,0.0000,2,stagnant,QAAgent,DocumentAnalysisAgent,0.0000
end_to_end,20260419,350,0.0000,2,stagnant,BuilderAgent,DocumentAnalysisAgent,0.0000
end_to_end,20260419,351,0.0000,2,stagnant,LogParserAgent,DocumentAnalysisAgent,0.0000
end_to_end,20260419,352,1.0000,2,complete,,DocumentAnalysisAgent,
end_to_end,20260419,353,0.0000,2,stagnant,,DocumentAnalysisAgent,
end_to_end,20260419,354,0.0000,2,stagnant,,DocumentAnalysisAgent,
end_to_end,20260419,355,0.0000,2,stagnant,,DocumentAnalysisAgent,
end_to_end,20260419,356,0.0000,2,stagnant,,DocumentAnalysisAgent,
end_to_end,20260419,357,0.0000,2,stagnant,,DocumentAnalysisAgent,
end_to_end,20260419,358,0.0000,2,stagnant,,DocumentAnalysisAgent,
end_to_end,20260419,359,0.0000,2,stagnant,LogParserAgent,DocumentAnalysisAgent,0.0000
end_to_end,20260419,360,0.0000,2,stagnant,,DocumentAnalysisAgent,
end_to_end,20260419,361,1.0000,1,complete,,DocumentAnalysisAgent,
end_to_end,20260419,362,0.0000,2,stagnant,SchemaAgent,DocumentAnalysisAgent,0.0000
end_to_end,20260419,363,0.0000,2,stagnant,DocumentAnalysisAgent,DocumentAnalysisAgent,0.0000
end_to_end,20260419,364,1.0000,1,complete,,DocumentAnalysisAgent,
end_to_end,20260419,365,1.0000,1,complete,BuilderAgent,DocumentAnalysisAgent,1.0000
end_to_end,20260419,366,0.0000,2,stagnant,,DocumentAnalysisAgent,
end_to_end,20260419,367,0.0000,2,stagnant,DocumentAnalysisAgent,DocumentAnalysisAgent,0.0000
end_to_end,20260419,368,0.0000,2,stagnant,ValidatorAgent,DocumentAnalysisAgent,0.0000
end_to_end,20260419,369,0.0000,2,stagnant,QAAgent,DocumentAnalysisAgent,0.0000
end_to_end,20260419,370,0.0000,2,stagnant,,DocumentAnalysisAgent,
end_to_end,20260419,371,0.0000,2,stagnant,,DocumentAnalysisAgent,
end_to_end,20260419,372,0.0000,2,stagnant,ValidatorAgent,DocumentAnalysisAgent,0.0000
end_to_end,20260419,373,1.0000,1,complete,,DocumentAnalysisAgent,
end_to_end,20260419,374,0.0000,2,stagnant,,DocumentAnalysisAgent,
end_to_end,20260419,375,0.0000,2,stagnant,,DocumentAnalysisAgent,
end_to_end,20260419,376,0.0000,2,stagnant,DocumentAnalysisAgent,DocumentAnalysisAgent,0.0000
end_to_end,20260419,377,0.0000,2,stagnant,,DocumentAnalysisAgent,
end_to_end,20260419,378,0.0000,2,stagnant,SchemaAgent,DocumentAnalysisAgent,0.0000
end_to_end,20260419,379,0.0000,2,stagnant,DocumentAnalysisAgent,DocumentAnalysisAgent,0.0000
end_to_end,20260419,380,0.0000,2,stagnant,,DocumentAnalysisAgent,
end_to_end,20260419,381,0.0000,2,stagnant,,DocumentAnalysisAgent,
end_to_end,20260419,382,0.0000,2,stagnant,,DocumentAnalysisAgent,
end_to_end,20260419,383,0.0000,2,stagnant,ValidatorAgent,DocumentAnalysisAgent,0.0000
end_to_end,20260419,384,1.0000,1,complete,,DocumentAnalysisAgent,
end_to_end,20260419,385,0.0000,2,stagnant,SchemaAgent,DocumentAnalysisAgent,0.0000
end_to_end,20260419,386,1.0000,1,complete,,DocumentAnalysisAgent,
end_to_end,20260419,387,1.0000,2,complete,,DocumentAnalysisAgent,
end_to_end,20260419,388,0.0000,2,stagnant,ValidatorAgent,DocumentAnalysisAgent,0.0000
end_to_end,20260419,389,0.0000,2,stagnant,,DocumentAnalysisAgent,
end_to_end,20260419,390,0.0000,2,stagnant,BuilderAgent,DocumentAnalysisAgent,0.0000
end_to_end,20260419,391,1.0000,1,complete,,DocumentAnalysisAgent,
end_to_end,20260419,392,0.0000,2,stagnant,,DocumentAnalysisAgent,
end_to_end,20260419,393,0.0000,2,stagnant,ValidatorAgent,DocumentAnalysisAgent,0.0000
end_to_end,20260419,394,0.0000,2,stagnant,,DocumentAnalysisAgent,
end_to_end,20260419,395,0.0000,2,stagnant,,DocumentAnalysisAgent,
end_to_end,20260419,396,1.0000,1,complete,,DocumentAnalysisAgent,
end_to_end,20260419,397,1.0000,2,complete,,DocumentAnalysisAgent,
end_to_end,20260419,398,1.0000,1,complete,,DocumentAnalysisAgent,
end_to_end,20260419,399,0.0000,2,stagnant,BuilderAgent,DocumentAnalysisAgent,0.0000
end_to_end,20260420,0,0.0000,2,stagnant,QAAgent,DocumentAnalysisAgent,0.0000
end_to_end,20260420,1,0.0000,2,stagnant,,DocumentAnalysisAgent,
end_to_end,20260420,2,1.0000,2,complete,,DocumentAnalysisAgent,
end_to_end,20260420,3,0.0000,2,stagnant,,DocumentAnalysisAgent,
end_to_end,20260420,4,0.0000,2,stagnant,,DocumentAnalysisAgent,
end_to_end,20260420,5,0.0000,2,stagnant,,DocumentAnalysisAgent,
end_to_end,20260420,6,0.0000,2,stagnant,,DocumentAnalysisAgent,
end_to_end,20260420,7,0.0000,2,stagnant,QAAgent,DocumentAnalysisAgent,0.0000
end_to_end,20260420,8,0.0000,2,stagnant,BuilderAgent,DocumentAnalysisAgent,0.0000
end_to_end,20260420,9,0.0000,2,stagnant,SchemaAgent,DocumentAnalysisAgent,0.0000
end_to_end,20260420,10,1.0000,1,complete,,DocumentAnalysisAgent,
end_to_end,20260420,11,0.0000,2,stagnant,ValidatorAgent,DocumentAnalysisAgent,0.0000
end_to_end,20260420,12,1.0000,1,complete,,DocumentAnalysisAgent,
end_to_end,20260420,13,0.0000,2,stagnant,BuilderAgent,DocumentAnalysisAgent,0.0000
end_to_end,20260420,14,0.0000,2,stagnant,ValidatorAgent,DocumentAnalysisAgent,0.0000
end_to_end,20260420,15,0.0000,2,stagnant,LogParserAgent,DocumentAnalysisAgent,0.0000
end_to_end,20260420,16,1.0000,2,complete,,DocumentAnalysisAgent,
end_to_end,20260420,17,0.0000,2,stagnant,,DocumentAnalysisAgent,
end_to_end,20260420,18,1.0000,1,complete,,DocumentAnalysisAgent,
end_to_end,20260420,19,0.0000,2,stagnant,,DocumentAnalysisAgent,
end_to_end,20260420,20,0.0000,2,stagnant,,DocumentAnalysisAgent,
end_to_end,20260420,21,0.0000,2,stagnant,DocumentAnalysisAgent,DocumentAnalysisAgent,0.0000
end_to_end,20260420,22,0.0000,2,stagnant,SchemaAgent,DocumentAnalysisAgent,0.0000
end_to_end,20260420,23,0.0000,2,stagnant,LogParserAgent,DocumentAnalysisAgent,0.0000
end_to_end,20260420,24,1.0000,2,complete,,DocumentAnalysisAgent,
end_to_end,20260420,25,0.0000,2,stagnant,LogParserAgent,DocumentAnalysisAgent,0.0000
end_to_end,20260420,26,1.0000,2,complete,,DocumentAnalysisAgent,
end_to_end,20260420,27,1.0000,2,complete,,DocumentAnalysisAgent,
end_to_end,20260420,28,0.0000,2,stagnant,ValidatorAgent,DocumentAnalysisAgent,0.0000
end_to_end,20260420,29,0.0000,2,stagnant,,DocumentAnalysisAgent,
end_to_end,20260420,30,0.0000,2,stagnant,,DocumentAnalysisAgent,
end_to_end,20260420,31,0.0000,2,stagnant,BuilderAgent,DocumentAnalysisAgent,0.0000
end_to_end,20260420,32,0.0000,2,stagnant,ValidatorAgent,DocumentAnalysisAgent,0.0000
end_to_end,20260420,33,0.0000,2,stagnant,BuilderAgent,DocumentAnalysisAgent,0.0000
end_to_end,20260420,34,0.0000,2,stagnant,,DocumentAnalysisAgent,
end_to_end,20260420,35,0.0000,2,stagnant,,DocumentAnalysisAgent,
end_to_end,20260420,36,1.0000,2,complete,,DocumentAnalysisAgent,
end_to_end,20260420,37,0.0000,2,stagnant,BuilderAgent,DocumentAnalysisAgent,0.0000
end_to_end,20260420,38,0.0000,2,stagnant,,DocumentAnalysisAgent,
end_to_end,20260420,39,0.0000,2,stagnant,DocumentAnalysisAgent,DocumentAnalysisAgent,0.0000
end_to_end,20260420,40,0.0000,2,stagnant,BuilderAgent,DocumentAnalysisAgent,0.0000
end_to_end,20260420,41,0.0000,2,stagnant,ValidatorAgent,DocumentAnalysisAgent,0.0000
end_to_end,20260420,42,0.0000,2,stagnant,DocumentAnalysisAgent,DocumentAnalysisAgent,0.0000
end_to_end,20260420,43,0.0000,2,stagnant,,DocumentAnalysisAgent,
end_to_end,20260420,44,1.0000,1,complete,,DocumentAnalysisAgent,
end_to_end,20260420,45,0.0000,2,stagnant,QAAgent,DocumentAnalysisAgent,0.0000
end_to_end,20260420,46,0.0000,2,stagnant,DocumentAnalysisAgent,DocumentAnalysisAgent,0.0000
end_to_end,20260420,47,0.0000,2,stagnant,LogParserAgent,DocumentAnalysisAgent,0.0000
end_to_end,20260420,48,0.0000,2,stagnant,BuilderAgent,DocumentAnalysisAgent,0.0000
end_to_end,20260420,49,1.0000,1,complete,,DocumentAnalysisAgent,
end_to_end,20260420,50,1.0000,1,complete,,DocumentAnalysisAgent,
end_to_end,20260420,51,0.0000,2,stagnant,LogParserAgent,DocumentAnalysisAgent,0.0000
end_to_end,20260420,52,0.0000,2,stagnant,,DocumentAnalysisAgent,
end_to_end,20260420,53,0.0000,2,stagnant,,DocumentAnalysisAgent,
end_to_end,20260420,54,0.0000,2,stagnant,,DocumentAnalysisAgent,
end_to_end,20260420,55,0.0000,2,stagnant,,DocumentAnalysisAgent,
end_to_end,20260420,56,1.0000,1,complete,,DocumentAnalysisAgent,
end_to_end,20260420,57,0.0000,2,stagnant,,DocumentAnalysisAgent,
end_to_end,20260420,58,1.0000,1,complete,,DocumentAnalysisAgent,
end_to_end,20260420,59,0.0000,2,stagnant,,DocumentAnalysisAgent,
end_to_end,20260420,60,0.0000,2,stagnant,ValidatorAgent,DocumentAnalysisAgent,0.0000
end_to_end,20260420,61,0.0000,2,stagnant,,DocumentAnalysisAgent,
end_to_end,20260420,62,0.0000,2,stagnant,LogParserAgent,DocumentAnalysisAgent,0.0000
end_to_end,20260420,63,0.0000,2,stagnant,DocumentAnalysisAgent,DocumentAnalysisAgent,0.0000
end_to_end,20260420,64,0.0000,2,stagnant,,DocumentAnalysisAgent,
end_to_end,20260420,65,0.0000,2,stagnant,,DocumentAnalysisAgent,
end_to_end,20260420,66,1.0000,2,complete,,DocumentAnalysisAgent,
end_to_end,20260420,67,0.0000,2,stagnant,QAAgent,DocumentAnalysisAgent,0.0000
end_to_end,20260420,68,0.0000,2,stagnant,,DocumentAnalysisAgent,
end_to_end,20260420,69,0.0000,2,stagnant,,DocumentAnalysisAgent,
end_to_end,20260420,70,1.0000,2,complete,,DocumentAnalysisAgent,
end_to_end,20260420,71,0.0000,2,stagnant,,DocumentAnalysisAgent,
end_to_end,20260420,72,0.0000,2,stagnant,BuilderAgent,DocumentAnalysisAgent,0.0000
end_to_end,20260420,73,0.0000,2,stagnant,BuilderAgent,DocumentAnalysisAgent,0.0000
end_to_end,20260420,74,0.0000,2,stagnant,BuilderAgent,DocumentAnalysisAgent,0.0000
end_to_end,20260420,75,0.0000,2,stagnant,DocumentAnalysisAgent,DocumentAnalysisAgent,0.0000
end_to_end,20260420,76,0.0000,2,stagnant,ValidatorAgent,DocumentAnalysisAgent,0.0000
end_to_end,20260420,77,0.0000,2,stagnant,SchemaAgent,DocumentAnalysisAgent,0.0000
end_to_end,20260420,78,0.0000,2,stagnant,SchemaAgent,DocumentAnalysisAgent,0.0000
end_to_end,20260420,79,1.0000,2,complete,,DocumentAnalysisAgent,
end_to_end,20260420,80,0.0000,2,stagnant,ValidatorAgent,DocumentAnalysisAgent,0.0000
end_to_end,20260420,81,1.0000,2,complete,,DocumentAnalysisAgent,
end_to_end,20260420,82,1.0000,1,complete,,DocumentAnalysisAgent,
end_to_end,20260420,83,1.0000,2,complete,,DocumentAnalysisAgent,
end_to_end,20260420,84,0.0000,2,stagnant,,DocumentAnalysisAgent,
end_to_end,20260420,85,0.0000,2,stagnant,,DocumentAnalysisAgent,
end_to_end,20260420,86,1.0000,1,complete,ValidatorAgent,DocumentAnalysisAgent,1.0000
end_to_end,20260420,87,1.0000,1,complete,,DocumentAnalysisAgent,
end_to_end,20260420,88,0.0000,2,stagnant,,DocumentAnalysisAgent,
end_to_end,20260420,89,1.0000,2,complete,,DocumentAnalysisAgent,
end_to_end,20260420,90,0.0000,2,stagnant,,DocumentAnalysisAgent,
end_to_end,20260420,91,0.0000,2,stagnant,SchemaAgent,DocumentAnalysisAgent,0.0000
end_to_end,20260420,92,0.0000,2,stagnant,DocumentAnalysisAgent,DocumentAnalysisAgent,0.0000
end_to_end,20260420,93,0.0000,2,stagnant,,DocumentAnalysisAgent,
end_to_end,20260420,94,0.0000,2,stagnant,LogParserAgent,DocumentAnalysisAgent,0.0000
end_to_end,20260420,95,1.0000,1,complete,,DocumentAnalysisAgent,
end_to_end,20260420,96,0.0000,2,stagnant,,DocumentAnalysisAgent,
end_to_end,20260420,97,0.0000,2,stagnant,SchemaAgent,DocumentAnalysisAgent,0.0000
end_to_end,20260420,98,0.0000,2,stagnant,SchemaAgent,DocumentAnalysisAgent,0.0000
end_to_end,20260420,99,1.0000,2,complete,,DocumentAnalysisAgent,
end_to_end,20260420,100,0.0000,2,stagnant,LogParserAgent,DocumentAnalysisAgent,0.0000
end_to_end,20260420,101,1.0000,2,complete,,DocumentAnalysisAgent,
end_to_end,20260420,102,1.0000,1,complete,,DocumentAnalysisAgent,
end_to_end,20260420,103,0.0000,2,stagnant,LogParserAgent,DocumentAnalysisAgent,0.0000
end_to_end,20260420,104,1.0000,1,complete,,DocumentAnalysisAgent,
end_to_end,20260420,105,0.0000,2,stagnant,DocumentAnalysisAgent,DocumentAnalysisAgent,0.0000
end_to_end,20260420,106,0.0000,2,stagnant,,DocumentAnalysisAgent,
end_to_end,20260420,107,0.0000,2,stagnant,DocumentAnalysisAgent,DocumentAnalysisAgent,0.0000
end_to_end,20260420,108,1.0000,1,complete,,DocumentAnalysisAgent,
end_to_end,20260420,109,0.0000,2,stagnant,,DocumentAnalysisAgent,
end_to_end,20260420,110,0.0000,2,stagnant,QAAgent,DocumentAnalysisAgent,0.0000
end_to_end,20260420,111,0.0000,2,stagnant,QAAgent,DocumentAnalysisAgent,0.0000
end_to_end,20260420,112,0.0000,2,stagnant,DocumentAnalysisAgent,DocumentAnalysisAgent,0.0000
end_to_end,20260420,113,0.0000,2,stagnant,,DocumentAnalysisAgent,
end_to_end,20260420,114,0.0000,2,stagnant,,DocumentAnalysisAgent,
end_to_end,20260420,115,0.0000,2,stagnant,,DocumentAnalysisAgent,
end_to_end,20260420,116,0.0000,2,stagnant,,DocumentAnalysisAgent,
end_to_end,20260420,117,0.0000,2,stagnant,,DocumentAnalysisAgent,
end_to_end,20260420,118,0.0000,2,stagnant,LogParserAgent,DocumentAnalysisAgent,0.0000
end_to_end,20260420,119,0.0000,2,stagnant,BuilderAgent,DocumentAnalysisAgent,0.0000
end_to_end,20260420,120,0.0000,2,stagnant,ValidatorAgent,DocumentAnalysisAgent,0.0000
end_to_end,20260420,121,1.0000,1,complete,,DocumentAnalysisAgent,
end_to_end,20260420,122,1.0000,2,complete,,DocumentAnalysisAgent,
end_to_end,20260420,123,0.0000,2,stagnant,,DocumentAnalysisAgent,
end_to_end,20260420,124,0.0000,2,stagnant,SchemaAgent,DocumentAnalysisAgent,0.0000
end_to_end,20260420,125,1.0000,1,complete,,DocumentAnalysisAgent,
end_to_end,20260420,126,1.0000,2,complete,,DocumentAnalysisAgent,
end_to_end,20260420,127,0.0000,2,stagnant,BuilderAgent,DocumentAnalysisAgent,0.0000
end_to_end,20260420,128,1.0000,2,complete,,DocumentAnalysisAgent,
end_to_end,20260420,129,0.0000,2,stagnant,DocumentAnalysisAgent,DocumentAnalysisAgent,0.0000
end_to_end,20260420,130,1.0000,2,complete,,DocumentAnalysisAgent,
end_to_end,20260420,131,0.0000,2,stagnant,DocumentAnalysisAgent,DocumentAnalysisAgent,0.0000
end_to_end,20260420,132,0.0000,2,stagnant,,DocumentAnalysisAgent,
end_to_end,20260420,133,1.0000,2,complete,DocumentAnalysisAgent,DocumentAnalysisAgent,1.0000
end_to_end,20260420,134,0.0000,2,stagnant,,DocumentAnalysisAgent,
end_to_end,20260420,135,1.0000,1,complete,,DocumentAnalysisAgent,
end_to_end,20260420,136,0.0000,2,stagnant,BuilderAgent,DocumentAnalysisAgent,0.0000
end_to_end,20260420,137,0.0000,2,stagnant,LogParserAgent,DocumentAnalysisAgent,0.0000
end_to_end,20260420,138,0.0000,2,stagnant,,DocumentAnalysisAgent,
end_to_end,20260420,139,0.0000,2,stagnant,,DocumentAnalysisAgent,
end_to_end,20260420,140,0.0000,2,stagnant,,DocumentAnalysisAgent,
end_to_end,20260420,141,1.0000,2,complete,,DocumentAnalysisAgent,
end_to_end,20260420,142,0.0000,2,stagnant,SchemaAgent,DocumentAnalysisAgent,0.0000
end_to_end,20260420,143,0.0000,2,stagnant,QAAgent,DocumentAnalysisAgent,0.0000
end_to_end,20260420,144,0.0000,2,stagnant,,DocumentAnalysisAgent,
end_to_end,20260420,145,0.0000,2,stagnant,DocumentAnalysisAgent,DocumentAnalysisAgent,0.0000
end_to_end,20260420,146,1.0000,2,complete,,DocumentAnalysisAgent,
end_to_end,20260420,147,0.0000,2,stagnant,LogParserAgent,DocumentAnalysisAgent,0.0000
end_to_end,20260420,148,0.0000,2,stagnant,,DocumentAnalysisAgent,
end_to_end,20260420,149,1.0000,1,complete,,DocumentAnalysisAgent,
end_to_end,20260420,150,1.0000,1,complete,,DocumentAnalysisAgent,
end_to_end,20260420,151,0.0000,2,stagnant,ValidatorAgent,DocumentAnalysisAgent,0.0000
end_to_end,20260420,152,0.0000,2,stagnant,DocumentAnalysisAgent,DocumentAnalysisAgent,0.0000
end_to_end,20260420,153,0.0000,2,stagnant,,DocumentAnalysisAgent,
end_to_end,20260420,154,0.0000,2,stagnant,,DocumentAnalysisAgent,
end_to_end,20260420,155,0.0000,2,stagnant,,DocumentAnalysisAgent,
end_to_end,20260420,156,0.0000,2,stagnant,DocumentAnalysisAgent,DocumentAnalysisAgent,0.0000
end_to_end,20260420,157,0.0000,2,stagnant,BuilderAgent,DocumentAnalysisAgent,0.0000
end_to_end,20260420,158,0.0000,2,stagnant,,DocumentAnalysisAgent,
end_to_end,20260420,159,0.0000,2,stagnant,LogParserAgent,DocumentAnalysisAgent,0.0000
end_to_end,20260420,160,0.0000,2,stagnant,DocumentAnalysisAgent,DocumentAnalysisAgent,0.0000
end_to_end,20260420,161,0.0000,2,stagnant,,DocumentAnalysisAgent,
end_to_end,20260420,162,0.0000,2,stagnant,BuilderAgent,DocumentAnalysisAgent,0.0000
end_to_end,20260420,163,0.0000,2,stagnant,,DocumentAnalysisAgent,
end_to_end,20260420,164,0.0000,2,stagnant,,DocumentAnalysisAgent,
end_to_end,20260420,165,0.0000,2,stagnant,,DocumentAnalysisAgent,
end_to_end,20260420,166,0.0000,2,stagnant,BuilderAgent,DocumentAnalysisAgent,0.0000
end_to_end,20260420,167,0.0000,2,stagnant,,DocumentAnalysisAgent,
end_to_end,20260420,168,0.0000,2,stagnant,SchemaAgent,DocumentAnalysisAgent,0.0000
end_to_end,20260420,169,0.0000,2,stagnant,,DocumentAnalysisAgent,
end_to_end,20260420,170,0.0000,2,stagnant,,DocumentAnalysisAgent,
end_to_end,20260420,171,0.0000,2,stagnant,ValidatorAgent,DocumentAnalysisAgent,0.0000
end_to_end,20260420,172,1.0000,1,complete,,DocumentAnalysisAgent,
end_to_end,20260420,173,1.0000,1,complete,,DocumentAnalysisAgent,
end_to_end,20260420,174,0.0000,2,stagnant,SchemaAgent,DocumentAnalysisAgent,0.0000
end_to_end,20260420,175,0.0000,2,stagnant,,DocumentAnalysisAgent,
end_to_end,20260420,176,0.0000,2,stagnant,LogParserAgent,DocumentAnalysisAgent,0.0000
end_to_end,20260420,177,1.0000,2,complete,,DocumentAnalysisAgent,
end_to_end,20260420,178,0.0000,2,stagnant,,DocumentAnalysisAgent,
end_to_end,20260420,179,0.0000,2,stagnant,LogParserAgent,DocumentAnalysisAgent,0.0000
end_to_end,20260420,180,0.0000,2,stagnant,,DocumentAnalysisAgent,
end_to_end,20260420,181,0.0000,2,stagnant,,DocumentAnalysisAgent,
end_to_end,20260420,182,0.0000,2,stagnant,ValidatorAgent,DocumentAnalysisAgent,0.0000
end_to_end,20260420,183,0.0000,2,stagnant,,DocumentAnalysisAgent,
end_to_end,20260420,184,0.0000,2,stagnant,QAAgent,DocumentAnalysisAgent,0.0000
end_to_end,20260420,185,0.0000,2,stagnant,,DocumentAnalysisAgent,
end_to_end,20260420,186,1.0000,1,complete,,DocumentAnalysisAgent,
end_to_end,20260420,187,0.0000,2,stagnant,SchemaAgent,DocumentAnalysisAgent,0.0000
end_to_end,20260420,188,1.0000,1,complete,,DocumentAnalysisAgent,
end_to_end,20260420,189,0.0000,2,stagnant,LogParserAgent,DocumentAnalysisAgent,0.0000
end_to_end,20260420,190,0.0000,2,stagnant,,DocumentAnalysisAgent,
end_to_end,20260420,191,1.0000,2,complete,,DocumentAnalysisAgent,
end_to_end,20260420,192,0.0000,2,stagnant,LogParserAgent,DocumentAnalysisAgent,0.0000
end_to_end,20260420,193,0.0000,2,stagnant,LogParserAgent,DocumentAnalysisAgent,0.0000
end_to_end,20260420,194,1.0000,2,complete,DocumentAnalysisAgent,DocumentAnalysisAgent,1.0000
end_to_end,20260420,195,0.0000,2,stagnant,BuilderAgent,DocumentAnalysisAgent,0.0000
end_to_end,20260420,196,0.0000,2,stagnant,ValidatorAgent,DocumentAnalysisAgent,0.0000
end_to_end,20260420,197,1.0000,2,complete,,DocumentAnalysisAgent,
end_to_end,20260420,198,0.0000,2,stagnant,,DocumentAnalysisAgent,
end_to_end,20260420,199,0.0000,2,stagnant,ValidatorAgent,DocumentAnalysisAgent,0.0000
end_to_end,20260420,200,0.0000,2,stagnant,LogParserAgent,DocumentAnalysisAgent,0.0000
end_to_end,20260420,201,0.0000,2,stagnant,ValidatorAgent,DocumentAnalysisAgent,0.0000
end_to_end,20260420,202,1.0000,2,complete,,DocumentAnalysisAgent,
end_to_end,20260420,203,0.0000,2,stagnant,,DocumentAnalysisAgent,
end_to_end,20260420,204,0.0000,2,stagnant,SchemaAgent,DocumentAnalysisAgent,0.0000
end_to_end,20260420,205,0.0000,2,stagnant,DocumentAnalysisAgent,DocumentAnalysisAgent,0.0000
end_to_end,20260420,206,0.0000,2,stagnant,QAAgent,DocumentAnalysisAgent,0.0000
end_to_end,20260420,207,0.0000,2,stagnant,LogParserAgent,DocumentAnalysisAgent,0.0000
end_to_end,20260420,208,0.0000,2,stagnant,ValidatorAgent,DocumentAnalysisAgent,0.0000
end_to_end,20260420,209,0.0000,2,stagnant,,DocumentAnalysisAgent,
end_to_end,20260420,210,0.0000,2,stagnant,ValidatorAgent,DocumentAnalysisAgent,0.0000
end_to_end,20260420,211,0.0000,2,stagnant,BuilderAgent,DocumentAnalysisAgent,0.0000
end_to_end,20260420,212,0.0000,2,stagnant,ValidatorAgent,DocumentAnalysisAgent,0.0000
end_to_end,20260420,213,0.0000,2,stagnant,,DocumentAnalysisAgent,
end_to_end,20260420,214,0.0000,2,stagnant,,DocumentAnalysisAgent,
end_to_end,20260420,215,0.0000,2,stagnant,DocumentAnalysisAgent,DocumentAnalysisAgent,0.0000
end_to_end,20260420,216,0.0000,2,stagnant,,DocumentAnalysisAgent,
end_to_end,20260420,217,0.0000,2,stagnant,SchemaAgent,DocumentAnalysisAgent,0.0000
end_to_end,20260420,218,0.0000,2,stagnant,LogParserAgent,DocumentAnalysisAgent,0.0000
end_to_end,20260420,219,0.0000,2,stagnant,,DocumentAnalysisAgent,
end_to_end,20260420,220,0.0000,2,stagnant,QAAgent,DocumentAnalysisAgent,0.0000
end_to_end,20260420,221,0.0000,2,stagnant,,DocumentAnalysisAgent,
end_to_end,20260420,222,1.0000,1,complete,,DocumentAnalysisAgent,
end_to_end,20260420,223,0.0000,2,stagnant,SchemaAgent,DocumentAnalysisAgent,0.0000
end_to_end,20260420,224,0.0000,2,stagnant,,DocumentAnalysisAgent,
end_to_end,20260420,225,0.0000,2,stagnant,,DocumentAnalysisAgent,
end_to_end,20260420,226,0.0000,2,stagnant,,DocumentAnalysisAgent,
end_to_end,20260420,227,0.0000,2,stagnant,,DocumentAnalysisAgent,
end_to_end,20260420,228,0.0000,2,stagnant,ValidatorAgent,DocumentAnalysisAgent,0.0000
end_to_end,20260420,229,0.0000,2,stagnant,ValidatorAgent,DocumentAnalysisAgent,0.0000
end_to_end,20260420,230,0.0000,2,stagnant,SchemaAgent,DocumentAnalysisAgent,0.0000
end_to_end,20260420,231,0.0000,2,stagnant,,DocumentAnalysisAgent,
end_to_end,20260420,232,0.0000,2,stagnant,LogParserAgent,DocumentAnalysisAgent,0.0000
end_to_end,20260420,233,0.0000,2,stagnant,,DocumentAnalysisAgent,
end_to_end,20260420,234,0.0000,2,stagnant,DocumentAnalysisAgent,DocumentAnalysisAgent,0.0000
end_to_end,20260420,235,1.0000,2,complete,,DocumentAnalysisAgent,
end_to_end,20260420,236,0.0000,2,stagnant,,DocumentAnalysisAgent,
end_to_end,20260420,237,0.0000,2,stagnant,,DocumentAnalysisAgent,
end_to_end,20260420,238,0.0000,2,stagnant,,DocumentAnalysisAgent,
end_to_end,20260420,239,0.0000,2,stagnant,SchemaAgent,DocumentAnalysisAgent,0.0000
end_to_end,20260420,240,0.0000,2,stagnant,LogParserAgent,DocumentAnalysisAgent,0.0000
end_to_end,20260420,241,1.0000,1,complete,,DocumentAnalysisAgent,
end_to_end,20260420,242,1.0000,1,complete,,DocumentAnalysisAgent,
end_to_end,20260420,243,1.0000,1,complete,,DocumentAnalysisAgent,
end_to_end,20260420,244,0.0000,2,stagnant,,DocumentAnalysisAgent,
end_to_end,20260420,245,0.0000,2,stagnant,,DocumentAnalysisAgent,
end_to_end,20260420,246,0.0000,2,stagnant,,DocumentAnalysisAgent,
end_to_end,20260420,247,0.0000,2,stagnant,,DocumentAnalysisAgent,
end_to_end,20260420,248,0.0000,2,stagnant,SchemaAgent,DocumentAnalysisAgent,0.0000
end_to_end,20260420,249,0.0000,2,stagnant,,DocumentAnalysisAgent,
end_to_end,20260420,250,1.0000,1,complete,,DocumentAnalysisAgent,
end_to_end,20260420,251,1.0000,1,complete,,DocumentAnalysisAgent,
end_to_end,20260420,252,0.0000,2,stagnant,LogParserAgent,DocumentAnalysisAgent,0.0000
end_to_end,20260420,253,1.0000,2,complete,LogParserAgent,DocumentAnalysisAgent,1.0000
end_to_end,20260420,254,0.0000,2,stagnant,SchemaAgent,DocumentAnalysisAgent,0.0000
end_to_end,20260420,255,1.0000,2,complete,,DocumentAnalysisAgent,
end_to_end,20260420,256,0.0000,2,stagnant,BuilderAgent,DocumentAnalysisAgent,0.0000
end_to_end,20260420,257,0.0000,2,stagnant,ValidatorAgent,DocumentAnalysisAgent,0.0000
end_to_end,20260420,258,0.0000,2,stagnant,LogParserAgent,DocumentAnalysisAgent,0.0000
end_to_end,20260420,259,1.0000,1,complete,,DocumentAnalysisAgent,
end_to_end,20260420,260,0.0000,2,stagnant,ValidatorAgent,DocumentAnalysisAgent,0.0000
end_to_end,20260420,261,0.0000,2,stagnant,,DocumentAnalysisAgent,
end_to_end,20260420,262,0.0000,2,stagnant,QAAgent,DocumentAnalysisAgent,0.0000
end_to_end,20260420,263,1.0000,1,complete,,DocumentAnalysisAgent,
end_to_end,20260420,264,0.0000,2,stagnant,,DocumentAnalysisAgent,
end_to_end,20260420,265,0.0000,2,stagnant,,DocumentAnalysisAgent,
end_to_end,20260420,266,0.0000,2,stagnant,,DocumentAnalysisAgent,
end_to_end,20260420,267,0.0000,2,stagnant,,DocumentAnalysisAgent,
end_to_end,20260420,268,0.0000,2,stagnant,ValidatorAgent,DocumentAnalysisAgent,0.0000
end_to_end,20260420,269,1.0000,2,complete,,DocumentAnalysisAgent,
end_to_end,20260420,270,1.0000,1,complete,,DocumentAnalysisAgent,
end_to_end,20260420,271,1.0000,1,complete,,DocumentAnalysisAgent,
end_to_end,20260420,272,0.0000,2,stagnant,BuilderAgent,DocumentAnalysisAgent,0.0000
end_to_end,20260420,273,0.0000,2,stagnant,LogParserAgent,DocumentAnalysisAgent,0.0000
end_to_end,20260420,274,0.0000,2,stagnant,QAAgent,DocumentAnalysisAgent,0.0000
end_to_end,20260420,275,0.0000,2,stagnant,,DocumentAnalysisAgent,
end_to_end,20260420,276,0.0000,2,stagnant,DocumentAnalysisAgent,DocumentAnalysisAgent,0.0000
end_to_end,20260420,277,1.0000,1,complete,,DocumentAnalysisAgent,
end_to_end,20260420,278,0.0000,2,stagnant,,DocumentAnalysisAgent,
end_to_end,20260420,279,0.0000,2,stagnant,LogParserAgent,DocumentAnalysisAgent,0.0000
end_to_end,20260420,280,0.0000,2,stagnant,,DocumentAnalysisAgent,
end_to_end,20260420,281,0.0000,2,stagnant,,DocumentAnalysisAgent,
end_to_end,20260420,282,0.0000,2,stagnant,BuilderAgent,DocumentAnalysisAgent,0.0000
end_to_end,20260420,283,1.0000,1,complete,,DocumentAnalysisAgent,
end_to_end,20260420,284,1.0000,1,complete,,DocumentAnalysisAgent,
end_to_end,20260420,285,0.0000,2,stagnant,ValidatorAgent,DocumentAnalysisAgent,0.0000
end_to_end,20260420,286,1.0000,1,complete,,DocumentAnalysisAgent,
end_to_end,20260420,287,0.0000,2,stagnant,,DocumentAnalysisAgent,
end_to_end,20260420,288,0.0000,2,stagnant,DocumentAnalysisAgent,DocumentAnalysisAgent,0.0000
end_to_end,20260420,289,0.0000,2,stagnant,,DocumentAnalysisAgent,
end_to_end,20260420,290,0.0000,2,stagnant,,DocumentAnalysisAgent,
end_to_end,20260420,291,1.0000,2,complete,ValidatorAgent,DocumentAnalysisAgent,1.0000
end_to_end,20260420,292,1.0000,1,complete,,DocumentAnalysisAgent,
end_to_end,20260420,293,0.0000,2,stagnant,,DocumentAnalysisAgent,
end_to_end,20260420,294,0.0000,2,stagnant,ValidatorAgent,DocumentAnalysisAgent,0.0000
end_to_end,20260420,295,0.0000,2,stagnant,,DocumentAnalysisAgent,
end_to_end,20260420,296,0.0000,2,stagnant,DocumentAnalysisAgent,DocumentAnalysisAgent,0.0000
end_to_end,20260420,297,0.0000,2,stagnant,,DocumentAnalysisAgent,
end_to_end,20260420,298,0.0000,2,stagnant,,DocumentAnalysisAgent,
end_to_end,20260420,299,0.0000,2,stagnant,,DocumentAnalysisAgent,
end_to_end,20260420,300,0.0000,2,stagnant,,DocumentAnalysisAgent,
end_to_end,20260420,301,0.0000,2,stagnant,,DocumentAnalysisAgent,
end_to_end,20260420,302,0.0000,2,stagnant,,DocumentAnalysisAgent,
end_to_end,20260420,303,0.0000,2,stagnant,,DocumentAnalysisAgent,
end_to_end,20260420,304,1.0000,1,complete,,DocumentAnalysisAgent,
end_to_end,20260420,305,0.0000,2,stagnant,SchemaAgent,DocumentAnalysisAgent,0.0000
end_to_end,20260420,306,0.0000,2,stagnant,BuilderAgent,DocumentAnalysisAgent,0.0000
end_to_end,20260420,307,0.0000,2,stagnant,ValidatorAgent,DocumentAnalysisAgent,0.0000
end_to_end,20260420,308,0.0000,2,stagnant,BuilderAgent,DocumentAnalysisAgent,0.0000
end_to_end,20260420,309,1.0000,2,complete,,DocumentAnalysisAgent,
end_to_end,20260420,310,0.0000,2,stagnant,,DocumentAnalysisAgent,
end_to_end,20260420,311,0.0000,2,stagnant,,DocumentAnalysisAgent,
end_to_end,20260420,312,0.0000,2,stagnant,,DocumentAnalysisAgent,
end_to_end,20260420,313,0.0000,2,stagnant,LogParserAgent,DocumentAnalysisAgent,0.0000
end_to_end,20260420,314,1.0000,1,complete,,DocumentAnalysisAgent,
end_to_end,20260420,315,0.0000,2,stagnant,,DocumentAnalysisAgent,
end_to_end,20260420,316,0.0000,2,stagnant,,DocumentAnalysisAgent,
end_to_end,20260420,317,0.0000,2,stagnant,,DocumentAnalysisAgent,
end_to_end,20260420,318,0.0000,2,stagnant,,DocumentAnalysisAgent,
end_to_end,20260420,319,0.0000,2,stagnant,DocumentAnalysisAgent,DocumentAnalysisAgent,0.0000
end_to_end,20260420,320,0.0000,2,stagnant,,DocumentAnalysisAgent,
end_to_end,20260420,321,0.0000,2,stagnant,,DocumentAnalysisAgent,
end_to_end,20260420,322,0.0000,2,stagnant,SchemaAgent,DocumentAnalysisAgent,0.0000
end_to_end,20260420,323,0.0000,2,stagnant,,DocumentAnalysisAgent,
end_to_end,20260420,324,1.0000,2,complete,,DocumentAnalysisAgent,
end_to_end,20260420,325,0.0000,2,stagnant,DocumentAnalysisAgent,DocumentAnalysisAgent,0.0000
end_to_end,20260420,326,1.0000,1,complete,ValidatorAgent,DocumentAnalysisAgent,1.0000
end_to_end,20260420,327,0.0000,2,stagnant,BuilderAgent,DocumentAnalysisAgent,0.0000
end_to_end,20260420,328,0.0000,2,stagnant,LogParserAgent,DocumentAnalysisAgent,0.0000
end_to_end,20260420,329,0.0000,2,stagnant,DocumentAnalysisAgent,DocumentAnalysisAgent,0.0000
end_to_end,20260420,330,0.0000,2,stagnant,,DocumentAnalysisAgent,
end_to_end,20260420,331,1.0000,1,complete,,DocumentAnalysisAgent,
end_to_end,20260420,332,0.0000,2,stagnant,,DocumentAnalysisAgent,
end_to_end,20260420,333,1.0000,1,complete,,DocumentAnalysisAgent,
end_to_end,20260420,334,0.0000,2,stagnant,,DocumentAnalysisAgent,
end_to_end,20260420,335,0.0000,2,stagnant,,DocumentAnalysisAgent,
end_to_end,20260420,336,0.0000,2,stagnant,,DocumentAnalysisAgent,
end_to_end,20260420,337,0.0000,2,stagnant,,DocumentAnalysisAgent,
end_to_end,20260420,338,0.0000,2,stagnant,LogParserAgent,DocumentAnalysisAgent,0.0000
end_to_end,20260420,339,0.0000,2,stagnant,DocumentAnalysisAgent,DocumentAnalysisAgent,0.0000
end_to_end,20260420,340,0.0000,2,stagnant,LogParserAgent,DocumentAnalysisAgent,0.0000
end_to_end,20260420,341,1.0000,2,complete,DocumentAnalysisAgent,DocumentAnalysisAgent,1.0000
end_to_end,20260420,342,1.0000,2,complete,LogParserAgent,DocumentAnalysisAgent,1.0000
end_to_end,20260420,343,0.0000,2,stagnant,ValidatorAgent,DocumentAnalysisAgent,0.0000
end_to_end,20260420,344,0.0000,2,stagnant,,DocumentAnalysisAgent,
end_to_end,20260420,345,0.0000,2,stagnant,BuilderAgent,DocumentAnalysisAgent,0.0000
end_to_end,20260420,346,0.0000,2,stagnant,DocumentAnalysisAgent,DocumentAnalysisAgent,0.0000
end_to_end,20260420,347,0.0000,2,stagnant,,DocumentAnalysisAgent,
end_to_end,20260420,348,0.0000,2,stagnant,SchemaAgent,DocumentAnalysisAgent,0.0000
end_to_end,20260420,349,0.0000,2,stagnant,,DocumentAnalysisAgent,
end_to_end,20260420,350,0.0000,2,stagnant,BuilderAgent,DocumentAnalysisAgent,0.0000
end_to_end,20260420,351,0.0000,2,stagnant,,DocumentAnalysisAgent,
end_to_end,20260420,352,0.0000,2,stagnant,QAAgent,DocumentAnalysisAgent,0.0000
end_to_end,20260420,353,1.0000,1,complete,,DocumentAnalysisAgent,
end_to_end,20260420,354,0.0000,2,stagnant,DocumentAnalysisAgent,DocumentAnalysisAgent,0.0000
end_to_end,20260420,355,0.0000,2,stagnant,,DocumentAnalysisAgent,
end_to_end,20260420,356,1.0000,1,complete,,DocumentAnalysisAgent,
end_to_end,20260420,357,0.0000,2,stagnant,,DocumentAnalysisAgent,
end_to_end,20260420,358,0.0000,2,stagnant,SchemaAgent,DocumentAnalysisAgent,0.0000
end_to_end,20260420,359,0.0000,2,stagnant,BuilderAgent,DocumentAnalysisAgent,0.0000
end_to_end,20260420,360,0.0000,2,stagnant,BuilderAgent,DocumentAnalysisAgent,0.0000
end_to_end,20260420,361,0.0000,2,stagnant,SchemaAgent,DocumentAnalysisAgent,0.0000
end_to_end,20260420,362,0.0000,2,stagnant,SchemaAgent,DocumentAnalysisAgent,0.0000
end_to_end,20260420,363,0.0000,2,stagnant,SchemaAgent,DocumentAnalysisAgent,0.0000
end_to_end,20260420,364,0.0000,2,stagnant,DocumentAnalysisAgent,DocumentAnalysisAgent,0.0000
end_to_end,20260420,365,0.0000,2,stagnant,DocumentAnalysisAgent,DocumentAnalysisAgent,0.0000
end_to_end,20260420,366,1.0000,2,complete,,DocumentAnalysisAgent,
end_to_end,20260420,367,0.0000,2,stagnant,,DocumentAnalysisAgent,
end_to_end,20260420,368,0.0000,2,stagnant,,DocumentAnalysisAgent,
end_to_end,20260420,369,1.0000,1,complete,,DocumentAnalysisAgent,
end_to_end,20260420,370,0.0000,2,stagnant,,DocumentAnalysisAgent,
end_to_end,20260420,371,0.0000,2,stagnant,QAAgent,DocumentAnalysisAgent,0.0000
end_to_end,20260420,372,0.0000,2,stagnant,,DocumentAnalysisAgent,
end_to_end,20260420,373,1.0000,1,complete,,DocumentAnalysisAgent,
end_to_end,20260420,374,0.0000,2,stagnant,,DocumentAnalysisAgent,
end_to_end,20260420,375,0.0000,2,stagnant,BuilderAgent,DocumentAnalysisAgent,0.0000
end_to_end,20260420,376,0.0000,2,stagnant,,DocumentAnalysisAgent,
end_to_end,20260420,377,0.0000,2,stagnant,ValidatorAgent,DocumentAnalysisAgent,0.0000
end_to_end,20260420,378,1.0000,2,complete,,DocumentAnalysisAgent,
end_to_end,20260420,379,1.0000,2,complete,,DocumentAnalysisAgent,
end_to_end,20260420,380,0.0000,2,stagnant,LogParserAgent,DocumentAnalysisAgent,0.0000
end_to_end,20260420,381,0.0000,2,stagnant,,DocumentAnalysisAgent,
end_to_end,20260420,382,1.0000,1,complete,,DocumentAnalysisAgent,
end_to_end,20260420,383,0.0000,2,stagnant,QAAgent,DocumentAnalysisAgent,0.0000
end_to_end,20260420,384,0.0000,2,stagnant,BuilderAgent,DocumentAnalysisAgent,0.0000
end_to_end,20260420,385,0.0000,2,stagnant,LogParserAgent,DocumentAnalysisAgent,0.0000
end_to_end,20260420,386,0.0000,2,stagnant,,DocumentAnalysisAgent,
end_to_end,20260420,387,0.0000,2,stagnant,BuilderAgent,DocumentAnalysisAgent,0.0000
end_to_end,20260420,388,0.0000,2,stagnant,QAAgent,DocumentAnalysisAgent,0.0000
end_to_end,20260420,389,1.0000,2,complete,,DocumentAnalysisAgent,
end_to_end,20260420,390,0.0000,2,stagnant,QAAgent,DocumentAnalysisAgent,0.0000
end_to_end,20260420,391,0.0000,2,stagnant,,DocumentAnalysisAgent,
end_to_end,20260420,392,0.0000,2,stagnant,QAAgent,DocumentAnalysisAgent,0.0000
end_to_end,20260420,393,0.0000,2,stagnant,LogParserAgent,DocumentAnalysisAgent,0.0000
end_to_end,20260420,394,1.0000,2,complete,,DocumentAnalysisAgent,
end_to_end,20260420,395,0.0000,2,stagnant,,DocumentAnalysisAgent,
end_to_end,20260420,396,0.0000,2,stagnant,,DocumentAnalysisAgent,
end_to_end,20260420,397,0.0000,2,stagnant,,DocumentAnalysisAgent,
end_to_end,20260420,398,0.0000,2,stagnant,,DocumentAnalysisAgent,
end_to_end,20260420,399,0.0000,2,stagnant,,DocumentAnalysisAgent,
end_to_end,20260421,0,1.0000,1,complete,,DocumentAnalysisAgent,
end_to_end,20260421,1,0.0000,2,stagnant,,DocumentAnalysisAgent,
end_to_end,20260421,2,0.0000,2,stagnant,,DocumentAnalysisAgent,
end_to_end,20260421,3,0.0000,2,stagnant,LogParserAgent,DocumentAnalysisAgent,0.0000
end_to_end,20260421,4,0.0000,2,stagnant,,DocumentAnalysisAgent,
end_to_end,20260421,5,0.0000,2,stagnant,LogParserAgent,DocumentAnalysisAgent,0.0000
end_to_end,20260421,6,0.0000,2,stagnant,,DocumentAnalysisAgent,
end_to_end,20260421,7,0.0000,2,stagnant,LogParserAgent,DocumentAnalysisAgent,0.0000
end_to_end,20260421,8,0.0000,2,stagnant,,DocumentAnalysisAgent,
end_to_end,20260421,9,0.0000,2,stagnant,,DocumentAnalysisAgent,
end_to_end,20260421,10,0.0000,2,stagnant,,DocumentAnalysisAgent,
end_to_end,20260421,11,0.0000,2,stagnant,,DocumentAnalysisAgent,
end_to_end,20260421,12,0.0000,2,stagnant,SchemaAgent,DocumentAnalysisAgent,0.0000
end_to_end,20260421,13,0.0000,2,stagnant,,DocumentAnalysisAgent,
end_to_end,20260421,14,0.0000,2,stagnant,DocumentAnalysisAgent,DocumentAnalysisAgent,0.0000
end_to_end,20260421,15,0.0000,2,stagnant,,DocumentAnalysisAgent,
end_to_end,20260421,16,0.0000,2,stagnant,ValidatorAgent,DocumentAnalysisAgent,0.0000
end_to_end,20260421,17,1.0000,2,complete,,DocumentAnalysisAgent,
end_to_end,20260421,18,0.0000,2,stagnant,,DocumentAnalysisAgent,
end_to_end,20260421,19,0.0000,2,stagnant,,DocumentAnalysisAgent,
end_to_end,20260421,20,0.0000,2,stagnant,BuilderAgent,DocumentAnalysisAgent,0.0000
end_to_end,20260421,21,1.0000,2,complete,,DocumentAnalysisAgent,
end_to_end,20260421,22,0.0000,2,stagnant,,DocumentAnalysisAgent,
end_to_end,20260421,23,0.0000,2,stagnant,ValidatorAgent,DocumentAnalysisAgent,0.0000
end_to_end,20260421,24,1.0000,1,complete,,DocumentAnalysisAgent,
end_to_end,20260421,25,0.0000,2,stagnant,SchemaAgent,DocumentAnalysisAgent,0.0000
end_to_end,20260421,26,0.0000,2,stagnant,,DocumentAnalysisAgent,
end_to_end,20260421,27,0.0000,2,stagnant,ValidatorAgent,DocumentAnalysisAgent,0.0000
end_to_end,20260421,28,0.0000,2,stagnant,QAAgent,DocumentAnalysisAgent,0.0000
end_to_end,20260421,29,1.0000,2,complete,,DocumentAnalysisAgent,
end_to_end,20260421,30,0.0000,2,stagnant,ValidatorAgent,DocumentAnalysisAgent,0.0000
end_to_end,20260421,31,0.0000,2,stagnant,LogParserAgent,DocumentAnalysisAgent,0.0000
end_to_end,20260421,32,0.0000,2,stagnant,QAAgent,DocumentAnalysisAgent,0.0000
end_to_end,20260421,33,0.0000,2,stagnant,,DocumentAnalysisAgent,
end_to_end,20260421,34,0.0000,2,stagnant,,DocumentAnalysisAgent,
end_to_end,20260421,35,0.0000,2,stagnant,LogParserAgent,DocumentAnalysisAgent,0.0000
end_to_end,20260421,36,0.0000,2,stagnant,,DocumentAnalysisAgent,
end_to_end,20260421,37,0.0000,2,stagnant,,DocumentAnalysisAgent,
end_to_end,20260421,38,0.0000,2,stagnant,BuilderAgent,DocumentAnalysisAgent,0.0000
end_to_end,20260421,39,0.0000,2,stagnant,SchemaAgent,DocumentAnalysisAgent,0.0000
end_to_end,20260421,40,0.0000,2,stagnant,ValidatorAgent,DocumentAnalysisAgent,0.0000
end_to_end,20260421,41,0.0000,2,stagnant,LogParserAgent,DocumentAnalysisAgent,0.0000
end_to_end,20260421,42,0.0000,2,stagnant,BuilderAgent,DocumentAnalysisAgent,0.0000
end_to_end,20260421,43,0.0000,2,stagnant,,DocumentAnalysisAgent,
end_to_end,20260421,44,0.0000,2,stagnant,,DocumentAnalysisAgent,
end_to_end,20260421,45,0.0000,2,stagnant,DocumentAnalysisAgent,DocumentAnalysisAgent,0.0000
end_to_end,20260421,46,0.0000,2,stagnant,,DocumentAnalysisAgent,
end_to_end,20260421,47,0.0000,2,stagnant,QAAgent,DocumentAnalysisAgent,0.0000
end_to_end,20260421,48,0.0000,2,stagnant,QAAgent,DocumentAnalysisAgent,0.0000
end_to_end,20260421,49,0.0000,2,stagnant,QAAgent,DocumentAnalysisAgent,0.0000
end_to_end,20260421,50,0.0000,2,stagnant,,DocumentAnalysisAgent,
end_to_end,20260421,51,0.0000,2,stagnant,,DocumentAnalysisAgent,
end_to_end,20260421,52,0.0000,2,stagnant,,DocumentAnalysisAgent,
end_to_end,20260421,53,0.0000,2,stagnant,SchemaAgent,DocumentAnalysisAgent,0.0000
end_to_end,20260421,54,0.0000,2,stagnant,,DocumentAnalysisAgent,
end_to_end,20260421,55,0.0000,2,stagnant,,DocumentAnalysisAgent,
end_to_end,20260421,56,1.0000,2,complete,SchemaAgent,DocumentAnalysisAgent,1.0000
end_to_end,20260421,57,0.0000,2,stagnant,SchemaAgent,DocumentAnalysisAgent,0.0000
end_to_end,20260421,58,1.0000,2,complete,,DocumentAnalysisAgent,
end_to_end,20260421,59,1.0000,2,complete,,DocumentAnalysisAgent,
end_to_end,20260421,60,0.0000,2,stagnant,BuilderAgent,DocumentAnalysisAgent,0.0000
end_to_end,20260421,61,0.0000,2,stagnant,,DocumentAnalysisAgent,
end_to_end,20260421,62,0.0000,2,stagnant,BuilderAgent,DocumentAnalysisAgent,0.0000
end_to_end,20260421,63,0.0000,2,stagnant,DocumentAnalysisAgent,DocumentAnalysisAgent,0.0000
end_to_end,20260421,64,0.0000,2,stagnant,ValidatorAgent,DocumentAnalysisAgent,0.0000
end_to_end,20260421,65,0.0000,2,stagnant,ValidatorAgent,DocumentAnalysisAgent,0.0000
end_to_end,20260421,66,0.0000,2,stagnant,DocumentAnalysisAgent,DocumentAnalysisAgent,0.0000
end_to_end,20260421,67,0.0000,2,stagnant,BuilderAgent,DocumentAnalysisAgent,0.0000
end_to_end,20260421,68,1.0000,2,complete,,DocumentAnalysisAgent,
end_to_end,20260421,69,0.0000,2,stagnant,ValidatorAgent,DocumentAnalysisAgent,0.0000
end_to_end,20260421,70,0.0000,2,stagnant,,DocumentAnalysisAgent,
end_to_end,20260421,71,0.0000,2,stagnant,,DocumentAnalysisAgent,
end_to_end,20260421,72,0.0000,2,stagnant,,DocumentAnalysisAgent,
end_to_end,20260421,73,0.0000,2,stagnant,LogParserAgent,DocumentAnalysisAgent,0.0000
end_to_end,20260421,74,0.0000,2,stagnant,,DocumentAnalysisAgent,
end_to_end,20260421,75,0.0000,2,stagnant,LogParserAgent,DocumentAnalysisAgent,0.0000
end_to_end,20260421,76,0.0000,2,stagnant,ValidatorAgent,DocumentAnalysisAgent,0.0000
end_to_end,20260421,77,0.0000,2,stagnant,,DocumentAnalysisAgent,
end_to_end,20260421,78,0.0000,2,stagnant,,DocumentAnalysisAgent,
end_to_end,20260421,79,0.0000,2,stagnant,,DocumentAnalysisAgent,
end_to_end,20260421,80,0.0000,2,stagnant,,DocumentAnalysisAgent,
end_to_end,20260421,81,0.0000,2,stagnant,DocumentAnalysisAgent,DocumentAnalysisAgent,0.0000
end_to_end,20260421,82,1.0000,1,complete,,DocumentAnalysisAgent,
end_to_end,20260421,83,0.0000,2,stagnant,,DocumentAnalysisAgent,
end_to_end,20260421,84,0.0000,2,stagnant,,DocumentAnalysisAgent,
end_to_end,20260421,85,0.0000,2,stagnant,ValidatorAgent,DocumentAnalysisAgent,0.0000
end_to_end,20260421,86,0.0000,2,stagnant,,DocumentAnalysisAgent,
end_to_end,20260421,87,0.0000,2,stagnant,,DocumentAnalysisAgent,
end_to_end,20260421,88,1.0000,2,complete,,DocumentAnalysisAgent,
end_to_end,20260421,89,1.0000,1,complete,,DocumentAnalysisAgent,
end_to_end,20260421,90,0.0000,2,stagnant,,DocumentAnalysisAgent,
end_to_end,20260421,91,1.0000,2,complete,,DocumentAnalysisAgent,
end_to_end,20260421,92,0.0000,2,stagnant,QAAgent,DocumentAnalysisAgent,0.0000
end_to_end,20260421,93,0.0000,2,stagnant,BuilderAgent,DocumentAnalysisAgent,0.0000
end_to_end,20260421,94,0.0000,2,stagnant,,DocumentAnalysisAgent,
end_to_end,20260421,95,0.0000,2,stagnant,,DocumentAnalysisAgent,
end_to_end,20260421,96,0.0000,2,stagnant,DocumentAnalysisAgent,DocumentAnalysisAgent,0.0000
end_to_end,20260421,97,0.0000,2,stagnant,,DocumentAnalysisAgent,
end_to_end,20260421,98,0.0000,2,stagnant,DocumentAnalysisAgent,DocumentAnalysisAgent,0.0000
end_to_end,20260421,99,1.0000,2,complete,,DocumentAnalysisAgent,
end_to_end,20260421,100,1.0000,2,complete,,DocumentAnalysisAgent,
end_to_end,20260421,101,0.0000,2,stagnant,DocumentAnalysisAgent,DocumentAnalysisAgent,0.0000
end_to_end,20260421,102,0.0000,2,stagnant,ValidatorAgent,DocumentAnalysisAgent,0.0000
end_to_end,20260421,103,0.0000,2,stagnant,ValidatorAgent,DocumentAnalysisAgent,0.0000
end_to_end,20260421,104,0.0000,2,stagnant,,DocumentAnalysisAgent,
end_to_end,20260421,105,0.0000,2,stagnant,BuilderAgent,DocumentAnalysisAgent,0.0000
end_to_end,20260421,106,0.0000,2,stagnant,SchemaAgent,DocumentAnalysisAgent,0.0000
end_to_end,20260421,107,0.0000,2,stagnant,,DocumentAnalysisAgent,
end_to_end,20260421,108,0.0000,2,stagnant,SchemaAgent,DocumentAnalysisAgent,0.0000
end_to_end,20260421,109,0.0000,2,stagnant,,DocumentAnalysisAgent,
end_to_end,20260421,110,0.0000,2,stagnant,ValidatorAgent,DocumentAnalysisAgent,0.0000
end_to_end,20260421,111,0.0000,2,stagnant,QAAgent,DocumentAnalysisAgent,0.0000
end_to_end,20260421,112,0.0000,2,stagnant,,DocumentAnalysisAgent,
end_to_end,20260421,113,0.0000,2,stagnant,BuilderAgent,DocumentAnalysisAgent,0.0000
end_to_end,20260421,114,0.0000,2,stagnant,LogParserAgent,DocumentAnalysisAgent,0.0000
end_to_end,20260421,115,0.0000,2,stagnant,BuilderAgent,DocumentAnalysisAgent,0.0000
end_to_end,20260421,116,1.0000,1,complete,,DocumentAnalysisAgent,
end_to_end,20260421,117,0.0000,2,stagnant,,DocumentAnalysisAgent,
end_to_end,20260421,118,0.0000,2,stagnant,ValidatorAgent,DocumentAnalysisAgent,0.0000
end_to_end,20260421,119,0.0000,2,stagnant,QAAgent,DocumentAnalysisAgent,0.0000
end_to_end,20260421,120,0.0000,2,stagnant,,DocumentAnalysisAgent,
end_to_end,20260421,121,1.0000,2,complete,,DocumentAnalysisAgent,
end_to_end,20260421,122,1.0000,1,complete,,DocumentAnalysisAgent,
end_to_end,20260421,123,0.0000,2,stagnant,,DocumentAnalysisAgent,
end_to_end,20260421,124,0.0000,2,stagnant,,DocumentAnalysisAgent,
end_to_end,20260421,125,0.0000,2,stagnant,QAAgent,DocumentAnalysisAgent,0.0000
end_to_end,20260421,126,0.0000,2,stagnant,QAAgent,DocumentAnalysisAgent,0.0000
end_to_end,20260421,127,1.0000,2,complete,,DocumentAnalysisAgent,
end_to_end,20260421,128,0.0000,2,stagnant,ValidatorAgent,DocumentAnalysisAgent,0.0000
end_to_end,20260421,129,0.0000,2,stagnant,,DocumentAnalysisAgent,
end_to_end,20260421,130,0.0000,2,stagnant,ValidatorAgent,DocumentAnalysisAgent,0.0000
end_to_end,20260421,131,0.0000,2,stagnant,,DocumentAnalysisAgent,
end_to_end,20260421,132,1.0000,2,complete,,DocumentAnalysisAgent,
end_to_end,20260421,133,0.0000,2,stagnant,BuilderAgent,DocumentAnalysisAgent,0.0000
end_to_end,20260421,134,1.0000,1,complete,,DocumentAnalysisAgent,
end_to_end,20260421,135,0.0000,2,stagnant,DocumentAnalysisAgent,DocumentAnalysisAgent,0.0000
end_to_end,20260421,136,0.0000,2,stagnant,ValidatorAgent,DocumentAnalysisAgent,0.0000
end_to_end,20260421,137,1.0000,2,complete,,DocumentAnalysisAgent,
end_to_end,20260421,138,1.0000,2,complete,,DocumentAnalysisAgent,
end_to_end,20260421,139,0.0000,2,stagnant,,DocumentAnalysisAgent,
end_to_end,20260421,140,0.0000,2,stagnant,DocumentAnalysisAgent,DocumentAnalysisAgent,0.0000
end_to_end,20260421,141,1.0000,2,complete,,DocumentAnalysisAgent,
end_to_end,20260421,142,1.0000,1,complete,,DocumentAnalysisAgent,
end_to_end,20260421,143,0.0000,2,stagnant,,DocumentAnalysisAgent,
end_to_end,20260421,144,0.0000,2,stagnant,QAAgent,DocumentAnalysisAgent,0.0000
end_to_end,20260421,145,0.0000,2,stagnant,ValidatorAgent,DocumentAnalysisAgent,0.0000
end_to_end,20260421,146,1.0000,2,complete,DocumentAnalysisAgent,DocumentAnalysisAgent,1.0000
end_to_end,20260421,147,0.0000,2,stagnant,,DocumentAnalysisAgent,
end_to_end,20260421,148,0.0000,2,stagnant,BuilderAgent,DocumentAnalysisAgent,0.0000
end_to_end,20260421,149,0.0000,2,stagnant,,DocumentAnalysisAgent,
end_to_end,20260421,150,0.0000,2,stagnant,,DocumentAnalysisAgent,
end_to_end,20260421,151,0.0000,2,stagnant,,DocumentAnalysisAgent,
end_to_end,20260421,152,0.0000,2,stagnant,,DocumentAnalysisAgent,
end_to_end,20260421,153,0.0000,2,stagnant,DocumentAnalysisAgent,DocumentAnalysisAgent,0.0000
end_to_end,20260421,154,0.0000,2,stagnant,LogParserAgent,DocumentAnalysisAgent,0.0000
end_to_end,20260421,155,0.0000,2,stagnant,LogParserAgent,DocumentAnalysisAgent,0.0000
end_to_end,20260421,156,0.0000,2,stagnant,,DocumentAnalysisAgent,
end_to_end,20260421,157,0.0000,2,stagnant,LogParserAgent,DocumentAnalysisAgent,0.0000
end_to_end,20260421,158,0.0000,2,stagnant,,DocumentAnalysisAgent,
end_to_end,20260421,159,0.0000,2,stagnant,SchemaAgent,DocumentAnalysisAgent,0.0000
end_to_end,20260421,160,0.0000,2,stagnant,,DocumentAnalysisAgent,
end_to_end,20260421,161,0.0000,2,stagnant,,DocumentAnalysisAgent,
end_to_end,20260421,162,0.0000,2,stagnant,LogParserAgent,DocumentAnalysisAgent,0.0000
end_to_end,20260421,163,0.0000,2,stagnant,,DocumentAnalysisAgent,
end_to_end,20260421,164,0.0000,2,stagnant,,DocumentAnalysisAgent,
end_to_end,20260421,165,0.0000,2,stagnant,LogParserAgent,DocumentAnalysisAgent,0.0000
end_to_end,20260421,166,0.0000,2,stagnant,DocumentAnalysisAgent,DocumentAnalysisAgent,0.0000
end_to_end,20260421,167,0.0000,2,stagnant,ValidatorAgent,DocumentAnalysisAgent,0.0000
end_to_end,20260421,168,0.0000,2,stagnant,ValidatorAgent,DocumentAnalysisAgent,0.0000
end_to_end,20260421,169,0.0000,2,stagnant,ValidatorAgent,DocumentAnalysisAgent,0.0000
end_to_end,20260421,170,1.0000,2,complete,,DocumentAnalysisAgent,
end_to_end,20260421,171,0.0000,2,stagnant,,DocumentAnalysisAgent,
end_to_end,20260421,172,0.0000,2,stagnant,LogParserAgent,DocumentAnalysisAgent,0.0000
end_to_end,20260421,173,0.0000,2,stagnant,,DocumentAnalysisAgent,
end_to_end,20260421,174,0.0000,2,stagnant,ValidatorAgent,DocumentAnalysisAgent,0.0000
end_to_end,20260421,175,1.0000,2,complete,,DocumentAnalysisAgent,
end_to_end,20260421,176,0.0000,2,stagnant,,DocumentAnalysisAgent,
end_to_end,20260421,177,1.0000,1,complete,,DocumentAnalysisAgent,
end_to_end,20260421,178,0.0000,2,stagnant,BuilderAgent,DocumentAnalysisAgent,0.0000
end_to_end,20260421,179,1.0000,2,complete,,DocumentAnalysisAgent,
end_to_end,20260421,180,0.0000,2,stagnant,,DocumentAnalysisAgent,
end_to_end,20260421,181,0.0000,2,stagnant,BuilderAgent,DocumentAnalysisAgent,0.0000
end_to_end,20260421,182,0.0000,2,stagnant,LogParserAgent,DocumentAnalysisAgent,0.0000
end_to_end,20260421,183,0.0000,2,stagnant,DocumentAnalysisAgent,DocumentAnalysisAgent,0.0000
end_to_end,20260421,184,0.0000,2,stagnant,,DocumentAnalysisAgent,
end_to_end,20260421,185,1.0000,1,complete,,DocumentAnalysisAgent,
end_to_end,20260421,186,0.0000,2,stagnant,ValidatorAgent,DocumentAnalysisAgent,0.0000
end_to_end,20260421,187,1.0000,1,complete,,DocumentAnalysisAgent,
end_to_end,20260421,188,0.0000,2,stagnant,DocumentAnalysisAgent,DocumentAnalysisAgent,0.0000
end_to_end,20260421,189,0.0000,2,stagnant,LogParserAgent,DocumentAnalysisAgent,0.0000
end_to_end,20260421,190,1.0000,2,complete,,DocumentAnalysisAgent,
end_to_end,20260421,191,0.0000,2,stagnant,BuilderAgent,DocumentAnalysisAgent,0.0000
end_to_end,20260421,192,1.0000,1,complete,,DocumentAnalysisAgent,
end_to_end,20260421,193,0.0000,2,stagnant,,DocumentAnalysisAgent,
end_to_end,20260421,194,0.0000,2,stagnant,ValidatorAgent,DocumentAnalysisAgent,0.0000
end_to_end,20260421,195,1.0000,1,complete,,DocumentAnalysisAgent,
end_to_end,20260421,196,0.0000,2,stagnant,QAAgent,DocumentAnalysisAgent,0.0000
end_to_end,20260421,197,0.0000,2,stagnant,,DocumentAnalysisAgent,
end_to_end,20260421,198,0.0000,2,stagnant,,DocumentAnalysisAgent,
end_to_end,20260421,199,1.0000,2,complete,BuilderAgent,DocumentAnalysisAgent,1.0000
end_to_end,20260421,200,0.0000,2,stagnant,,DocumentAnalysisAgent,
end_to_end,20260421,201,0.0000,2,stagnant,BuilderAgent,DocumentAnalysisAgent,0.0000
end_to_end,20260421,202,1.0000,1,complete,,DocumentAnalysisAgent,
end_to_end,20260421,203,0.0000,2,stagnant,,DocumentAnalysisAgent,
end_to_end,20260421,204,0.0000,2,stagnant,,DocumentAnalysisAgent,
end_to_end,20260421,205,0.0000,2,stagnant,,DocumentAnalysisAgent,
end_to_end,20260421,206,0.0000,2,stagnant,,DocumentAnalysisAgent,
end_to_end,20260421,207,0.0000,2,stagnant,SchemaAgent,DocumentAnalysisAgent,0.0000
end_to_end,20260421,208,0.0000,2,stagnant,,DocumentAnalysisAgent,
end_to_end,20260421,209,1.0000,2,complete,,DocumentAnalysisAgent,
end_to_end,20260421,210,0.0000,2,stagnant,SchemaAgent,DocumentAnalysisAgent,0.0000
end_to_end,20260421,211,0.0000,2,stagnant,SchemaAgent,DocumentAnalysisAgent,0.0000
end_to_end,20260421,212,0.0000,2,stagnant,,DocumentAnalysisAgent,
end_to_end,20260421,213,0.0000,2,stagnant,,DocumentAnalysisAgent,
end_to_end,20260421,214,0.0000,2,stagnant,,DocumentAnalysisAgent,
end_to_end,20260421,215,0.0000,2,stagnant,ValidatorAgent,DocumentAnalysisAgent,0.0000
end_to_end,20260421,216,1.0000,2,complete,SchemaAgent,DocumentAnalysisAgent,1.0000
end_to_end,20260421,217,1.0000,2,complete,,DocumentAnalysisAgent,
end_to_end,20260421,218,0.0000,2,stagnant,BuilderAgent,DocumentAnalysisAgent,0.0000
end_to_end,20260421,219,0.0000,2,stagnant,,DocumentAnalysisAgent,
end_to_end,20260421,220,0.0000,2,stagnant,SchemaAgent,DocumentAnalysisAgent,0.0000
end_to_end,20260421,221,0.0000,2,stagnant,LogParserAgent,DocumentAnalysisAgent,0.0000
end_to_end,20260421,222,0.0000,2,stagnant,,DocumentAnalysisAgent,
end_to_end,20260421,223,0.0000,2,stagnant,QAAgent,DocumentAnalysisAgent,0.0000
end_to_end,20260421,224,0.0000,2,stagnant,SchemaAgent,DocumentAnalysisAgent,0.0000
end_to_end,20260421,225,0.0000,2,stagnant,,DocumentAnalysisAgent,
end_to_end,20260421,226,0.0000,2,stagnant,LogParserAgent,DocumentAnalysisAgent,0.0000
end_to_end,20260421,227,0.0000,2,stagnant,,DocumentAnalysisAgent,
end_to_end,20260421,228,0.0000,2,stagnant,,DocumentAnalysisAgent,
end_to_end,20260421,229,0.0000,2,stagnant,LogParserAgent,DocumentAnalysisAgent,0.0000
end_to_end,20260421,230,0.0000,2,stagnant,BuilderAgent,DocumentAnalysisAgent,0.0000
end_to_end,20260421,231,0.0000,2,stagnant,,DocumentAnalysisAgent,
end_to_end,20260421,232,0.0000,2,stagnant,,DocumentAnalysisAgent,
end_to_end,20260421,233,0.0000,2,stagnant,,DocumentAnalysisAgent,
end_to_end,20260421,234,0.0000,2,stagnant,,DocumentAnalysisAgent,
end_to_end,20260421,235,0.0000,2,stagnant,,DocumentAnalysisAgent,
end_to_end,20260421,236,0.0000,2,stagnant,,DocumentAnalysisAgent,
end_to_end,20260421,237,0.0000,2,stagnant,,DocumentAnalysisAgent,
end_to_end,20260421,238,0.0000,2,stagnant,LogParserAgent,DocumentAnalysisAgent,0.0000
end_to_end,20260421,239,0.0000,2,stagnant,,DocumentAnalysisAgent,
end_to_end,20260421,240,0.0000,2,stagnant,LogParserAgent,DocumentAnalysisAgent,0.0000
end_to_end,20260421,241,0.0000,2,stagnant,,DocumentAnalysisAgent,
end_to_end,20260421,242,0.0000,2,stagnant,,DocumentAnalysisAgent,
end_to_end,20260421,243,0.0000,2,stagnant,ValidatorAgent,DocumentAnalysisAgent,0.0000
end_to_end,20260421,244,0.0000,2,stagnant,,DocumentAnalysisAgent,
end_to_end,20260421,245,0.0000,2,stagnant,,DocumentAnalysisAgent,
end_to_end,20260421,246,0.0000,2,stagnant,DocumentAnalysisAgent,DocumentAnalysisAgent,0.0000
end_to_end,20260421,247,0.0000,2,stagnant,,DocumentAnalysisAgent,
end_to_end,20260421,248,0.0000,2,stagnant,,DocumentAnalysisAgent,
end_to_end,20260421,249,0.0000,2,stagnant,SchemaAgent,DocumentAnalysisAgent,0.0000
end_to_end,20260421,250,0.0000,2,stagnant,,DocumentAnalysisAgent,
end_to_end,20260421,251,0.0000,2,stagnant,BuilderAgent,DocumentAnalysisAgent,0.0000
end_to_end,20260421,252,0.0000,2,stagnant,LogParserAgent,DocumentAnalysisAgent,0.0000
end_to_end,20260421,253,1.0000,1,complete,,DocumentAnalysisAgent,
end_to_end,20260421,254,1.0000,1,complete,,DocumentAnalysisAgent,
end_to_end,20260421,255,0.0000,2,stagnant,ValidatorAgent,DocumentAnalysisAgent,0.0000
end_to_end,20260421,256,1.0000,2,complete,,DocumentAnalysisAgent,
end_to_end,20260421,257,0.0000,2,stagnant,,DocumentAnalysisAgent,
end_to_end,20260421,258,1.0000,1,complete,,DocumentAnalysisAgent,
end_to_end,20260421,259,1.0000,1,complete,DocumentAnalysisAgent,DocumentAnalysisAgent,1.0000
end_to_end,20260421,260,1.0000,1,complete,,DocumentAnalysisAgent,
end_to_end,20260421,261,0.0000,2,stagnant,BuilderAgent,DocumentAnalysisAgent,0.0000
end_to_end,20260421,262,0.0000,2,stagnant,DocumentAnalysisAgent,DocumentAnalysisAgent,0.0000
end_to_end,20260421,263,0.0000,2,stagnant,ValidatorAgent,DocumentAnalysisAgent,0.0000
end_to_end,20260421,264,1.0000,1,complete,,DocumentAnalysisAgent,
end_to_end,20260421,265,0.0000,2,stagnant,ValidatorAgent,DocumentAnalysisAgent,0.0000
end_to_end,20260421,266,0.0000,2,stagnant,,DocumentAnalysisAgent,
end_to_end,20260421,267,0.0000,2,stagnant,SchemaAgent,DocumentAnalysisAgent,0.0000
end_to_end,20260421,268,0.0000,2,stagnant,,DocumentAnalysisAgent,
end_to_end,20260421,269,0.0000,2,stagnant,QAAgent,DocumentAnalysisAgent,0.0000
end_to_end,20260421,270,0.0000,2,stagnant,SchemaAgent,DocumentAnalysisAgent,0.0000
end_to_end,20260421,271,0.0000,2,stagnant,BuilderAgent,DocumentAnalysisAgent,0.0000
end_to_end,20260421,272,0.0000,2,stagnant,SchemaAgent,DocumentAnalysisAgent,0.0000
end_to_end,20260421,273,0.0000,2,stagnant,ValidatorAgent,DocumentAnalysisAgent,0.0000
end_to_end,20260421,274,0.0000,2,stagnant,,DocumentAnalysisAgent,
end_to_end,20260421,275,1.0000,2,complete,,DocumentAnalysisAgent,
end_to_end,20260421,276,1.0000,2,complete,,DocumentAnalysisAgent,
end_to_end,20260421,277,0.0000,2,stagnant,,DocumentAnalysisAgent,
end_to_end,20260421,278,1.0000,2,complete,,DocumentAnalysisAgent,
end_to_end,20260421,279,0.0000,2,stagnant,BuilderAgent,DocumentAnalysisAgent,0.0000
end_to_end,20260421,280,0.0000,2,stagnant,BuilderAgent,DocumentAnalysisAgent,0.0000
end_to_end,20260421,281,0.0000,2,stagnant,,DocumentAnalysisAgent,
end_to_end,20260421,282,1.0000,2,complete,,DocumentAnalysisAgent,
end_to_end,20260421,283,0.0000,2,stagnant,,DocumentAnalysisAgent,
end_to_end,20260421,284,0.0000,2,stagnant,ValidatorAgent,DocumentAnalysisAgent,0.0000
end_to_end,20260421,285,0.0000,2,stagnant,ValidatorAgent,DocumentAnalysisAgent,0.0000
end_to_end,20260421,286,0.0000,2,stagnant,ValidatorAgent,DocumentAnalysisAgent,0.0000
end_to_end,20260421,287,0.0000,2,stagnant,,DocumentAnalysisAgent,
end_to_end,20260421,288,0.0000,2,stagnant,,DocumentAnalysisAgent,
end_to_end,20260421,289,0.0000,2,stagnant,ValidatorAgent,DocumentAnalysisAgent,0.0000
end_to_end,20260421,290,0.0000,2,stagnant,,DocumentAnalysisAgent,
end_to_end,20260421,291,0.0000,2,stagnant,,DocumentAnalysisAgent,
end_to_end,20260421,292,0.0000,2,stagnant,ValidatorAgent,DocumentAnalysisAgent,0.0000
end_to_end,20260421,293,0.0000,2,stagnant,ValidatorAgent,DocumentAnalysisAgent,0.0000
end_to_end,20260421,294,0.0000,2,stagnant,LogParserAgent,DocumentAnalysisAgent,0.0000
end_to_end,20260421,295,0.0000,2,stagnant,,DocumentAnalysisAgent,
end_to_end,20260421,296,0.0000,2,stagnant,SchemaAgent,DocumentAnalysisAgent,0.0000
end_to_end,20260421,297,0.0000,2,stagnant,QAAgent,DocumentAnalysisAgent,0.0000
end_to_end,20260421,298,0.0000,2,stagnant,,DocumentAnalysisAgent,
end_to_end,20260421,299,0.0000,2,stagnant,,DocumentAnalysisAgent,
end_to_end,20260421,300,0.0000,2,stagnant,DocumentAnalysisAgent,DocumentAnalysisAgent,0.0000
end_to_end,20260421,301,1.0000,2,complete,,DocumentAnalysisAgent,
end_to_end,20260421,302,0.0000,2,stagnant,LogParserAgent,DocumentAnalysisAgent,0.0000
end_to_end,20260421,303,0.0000,2,stagnant,BuilderAgent,DocumentAnalysisAgent,0.0000
end_to_end,20260421,304,0.0000,2,stagnant,ValidatorAgent,DocumentAnalysisAgent,0.0000
end_to_end,20260421,305,0.0000,2,stagnant,QAAgent,DocumentAnalysisAgent,0.0000
end_to_end,20260421,306,0.0000,2,stagnant,,DocumentAnalysisAgent,
end_to_end,20260421,307,0.0000,2,stagnant,DocumentAnalysisAgent,DocumentAnalysisAgent,0.0000
end_to_end,20260421,308,1.0000,2,complete,,DocumentAnalysisAgent,
end_to_end,20260421,309,0.0000,2,stagnant,,DocumentAnalysisAgent,
end_to_end,20260421,310,0.0000,2,stagnant,,DocumentAnalysisAgent,
end_to_end,20260421,311,1.0000,2,complete,SchemaAgent,DocumentAnalysisAgent,1.0000
end_to_end,20260421,312,0.0000,2,stagnant,LogParserAgent,DocumentAnalysisAgent,0.0000
end_to_end,20260421,313,1.0000,2,complete,,DocumentAnalysisAgent,
end_to_end,20260421,314,0.0000,2,stagnant,,DocumentAnalysisAgent,
end_to_end,20260421,315,0.0000,2,stagnant,SchemaAgent,DocumentAnalysisAgent,0.0000
end_to_end,20260421,316,0.0000,2,stagnant,,DocumentAnalysisAgent,
end_to_end,20260421,317,0.0000,2,stagnant,,DocumentAnalysisAgent,
end_to_end,20260421,318,1.0000,2,complete,,DocumentAnalysisAgent,
end_to_end,20260421,319,0.0000,2,stagnant,,DocumentAnalysisAgent,
end_to_end,20260421,320,0.0000,2,stagnant,,DocumentAnalysisAgent,
end_to_end,20260421,321,0.0000,2,stagnant,LogParserAgent,DocumentAnalysisAgent,0.0000
end_to_end,20260421,322,0.0000,2,stagnant,,DocumentAnalysisAgent,
end_to_end,20260421,323,0.0000,2,stagnant,BuilderAgent,DocumentAnalysisAgent,0.0000
end_to_end,20260421,324,0.0000,2,stagnant,QAAgent,DocumentAnalysisAgent,0.0000
end_to_end,20260421,325,0.0000,2,stagnant,,DocumentAnalysisAgent,
end_to_end,20260421,326,0.0000,2,stagnant,,DocumentAnalysisAgent,
end_to_end,20260421,327,0.0000,2,stagnant,QAAgent,DocumentAnalysisAgent,0.0000
end_to_end,20260421,328,0.0000,2,stagnant,,DocumentAnalysisAgent,
end_to_end,20260421,329,0.0000,2,stagnant,,DocumentAnalysisAgent,
end_to_end,20260421,330,0.0000,2,stagnant,,DocumentAnalysisAgent,
end_to_end,20260421,331,0.0000,2,stagnant,,DocumentAnalysisAgent,
end_to_end,20260421,332,0.0000,2,stagnant,,DocumentAnalysisAgent,
end_to_end,20260421,333,0.0000,2,stagnant,LogParserAgent,DocumentAnalysisAgent,0.0000
end_to_end,20260421,334,1.0000,1,complete,,DocumentAnalysisAgent,
end_to_end,20260421,335,0.0000,2,stagnant,BuilderAgent,DocumentAnalysisAgent,0.0000
end_to_end,20260421,336,0.0000,2,stagnant,,DocumentAnalysisAgent,
end_to_end,20260421,337,0.0000,2,stagnant,BuilderAgent,DocumentAnalysisAgent,0.0000
end_to_end,20260421,338,0.0000,2,stagnant,DocumentAnalysisAgent,DocumentAnalysisAgent,0.0000
end_to_end,20260421,339,1.0000,2,complete,LogParserAgent,DocumentAnalysisAgent,1.0000
end_to_end,20260421,340,0.0000,2,stagnant,ValidatorAgent,DocumentAnalysisAgent,0.0000
end_to_end,20260421,341,0.0000,2,stagnant,,DocumentAnalysisAgent,
end_to_end,20260421,342,0.0000,2,stagnant,,DocumentAnalysisAgent,
end_to_end,20260421,343,0.0000,2,stagnant,,DocumentAnalysisAgent,
end_to_end,20260421,344,0.0000,2,stagnant,ValidatorAgent,DocumentAnalysisAgent,0.0000
end_to_end,20260421,345,0.0000,2,stagnant,,DocumentAnalysisAgent,
end_to_end,20260421,346,1.0000,2,complete,,DocumentAnalysisAgent,
end_to_end,20260421,347,1.0000,1,complete,SchemaAgent,DocumentAnalysisAgent,1.0000
end_to_end,20260421,348,0.0000,2,stagnant,,DocumentAnalysisAgent,
end_to_end,20260421,349,1.0000,1,complete,,DocumentAnalysisAgent,
end_to_end,20260421,350,0.0000,2,stagnant,SchemaAgent,DocumentAnalysisAgent,0.0000
end_to_end,20260421,351,0.0000,2,stagnant,,DocumentAnalysisAgent,
end_to_end,20260421,352,1.0000,1,complete,,DocumentAnalysisAgent,
end_to_end,20260421,353,0.0000,2,stagnant,,DocumentAnalysisAgent,
end_to_end,20260421,354,1.0000,1,complete,,DocumentAnalysisAgent,
end_to_end,20260421,355,0.0000,2,stagnant,,DocumentAnalysisAgent,
end_to_end,20260421,356,0.0000,2,stagnant,,DocumentAnalysisAgent,
end_to_end,20260421,357,0.0000,2,stagnant,,DocumentAnalysisAgent,
end_to_end,20260421,358,0.0000,2,stagnant,BuilderAgent,DocumentAnalysisAgent,0.0000
end_to_end,20260421,359,0.0000,2,stagnant,DocumentAnalysisAgent,DocumentAnalysisAgent,0.0000
end_to_end,20260421,360,1.0000,2,complete,,DocumentAnalysisAgent,
end_to_end,20260421,361,1.0000,2,complete,,DocumentAnalysisAgent,
end_to_end,20260421,362,0.0000,2,stagnant,,DocumentAnalysisAgent,
end_to_end,20260421,363,1.0000,1,complete,,DocumentAnalysisAgent,
end_to_end,20260421,364,0.0000,2,stagnant,,DocumentAnalysisAgent,
end_to_end,20260421,365,0.0000,2,stagnant,,DocumentAnalysisAgent,
end_to_end,20260421,366,0.0000,2,stagnant,SchemaAgent,DocumentAnalysisAgent,0.0000
end_to_end,20260421,367,1.0000,1,complete,,DocumentAnalysisAgent,
end_to_end,20260421,368,1.0000,2,complete,,DocumentAnalysisAgent,
end_to_end,20260421,369,0.0000,2,stagnant,,DocumentAnalysisAgent,
end_to_end,20260421,370,0.0000,2,stagnant,,DocumentAnalysisAgent,
end_to_end,20260421,371,0.0000,2,stagnant,DocumentAnalysisAgent,DocumentAnalysisAgent,0.0000
end_to_end,20260421,372,1.0000,1,complete,,DocumentAnalysisAgent,
end_to_end,20260421,373,0.0000,2,stagnant,ValidatorAgent,DocumentAnalysisAgent,0.0000
end_to_end,20260421,374,0.0000,2,stagnant,QAAgent,DocumentAnalysisAgent,0.0000
end_to_end,20260421,375,1.0000,2,complete,,DocumentAnalysisAgent,
end_to_end,20260421,376,0.0000,2,stagnant,,DocumentAnalysisAgent,
end_to_end,20260421,377,0.0000,2,stagnant,,DocumentAnalysisAgent,
end_to_end,20260421,378,0.0000,2,stagnant,BuilderAgent,DocumentAnalysisAgent,0.0000
end_to_end,20260421,379,0.0000,2,stagnant,,DocumentAnalysisAgent,
end_to_end,20260421,380,0.0000,2,stagnant,BuilderAgent,DocumentAnalysisAgent,0.0000
end_to_end,20260421,381,0.0000,2,stagnant,SchemaAgent,DocumentAnalysisAgent,0.0000
end_to_end,20260421,382,0.0000,2,stagnant,,DocumentAnalysisAgent,
end_to_end,20260421,383,0.0000,2,stagnant,,DocumentAnalysisAgent,
end_to_end,20260421,384,1.0000,1,complete,,DocumentAnalysisAgent,
end_to_end,20260421,385,0.0000,2,stagnant,LogParserAgent,DocumentAnalysisAgent,0.0000
end_to_end,20260421,386,0.0000,2,stagnant,DocumentAnalysisAgent,DocumentAnalysisAgent,0.0000
end_to_end,20260421,387,0.0000,2,stagnant,QAAgent,DocumentAnalysisAgent,0.0000
end_to_end,20260421,388,1.0000,1,complete,,DocumentAnalysisAgent,
end_to_end,20260421,389,1.0000,1,complete,SchemaAgent,DocumentAnalysisAgent,1.0000
end_to_end,20260421,390,0.0000,2,stagnant,ValidatorAgent,DocumentAnalysisAgent,0.0000
end_to_end,20260421,391,0.0000,2,stagnant,,DocumentAnalysisAgent,
end_to_end,20260421,392,1.0000,1,complete,,DocumentAnalysisAgent,
end_to_end,20260421,393,0.0000,2,stagnant,SchemaAgent,DocumentAnalysisAgent,0.0000
end_to_end,20260421,394,0.0000,2,stagnant,LogParserAgent,DocumentAnalysisAgent,0.0000
end_to_end,20260421,395,1.0000,2,complete,,DocumentAnalysisAgent,
end_to_end,20260421,396,1.0000,2,complete,,DocumentAnalysisAgent,
end_to_end,20260421,397,0.0000,2,stagnant,,DocumentAnalysisAgent,
end_to_end,20260421,398,0.0000,2,stagnant,LogParserAgent,DocumentAnalysisAgent,0.0000
end_to_end,20260421,399,0.0000,2,stagnant,BuilderAgent,DocumentAnalysisAgent,0.0000
counterfactual,20260417,0,0.0000,2,stagnant,,LogParserAgent,
counterfactual,20260417,1,0.0000,2,stagnant,,LogParserAgent,
counterfactual,20260417,2,1.0000,2,complete,BuilderAgent,DocumentAnalysisAgent,1.0000
counterfactual,20260417,3,0.0000,2,stagnant,QAAgent,LogParserAgent,0.5000
counterfactual,20260417,4,0.0000,2,stagnant,,SchemaAgent,
counterfactual,20260417,5,0.0000,2,stagnant,ValidatorAgent,SchemaAgent,0.2500
counterfactual,20260417,6,0.0000,2,stagnant,LogParserAgent,DocumentAnalysisAgent,0.5000
counterfactual,20260417,7,1.0000,2,complete,,LogParserAgent,
counterfactual,20260417,8,0.0000,2,stagnant,ValidatorAgent,LogParserAgent,0.2500
counterfactual,20260417,9,0.0000,2,stagnant,,DocumentAnalysisAgent,
counterfactual,20260417,10,0.0000,2,stagnant,,DocumentAnalysisAgent,
counterfactual,20260417,11,0.0000,2,stagnant,DocumentAnalysisAgent,DocumentAnalysisAgent,0.5000
counterfactual,20260417,12,0.0000,2,stagnant,QAAgent,SchemaAgent,0.2500
counterfactual,20260417,13,0.0000,2,stagnant,,DocumentAnalysisAgent,
counterfactual,20260417,14,0.0000,2,stagnant,BuilderAgent,DocumentAnalysisAgent,0.5000
counterfactual,20260417,15,0.0000,2,stagnant,LogParserAgent,DocumentAnalysisAgent,0.5000
counterfactual,20260417,16,0.0000,2,stagnant,QAAgent,SchemaAgent,0.3750
counterfactual,20260417,17,1.0000,1,complete,,SchemaAgent,
counterfactual,20260417,18,0.0000,2,stagnant,,DocumentAnalysisAgent,
counterfactual,20260417,19,0.0000,2,stagnant,LogParserAgent,DocumentAnalysisAgent,0.5000
counterfactual,20260417,20,0.0000,2,stagnant,ValidatorAgent,SchemaAgent,0.2500
counterfactual,20260417,21,0.0000,2,stagnant,LogParserAgent,DocumentAnalysisAgent,0.5000
counterfactual,20260417,22,0.0000,2,stagnant,,SchemaAgent,
counterfactual,20260417,23,1.0000,2,complete,,DocumentAnalysisAgent,
counterfactual,20260417,24,0.0000,2,stagnant,,DocumentAnalysisAgent,
counterfactual,20260417,25,0.0000,2,stagnant,LogParserAgent,DocumentAnalysisAgent,0.3750
counterfactual,20260417,26,0.0000,2,stagnant,QAAgent,DocumentAnalysisAgent,0.5000
counterfactual,20260417,27,0.0000,2,stagnant,BuilderAgent,DocumentAnalysisAgent,0.3750
counterfactual,20260417,28,1.0000,2,complete,,SchemaAgent,
counterfactual,20260417,29,0.0000,2,stagnant,,LogParserAgent,
counterfactual,20260417,30,0.0000,2,stagnant,LogParserAgent,LogParserAgent,0.2500
counterfactual,20260417,31,0.0000,2,stagnant,ValidatorAgent,SchemaAgent,0.2500
counterfactual,20260417,32,1.0000,1,complete,,DocumentAnalysisAgent,
counterfactual,20260417,33,0.0000,2,stagnant,,DocumentAnalysisAgent,
counterfactual,20260417,34,0.0000,2,stagnant,,LogParserAgent,
counterfactual,20260417,35,0.0000,2,stagnant,LogParserAgent,DocumentAnalysisAgent,0.5000
counterfactual,20260417,36,0.0000,2,stagnant,,SchemaAgent,
counterfactual,20260417,37,0.0000,2,stagnant,,LogParserAgent,
counterfactual,20260417,38,0.0000,2,stagnant,,DocumentAnalysisAgent,
counterfactual,20260417,39,0.0000,2,stagnant,QAAgent,DocumentAnalysisAgent,0.5000
counterfactual,20260417,40,0.0000,2,stagnant,,DocumentAnalysisAgent,
counterfactual,20260417,41,0.0000,2,stagnant,,DocumentAnalysisAgent,
counterfactual,20260417,42,0.0000,2,stagnant,,DocumentAnalysisAgent,
counterfactual,20260417,43,0.0000,2,stagnant,BuilderAgent,DocumentAnalysisAgent,0.5000
counterfactual,20260417,44,0.0000,2,stagnant,,DocumentAnalysisAgent,
counterfactual,20260417,45,0.0000,2,stagnant,ValidatorAgent,DocumentAnalysisAgent,0.5000
counterfactual,20260417,46,1.0000,1,complete,,SchemaAgent,
counterfactual,20260417,47,0.0000,2,stagnant,,DocumentAnalysisAgent,
counterfactual,20260417,48,0.0000,2,stagnant,LogParserAgent,DocumentAnalysisAgent,0.5000
counterfactual,20260417,49,0.0000,2,stagnant,DocumentAnalysisAgent,DocumentAnalysisAgent,0.2500
counterfactual,20260417,50,0.0000,2,stagnant,BuilderAgent,DocumentAnalysisAgent,0.5000
counterfactual,20260417,51,0.0000,2,stagnant,,DocumentAnalysisAgent,
counterfactual,20260417,52,1.0000,1,complete,,SchemaAgent,
counterfactual,20260417,53,0.0000,2,stagnant,ValidatorAgent,LogParserAgent,0.3750
counterfactual,20260417,54,0.0000,2,stagnant,QAAgent,DocumentAnalysisAgent,0.5000
counterfactual,20260417,55,0.0000,2,stagnant,QAAgent,DocumentAnalysisAgent,0.5000
counterfactual,20260417,56,0.0000,2,stagnant,ValidatorAgent,SchemaAgent,0.2500
counterfactual,20260417,57,0.0000,2,stagnant,,DocumentAnalysisAgent,
counterfactual,20260417,58,0.0000,2,stagnant,ValidatorAgent,DocumentAnalysisAgent,0.5000
counterfactual,20260417,59,0.0000,2,stagnant,DocumentAnalysisAgent,DocumentAnalysisAgent,0.5000
counterfactual,20260417,60,1.0000,2,complete,,LogParserAgent,
counterfactual,20260417,61,0.0000,2,stagnant,,SchemaAgent,
counterfactual,20260417,62,1.0000,2,complete,SchemaAgent,SchemaAgent,0.7500
counterfactual,20260417,63,1.0000,2,complete,,LogParserAgent,
counterfactual,20260417,64,1.0000,1,complete,,LogParserAgent,
counterfactual,20260417,65,0.0000,2,stagnant,,LogParserAgent,
counterfactual,20260417,66,0.0000,2,stagnant,,DocumentAnalysisAgent,
counterfactual,20260417,67,0.0000,2,stagnant,DocumentAnalysisAgent,DocumentAnalysisAgent,0.3750
counterfactual,20260417,68,0.0000,2,stagnant,,DocumentAnalysisAgent,
counterfactual,20260417,69,0.0000,2,stagnant,,DocumentAnalysisAgent,
counterfactual,20260417,70,1.0000,1,complete,,LogParserAgent,
counterfactual,20260417,71,0.0000,2,stagnant,,DocumentAnalysisAgent,
counterfactual,20260417,72,0.0000,2,stagnant,LogParserAgent,LogParserAgent,0.3750
counterfactual,20260417,73,0.0000,2,stagnant,BuilderAgent,LogParserAgent,0.5000
counterfactual,20260417,74,0.0000,2,stagnant,BuilderAgent,DocumentAnalysisAgent,0.5000
counterfactual,20260417,75,0.0000,2,stagnant,,DocumentAnalysisAgent,
counterfactual,20260417,76,0.0000,2,stagnant,SchemaAgent,SchemaAgent,0.1250
counterfactual,20260417,77,0.0000,2,stagnant,,DocumentAnalysisAgent,
counterfactual,20260417,78,0.0000,2,stagnant,,DocumentAnalysisAgent,
counterfactual,20260417,79,0.0000,2,stagnant,,LogParserAgent,
counterfactual,20260417,80,0.0000,2,stagnant,,LogParserAgent,
counterfactual,20260417,81,0.0000,2,stagnant,,DocumentAnalysisAgent,
counterfactual,20260417,82,0.0000,2,stagnant,,SchemaAgent,
counterfactual,20260417,83,0.0000,2,stagnant,,DocumentAnalysisAgent,
counterfactual,20260417,84,0.0000,2,stagnant,SchemaAgent,DocumentAnalysisAgent,0.5000
counterfactual,20260417,85,0.0000,2,stagnant,ValidatorAgent,SchemaAgent,0.2500
counterfactual,20260417,86,0.0000,2,stagnant,SchemaAgent,LogParserAgent,0.3750
counterfactual,20260417,87,0.0000,2,stagnant,LogParserAgent,LogParserAgent,0.2500
counterfactual,20260417,88,0.0000,2,stagnant,,LogParserAgent,
counterfactual,20260417,89,0.0000,2,stagnant,DocumentAnalysisAgent,DocumentAnalysisAgent,0.3750
counterfactual,20260417,90,0.0000,2,stagnant,,LogParserAgent,
counterfactual,20260417,91,1.0000,2,complete,,SchemaAgent,
counterfactual,20260417,92,0.0000,2,stagnant,,DocumentAnalysisAgent,
counterfactual,20260417,93,0.0000,2,stagnant,,DocumentAnalysisAgent,
counterfactual,20260417,94,0.0000,2,stagnant,,DocumentAnalysisAgent,
counterfactual,20260417,95,0.0000,2,stagnant,ValidatorAgent,DocumentAnalysisAgent,0.5000
counterfactual,20260417,96,0.0000,2,stagnant,,DocumentAnalysisAgent,
counterfactual,20260417,97,0.0000,2,stagnant,,DocumentAnalysisAgent,
counterfactual,20260417,98,0.0000,2,stagnant,SchemaAgent,DocumentAnalysisAgent,0.5000
counterfactual,20260417,99,0.0000,2,stagnant,,DocumentAnalysisAgent,
counterfactual,20260417,100,1.0000,1,complete,,LogParserAgent,
counterfactual,20260417,101,1.0000,1,complete,DocumentAnalysisAgent,DocumentAnalysisAgent,0.8750
counterfactual,20260417,102,1.0000,2,complete,,SchemaAgent,
counterfactual,20260417,103,0.0000,2,stagnant,,DocumentAnalysisAgent,
counterfactual,20260417,104,0.0000,2,stagnant,,SchemaAgent,
counterfactual,20260417,105,0.0000,2,stagnant,,DocumentAnalysisAgent,
counterfactual,20260417,106,1.0000,2,complete,,LogParserAgent,
counterfactual,20260417,107,0.0000,2,stagnant,ValidatorAgent,SchemaAgent,0.1250
counterfactual,20260417,108,1.0000,2,complete,,SchemaAgent,
counterfactual,20260417,109,0.0000,2,stagnant,LogParserAgent,DocumentAnalysisAgent,0.3750
counterfactual,20260417,110,0.0000,2,stagnant,,DocumentAnalysisAgent,
counterfactual,20260417,111,0.0000,2,stagnant,ValidatorAgent,LogParserAgent,0.2500
counterfactual,20260417,112,0.0000,2,stagnant,BuilderAgent,DocumentAnalysisAgent,0.3750
counterfactual,20260417,113,0.0000,2,stagnant,,DocumentAnalysisAgent,
counterfactual,20260417,114,0.0000,2,stagnant,QAAgent,SchemaAgent,0.2500
counterfactual,20260417,115,0.0000,2,stagnant,SchemaAgent,LogParserAgent,0.3750
counterfactual,20260417,116,0.0000,2,stagnant,LogParserAgent,LogParserAgent,0.2500
counterfactual,20260417,117,1.0000,1,complete,,LogParserAgent,
counterfactual,20260417,118,0.0000,2,stagnant,SchemaAgent,SchemaAgent,0.1250
counterfactual,20260417,119,0.0000,2,stagnant,QAAgent,LogParserAgent,0.2500
counterfactual,20260417,120,0.0000,2,stagnant,,DocumentAnalysisAgent,
counterfactual,20260417,121,0.0000,2,stagnant,QAAgent,DocumentAnalysisAgent,0.5000
counterfactual,20260417,122,0.0000,2,stagnant,ValidatorAgent,DocumentAnalysisAgent,0.5000
counterfactual,20260417,123,0.0000,2,stagnant,,DocumentAnalysisAgent,
counterfactual,20260417,124,0.0000,2,stagnant,,DocumentAnalysisAgent,
counterfactual,20260417,125,0.0000,2,stagnant,,LogParserAgent,
counterfactual,20260417,126,0.0000,2,stagnant,,SchemaAgent,
counterfactual,20260417,127,0.0000,2,stagnant,,LogParserAgent,
counterfactual,20260417,128,0.0000,2,stagnant,,DocumentAnalysisAgent,
counterfactual,20260417,129,0.0000,2,stagnant,,DocumentAnalysisAgent,
counterfactual,20260417,130,0.0000,2,stagnant,BuilderAgent,DocumentAnalysisAgent,0.5000
counterfactual,20260417,131,0.0000,2,stagnant,SchemaAgent,LogParserAgent,0.2500
counterfactual,20260417,132,0.0000,2,stagnant,LogParserAgent,LogParserAgent,0.1250
counterfactual,20260417,133,0.0000,2,stagnant,,DocumentAnalysisAgent,
counterfactual,20260417,134,0.0000,2,stagnant,DocumentAnalysisAgent,DocumentAnalysisAgent,0.5000
counterfactual,20260417,135,0.0000,2,stagnant,,DocumentAnalysisAgent,
counterfactual,20260417,136,0.0000,2,stagnant,LogParserAgent,LogParserAgent,0.3750
counterfactual,20260417,137,0.0000,2,stagnant,,LogParserAgent,
counterfactual,20260417,138,1.0000,2,complete,,LogParserAgent,
counterfactual,20260417,139,1.0000,2,complete,QAAgent,DocumentAnalysisAgent,0.7500
counterfactual,20260417,140,0.0000,2,stagnant,,DocumentAnalysisAgent,
counterfactual,20260417,141,0.0000,2,stagnant,,LogParserAgent,
counterfactual,20260417,142,0.0000,2,stagnant,,DocumentAnalysisAgent,
counterfactual,20260417,143,1.0000,1,complete,,SchemaAgent,
counterfactual,20260417,144,0.0000,2,stagnant,,DocumentAnalysisAgent,
counterfactual,20260417,145,0.0000,2,stagnant,ValidatorAgent,DocumentAnalysisAgent,0.5000
counterfactual,20260417,146,1.0000,1,complete,,DocumentAnalysisAgent,
counterfactual,20260417,147,0.0000,2,stagnant,,LogParserAgent,
counterfactual,20260417,148,0.0000,2,stagnant,QAAgent,SchemaAgent,0.3750
counterfactual,20260417,149,0.0000,2,stagnant,,DocumentAnalysisAgent,
counterfactual,20260417,150,0.0000,2,stagnant,,DocumentAnalysisAgent,
counterfactual,20260417,151,0.0000,2,stagnant,SchemaAgent,SchemaAgent,0.2500
counterfactual,20260417,152,0.0000,2,stagnant,,DocumentAnalysisAgent,
counterfactual,20260417,153,1.0000,2,complete,,LogParserAgent,
counterfactual,20260417,154,0.0000,2,stagnant,,SchemaAgent,
counterfactual,20260417,155,0.0000,2,stagnant,SchemaAgent,LogParserAgent,0.3750
counterfactual,20260417,156,0.0000,2,stagnant,,LogParserAgent,
counterfactual,20260417,157,0.0000,2,stagnant,,DocumentAnalysisAgent,
counterfactual,20260417,158,1.0000,1,complete,,DocumentAnalysisAgent,
counterfactual,20260417,159,0.0000,2,stagnant,BuilderAgent,DocumentAnalysisAgent,0.5000
counterfactual,20260417,160,1.0000,1,complete,,SchemaAgent,
counterfactual,20260417,161,0.0000,2,stagnant,,LogParserAgent,
counterfactual,20260417,162,0.0000,2,stagnant,BuilderAgent,DocumentAnalysisAgent,0.5000
counterfactual,20260417,163,1.0000,2,complete,,DocumentAnalysisAgent,
counterfactual,20260417,164,0.0000,2,stagnant,,SchemaAgent,
counterfactual,20260417,165,0.0000,2,stagnant,SchemaAgent,DocumentAnalysisAgent,0.5000
counterfactual,20260417,166,0.0000,2,stagnant,BuilderAgent,DocumentAnalysisAgent,0.5000
counterfactual,20260417,167,0.0000,2,stagnant,,SchemaAgent,
counterfactual,20260417,168,1.0000,2,complete,,DocumentAnalysisAgent,
counterfactual,20260417,169,0.0000,2,stagnant,,LogParserAgent,
counterfactual,20260417,170,0.0000,2,stagnant,ValidatorAgent,DocumentAnalysisAgent,0.5000
counterfactual,20260417,171,1.0000,1,complete,,LogParserAgent,
counterfactual,20260417,172,0.0000,2,stagnant,,DocumentAnalysisAgent,
counterfactual,20260417,173,0.0000,2,stagnant,,LogParserAgent,
counterfactual,20260417,174,0.0000,2,stagnant,,DocumentAnalysisAgent,
counterfactual,20260417,175,0.0000,2,stagnant,DocumentAnalysisAgent,DocumentAnalysisAgent,0.5000
counterfactual,20260417,176,1.0000,1,complete,,SchemaAgent,
counterfactual,20260417,177,0.0000,2,stagnant,,DocumentAnalysisAgent,
counterfactual,20260417,178,0.0000,2,stagnant,QAAgent,SchemaAgent,0.0000
counterfactual,20260417,179,0.0000,2,stagnant,BuilderAgent,LogParserAgent,0.5000
counterfactual,20260417,180,1.0000,1,complete,,DocumentAnalysisAgent,
counterfactual,20260417,181,0.0000,2,stagnant,BuilderAgent,DocumentAnalysisAgent,0.5000
counterfactual,20260417,182,0.0000,2,stagnant,,DocumentAnalysisAgent,
counterfactual,20260417,183,1.0000,1,complete,,LogParserAgent,
counterfactual,20260417,184,1.0000,2,complete,,LogParserAgent,
counterfactual,20260417,185,0.0000,2,stagnant,,DocumentAnalysisAgent,
counterfactual,20260417,186,0.0000,2,stagnant,,LogParserAgent,
counterfactual,20260417,187,0.0000,2,stagnant,,LogParserAgent,
counterfactual,20260417,188,0.0000,2,stagnant,,LogParserAgent,
counterfactual,20260417,189,1.0000,1,complete,,SchemaAgent,
counterfactual,20260417,190,1.0000,1,complete,,DocumentAnalysisAgent,
counterfactual,20260417,191,0.0000,2,stagnant,,SchemaAgent,
counterfactual,20260417,192,1.0000,2,complete,,LogParserAgent,
counterfactual,20260417,193,0.0000,2,stagnant,,DocumentAnalysisAgent,
counterfactual,20260417,194,0.0000,2,stagnant,SchemaAgent,LogParserAgent,0.2500
counterfactual,20260417,195,0.0000,2,stagnant,,SchemaAgent,
counterfactual,20260417,196,0.0000,2,stagnant,,LogParserAgent,
counterfactual,20260417,197,0.0000,2,stagnant,,LogParserAgent,
counterfactual,20260417,198,1.0000,2,complete,,SchemaAgent,
counterfactual,20260417,199,0.0000,2,stagnant,QAAgent,LogParserAgent,0.3750
counterfactual,20260417,200,0.0000,2,stagnant,LogParserAgent,DocumentAnalysisAgent,0.5000
counterfactual,20260417,201,0.0000,2,stagnant,DocumentAnalysisAgent,DocumentAnalysisAgent,0.3750
counterfactual,20260417,202,0.0000,2,stagnant,,DocumentAnalysisAgent,
counterfactual,20260417,203,1.0000,2,complete,,LogParserAgent,
counterfactual,20260417,204,0.0000,2,stagnant,,DocumentAnalysisAgent,
counterfactual,20260417,205,0.0000,2,stagnant,,LogParserAgent,
counterfactual,20260417,206,0.0000,2,stagnant,,DocumentAnalysisAgent,
counterfactual,20260417,207,0.0000,2,stagnant,,DocumentAnalysisAgent,
counterfactual,20260417,208,0.0000,2,stagnant,DocumentAnalysisAgent,DocumentAnalysisAgent,0.2500
counterfactual,20260417,209,0.0000,2,stagnant,QAAgent,DocumentAnalysisAgent,0.5000
counterfactual,20260417,210,0.0000,2,stagnant,,DocumentAnalysisAgent,
counterfactual,20260417,211,0.0000,2,stagnant,,SchemaAgent,
counterfactual,20260417,212,0.0000,2,stagnant,QAAgent,DocumentAnalysisAgent,0.5000
counterfactual,20260417,213,0.0000,2,stagnant,ValidatorAgent,DocumentAnalysisAgent,0.5000
counterfactual,20260417,214,0.0000,2,stagnant,,LogParserAgent,
counterfactual,20260417,215,0.0000,2,stagnant,ValidatorAgent,DocumentAnalysisAgent,0.5000
counterfactual,20260417,216,0.0000,2,stagnant,LogParserAgent,LogParserAgent,0.3750
counterfactual,20260417,217,0.0000,2,stagnant,QAAgent,LogParserAgent,0.3750
counterfactual,20260417,218,0.0000,2,stagnant,ValidatorAgent,DocumentAnalysisAgent,0.5000
counterfactual,20260417,219,0.0000,2,stagnant,ValidatorAgent,SchemaAgent,0.2500
counterfactual,20260417,220,0.0000,2,stagnant,,DocumentAnalysisAgent,
counterfactual,20260417,221,0.0000,2,stagnant,LogParserAgent,DocumentAnalysisAgent,0.3750
counterfactual,20260417,222,0.0000,2,stagnant,,SchemaAgent,
counterfactual,20260417,223,0.0000,2,stagnant,LogParserAgent,DocumentAnalysisAgent,0.3750
counterfactual,20260417,224,1.0000,1,complete,,DocumentAnalysisAgent,
counterfactual,20260417,225,0.0000,2,stagnant,,DocumentAnalysisAgent,
counterfactual,20260417,226,0.0000,2,stagnant,SchemaAgent,DocumentAnalysisAgent,0.2500
counterfactual,20260417,227,0.0000,2,stagnant,,DocumentAnalysisAgent,
counterfactual,20260417,228,0.0000,2,stagnant,LogParserAgent,LogParserAgent,0.1250
counterfactual,20260417,229,0.0000,2,stagnant,DocumentAnalysisAgent,DocumentAnalysisAgent,0.5000
counterfactual,20260417,230,0.0000,2,stagnant,SchemaAgent,DocumentAnalysisAgent,0.5000
counterfactual,20260417,231,0.0000,2,stagnant,,LogParserAgent,
counterfactual,20260417,232,0.0000,2,stagnant,DocumentAnalysisAgent,DocumentAnalysisAgent,0.2500
counterfactual,20260417,233,0.0000,2,stagnant,,DocumentAnalysisAgent,
counterfactual,20260417,234,1.0000,2,complete,,SchemaAgent,
counterfactual,20260417,235,1.0000,2,complete,,SchemaAgent,
counterfactual,20260417,236,1.0000,1,complete,,SchemaAgent,
counterfactual,20260417,237,0.0000,2,stagnant,SchemaAgent,DocumentAnalysisAgent,0.5000
counterfactual,20260417,238,0.0000,2,stagnant,,DocumentAnalysisAgent,
counterfactual,20260417,239,0.0000,2,stagnant,BuilderAgent,SchemaAgent,0.2500
counterfactual,20260417,240,0.0000,2,stagnant,,DocumentAnalysisAgent,
counterfactual,20260417,241,0.0000,2,stagnant,,DocumentAnalysisAgent,
counterfactual,20260417,242,0.0000,2,stagnant,BuilderAgent,DocumentAnalysisAgent,0.5000
counterfactual,20260417,243,0.0000,2,stagnant,,DocumentAnalysisAgent,
counterfactual,20260417,244,0.0000,2,stagnant,DocumentAnalysisAgent,DocumentAnalysisAgent,0.5000
counterfactual,20260417,245,0.0000,2,stagnant,,DocumentAnalysisAgent,
counterfactual,20260417,246,1.0000,2,complete,,SchemaAgent,
counterfactual,20260417,247,0.0000,2,stagnant,LogParserAgent,DocumentAnalysisAgent,0.3750
counterfactual,20260417,248,0.0000,2,stagnant,,LogParserAgent,
counterfactual,20260417,249,0.0000,2,stagnant,BuilderAgent,DocumentAnalysisAgent,0.5000
counterfactual,20260417,250,0.0000,2,stagnant,ValidatorAgent,DocumentAnalysisAgent,0.5000
counterfactual,20260417,251,0.0000,2,stagnant,,DocumentAnalysisAgent,
counterfactual,20260417,252,0.0000,2,stagnant,,DocumentAnalysisAgent,
counterfactual,20260417,253,1.0000,2,complete,,DocumentAnalysisAgent,
counterfactual,20260417,254,0.0000,2,stagnant,LogParserAgent,DocumentAnalysisAgent,0.5000
counterfactual,20260417,255,0.0000,2,stagnant,,DocumentAnalysisAgent,
counterfactual,20260417,256,1.0000,1,complete,,SchemaAgent,
counterfactual,20260417,257,0.0000,2,stagnant,DocumentAnalysisAgent,DocumentAnalysisAgent,0.3750
counterfactual,20260417,258,0.0000,2,stagnant,QAAgent,DocumentAnalysisAgent,0.5000
counterfactual,20260417,259,1.0000,2,complete,,SchemaAgent,
counterfactual,20260417,260,0.0000,2,stagnant,LogParserAgent,LogParserAgent,0.3750
counterfactual,20260417,261,1.0000,2,complete,,LogParserAgent,
counterfactual,20260417,262,0.0000,2,stagnant,LogParserAgent,DocumentAnalysisAgent,0.5000
counterfactual,20260417,263,0.0000,2,stagnant,,DocumentAnalysisAgent,
counterfactual,20260417,264,0.0000,2,stagnant,LogParserAgent,DocumentAnalysisAgent,0.3750
counterfactual,20260417,265,0.0000,2,stagnant,,DocumentAnalysisAgent,
counterfactual,20260417,266,0.0000,2,stagnant,DocumentAnalysisAgent,DocumentAnalysisAgent,0.5000
counterfactual,20260417,267,0.0000,2,stagnant,ValidatorAgent,LogParserAgent,0.5000
counterfactual,20260417,268,0.0000,2,stagnant,,DocumentAnalysisAgent,
counterfactual,20260417,269,0.0000,2,stagnant,,DocumentAnalysisAgent,
counterfactual,20260417,270,0.0000,2,stagnant,,SchemaAgent,
counterfactual,20260417,271,0.0000,2,stagnant,,LogParserAgent,
counterfactual,20260417,272,0.0000,2,stagnant,,DocumentAnalysisAgent,
counterfactual,20260417,273,0.0000,2,stagnant,DocumentAnalysisAgent,DocumentAnalysisAgent,0.2500
counterfactual,20260417,274,0.0000,2,stagnant,QAAgent,SchemaAgent,0.2500
counterfactual,20260417,275,0.0000,2,stagnant,QAAgent,DocumentAnalysisAgent,0.3750
counterfactual,20260417,276,0.0000,2,stagnant,SchemaAgent,LogParserAgent,0.3750
counterfactual,20260417,277,0.0000,2,stagnant,BuilderAgent,DocumentAnalysisAgent,0.5000
counterfactual,20260417,278,0.0000,2,stagnant,,LogParserAgent,
counterfactual,20260417,279,1.0000,1,complete,,SchemaAgent,
counterfactual,20260417,280,1.0000,2,complete,,SchemaAgent,
counterfactual,20260417,281,0.0000,2,stagnant,,DocumentAnalysisAgent,
counterfactual,20260417,282,0.0000,2,stagnant,SchemaAgent,LogParserAgent,0.3750
counterfactual,20260417,283,0.0000,2,stagnant,LogParserAgent,DocumentAnalysisAgent,0.5000
counterfactual,20260417,284,0.0000,2,stagnant,,DocumentAnalysisAgent,
counterfactual,20260417,285,0.0000,2,stagnant,,DocumentAnalysisAgent,
counterfactual,20260417,286,0.0000,2,stagnant,ValidatorAgent,LogParserAgent,0.3750
counterfactual,20260417,287,0.0000,2,stagnant,SchemaAgent,SchemaAgent,0.2500
counterfactual,20260417,288,0.0000,2,stagnant,LogParserAgent,DocumentAnalysisAgent,0.5000
counterfactual,20260417,289,0.0000,2,stagnant,ValidatorAgent,DocumentAnalysisAgent,0.5000
counterfactual,20260417,290,0.0000,2,stagnant,DocumentAnalysisAgent,DocumentAnalysisAgent,0.2500
counterfactual,20260417,291,0.0000,2,stagnant,,DocumentAnalysisAgent,
counterfactual,20260417,292,0.0000,2,stagnant,,DocumentAnalysisAgent,
counterfactual,20260417,293,1.0000,2,complete,,SchemaAgent,
counterfactual,20260417,294,0.0000,2,stagnant,,DocumentAnalysisAgent,
counterfactual,20260417,295,0.0000,2,stagnant,LogParserAgent,DocumentAnalysisAgent,0.5000
counterfactual,20260417,296,0.0000,2,stagnant,ValidatorAgent,DocumentAnalysisAgent,0.5000
counterfactual,20260417,297,0.0000,2,stagnant,,DocumentAnalysisAgent,
counterfactual,20260417,298,0.0000,2,stagnant,,DocumentAnalysisAgent,
counterfactual,20260417,299,1.0000,1,complete,,LogParserAgent,
counterfactual,20260417,300,0.0000,2,stagnant,SchemaAgent,DocumentAnalysisAgent,0.5000
counterfactual,20260417,301,0.0000,2,stagnant,,DocumentAnalysisAgent,
counterfactual,20260417,302,0.0000,2,stagnant,ValidatorAgent,DocumentAnalysisAgent,0.3750
counterfactual,20260417,303,1.0000,2,complete,,SchemaAgent,
counterfactual,20260417,304,0.0000,2,stagnant,BuilderAgent,DocumentAnalysisAgent,0.5000
counterfactual,20260417,305,1.0000,1,complete,,DocumentAnalysisAgent,
counterfactual,20260417,306,0.0000,2,stagnant,LogParserAgent,DocumentAnalysisAgent,0.5000
counterfactual,20260417,307,0.0000,2,stagnant,,LogParserAgent,
counterfactual,20260417,308,0.0000,2,stagnant,LogParserAgent,DocumentAnalysisAgent,0.5000
counterfactual,20260417,309,1.0000,1,complete,,DocumentAnalysisAgent,
counterfactual,20260417,310,1.0000,1,complete,,SchemaAgent,
counterfactual,20260417,311,0.0000,2,stagnant,,LogParserAgent,
counterfactual,20260417,312,0.0000,2,stagnant,QAAgent,DocumentAnalysisAgent,0.5000
counterfactual,20260417,313,0.0000,2,stagnant,LogParserAgent,DocumentAnalysisAgent,0.5000
counterfactual,20260417,314,0.0000,2,stagnant,DocumentAnalysisAgent,DocumentAnalysisAgent,0.2500
counterfactual,20260417,315,0.0000,2,stagnant,,LogParserAgent,
counterfactual,20260417,316,0.0000,2,stagnant,,DocumentAnalysisAgent,
counterfactual,20260417,317,0.0000,2,stagnant,,LogParserAgent,
counterfactual,20260417,318,1.0000,2,complete,,SchemaAgent,
counterfactual,20260417,319,0.0000,2,stagnant,,LogParserAgent,
counterfactual,20260417,320,0.0000,2,stagnant,DocumentAnalysisAgent,DocumentAnalysisAgent,0.2500
counterfactual,20260417,321,0.0000,2,stagnant,,LogParserAgent,
counterfactual,20260417,322,0.0000,2,stagnant,LogParserAgent,DocumentAnalysisAgent,0.3750
counterfactual,20260417,323,1.0000,2,complete,,DocumentAnalysisAgent,
counterfactual,20260417,324,0.0000,2,stagnant,,DocumentAnalysisAgent,
counterfactual,20260417,325,0.0000,2,stagnant,QAAgent,DocumentAnalysisAgent,0.5000
counterfactual,20260417,326,0.0000,2,stagnant,,DocumentAnalysisAgent,
counterfactual,20260417,327,0.0000,2,stagnant,,SchemaAgent,
counterfactual,20260417,328,0.0000,2,stagnant,,DocumentAnalysisAgent,
counterfactual,20260417,329,1.0000,2,complete,,DocumentAnalysisAgent,
counterfactual,20260417,330,0.0000,2,stagnant,,DocumentAnalysisAgent,
counterfactual,20260417,331,0.0000,2,stagnant,QAAgent,DocumentAnalysisAgent,0.5000
counterfactual,20260417,332,0.0000,2,stagnant,DocumentAnalysisAgent,DocumentAnalysisAgent,0.5000
counterfactual,20260417,333,0.0000,2,stagnant,LogParserAgent,DocumentAnalysisAgent,0.5000
counterfactual,20260417,334,0.0000,2,stagnant,,DocumentAnalysisAgent,
counterfactual,20260417,335,0.0000,2,stagnant,,DocumentAnalysisAgent,
counterfactual,20260417,336,0.0000,2,stagnant,,DocumentAnalysisAgent,
counterfactual,20260417,337,0.0000,2,stagnant,,SchemaAgent,
counterfactual,20260417,338,0.0000,2,stagnant,,DocumentAnalysisAgent,
counterfactual,20260417,339,0.0000,2,stagnant,LogParserAgent,DocumentAnalysisAgent,0.5000
counterfactual,20260417,340,0.0000,2,stagnant,,LogParserAgent,
counterfactual,20260417,341,0.0000,2,stagnant,QAAgent,SchemaAgent,0.2500
counterfactual,20260417,342,1.0000,1,complete,,SchemaAgent,
counterfactual,20260417,343,0.0000,2,stagnant,,DocumentAnalysisAgent,
counterfactual,20260417,344,0.0000,2,stagnant,BuilderAgent,DocumentAnalysisAgent,0.5000
counterfactual,20260417,345,1.0000,2,complete,,SchemaAgent,
counterfactual,20260417,346,0.0000,2,stagnant,QAAgent,LogParserAgent,0.5000
counterfactual,20260417,347,0.0000,2,stagnant,DocumentAnalysisAgent,DocumentAnalysisAgent,0.2500
counterfactual,20260417,348,1.0000,1,complete,,SchemaAgent,
counterfactual,20260417,349,0.0000,2,stagnant,,DocumentAnalysisAgent,
counterfactual,20260417,350,0.0000,2,stagnant,,DocumentAnalysisAgent,
counterfactual,20260417,351,0.0000,2,stagnant,,LogParserAgent,
counterfactual,20260417,352,0.0000,2,stagnant,DocumentAnalysisAgent,DocumentAnalysisAgent,0.2500
counterfactual,20260417,353,0.0000,2,stagnant,,DocumentAnalysisAgent,
counterfactual,20260417,354,1.0000,1,complete,,SchemaAgent,
counterfactual,20260417,355,0.0000,2,stagnant,LogParserAgent,LogParserAgent,0.3750
counterfactual,20260417,356,0.0000,2,stagnant,QAAgent,LogParserAgent,0.3750
counterfactual,20260417,357,1.0000,2,complete,,DocumentAnalysisAgent,
counterfactual,20260417,358,0.0000,2,stagnant,ValidatorAgent,LogParserAgent,0.5000
counterfactual,20260417,359,0.0000,2,stagnant,,DocumentAnalysisAgent,
counterfactual,20260417,360,0.0000,2,stagnant,QAAgent,DocumentAnalysisAgent,0.5000
counterfactual,20260417,361,0.0000,2,stagnant,,LogParserAgent,
counterfactual,20260417,362,0.0000,2,stagnant,,DocumentAnalysisAgent,
counterfactual,20260417,363,1.0000,1,complete,,LogParserAgent,
counterfactual,20260417,364,0.0000,2,stagnant,,LogParserAgent,
counterfactual,20260417,365,0.0000,2,stagnant,SchemaAgent,DocumentAnalysisAgent,0.5000
counterfactual,20260417,366,1.0000,1,complete,,SchemaAgent,
counterfactual,20260417,367,0.0000,2,stagnant,,LogParserAgent,
counterfactual,20260417,368,0.0000,2,stagnant,,DocumentAnalysisAgent,
counterfactual,20260417,369,0.0000,2,stagnant,DocumentAnalysisAgent,DocumentAnalysisAgent,0.2500
counterfactual,20260417,370,0.0000,2,stagnant,,DocumentAnalysisAgent,
counterfactual,20260417,371,0.0000,2,stagnant,,DocumentAnalysisAgent,
counterfactual,20260417,372,0.0000,2,stagnant,,DocumentAnalysisAgent,
counterfactual,20260417,373,1.0000,1,complete,,LogParserAgent,
counterfactual,20260417,374,0.0000,2,stagnant,LogParserAgent,LogParserAgent,0.3750
counterfactual,20260417,375,0.0000,2,stagnant,DocumentAnalysisAgent,DocumentAnalysisAgent,0.5000
counterfactual,20260417,376,0.0000,2,stagnant,QAAgent,DocumentAnalysisAgent,0.5000
counterfactual,20260417,377,0.0000,2,stagnant,QAAgent,DocumentAnalysisAgent,0.5000
counterfactual,20260417,378,0.0000,2,stagnant,,SchemaAgent,
counterfactual,20260417,379,0.0000,2,stagnant,,DocumentAnalysisAgent,
counterfactual,20260417,380,0.0000,2,stagnant,ValidatorAgent,DocumentAnalysisAgent,0.5000
counterfactual,20260417,381,0.0000,2,stagnant,,DocumentAnalysisAgent,
counterfactual,20260417,382,0.0000,2,stagnant,SchemaAgent,LogParserAgent,0.3750
counterfactual,20260417,383,0.0000,2,stagnant,DocumentAnalysisAgent,DocumentAnalysisAgent,0.3750
counterfactual,20260417,384,0.0000,2,stagnant,LogParserAgent,DocumentAnalysisAgent,0.5000
counterfactual,20260417,385,0.0000,2,stagnant,QAAgent,DocumentAnalysisAgent,0.5000
counterfactual,20260417,386,0.0000,2,stagnant,,DocumentAnalysisAgent,
counterfactual,20260417,387,0.0000,2,stagnant,DocumentAnalysisAgent,DocumentAnalysisAgent,0.5000
counterfactual,20260417,388,0.0000,2,stagnant,,SchemaAgent,
counterfactual,20260417,389,1.0000,1,complete,,LogParserAgent,
counterfactual,20260417,390,1.0000,1,complete,,LogParserAgent,
counterfactual,20260417,391,0.0000,2,stagnant,,DocumentAnalysisAgent,
counterfactual,20260417,392,0.0000,2,stagnant,,SchemaAgent,
counterfactual,20260417,393,0.0000,2,stagnant,DocumentAnalysisAgent,DocumentAnalysisAgent,0.2500
counterfactual,20260417,394,0.0000,2,stagnant,LogParserAgent,DocumentAnalysisAgent,0.5000
counterfactual,20260417,395,0.0000,2,stagnant,BuilderAgent,SchemaAgent,0.1250
counterfactual,20260417,396,1.0000,1,complete,,DocumentAnalysisAgent,
counterfactual,20260417,397,1.0000,2,complete,,SchemaAgent,
counterfactual,20260417,398,0.0000,2,stagnant,,DocumentAnalysisAgent,
counterfactual,20260417,399,0.0000,2,stagnant,,DocumentAnalysisAgent,
counterfactual,20260418,0,0.0000,2,stagnant,,DocumentAnalysisAgent,
counterfactual,20260418,1,1.0000,1,complete,,SchemaAgent,
counterfactual,20260418,2,0.0000,2,stagnant,SchemaAgent,DocumentAnalysisAgent,0.5000
counterfactual,20260418,3,0.0000,2,stagnant,,DocumentAnalysisAgent,
counterfactual,20260418,4,0.0000,2,stagnant,,SchemaAgent,
counterfactual,20260418,5,0.0000,2,stagnant,,SchemaAgent,
counterfactual,20260418,6,0.0000,2,stagnant,DocumentAnalysisAgent,DocumentAnalysisAgent,0.3750
counterfactual,20260418,7,0.0000,2,stagnant,,DocumentAnalysisAgent,
counterfactual,20260418,8,0.0000,2,stagnant,SchemaAgent,DocumentAnalysisAgent,0.5000
counterfactual,20260418,9,0.0000,2,stagnant,LogParserAgent,LogParserAgent,0.3750
counterfactual,20260418,10,0.0000,2,stagnant,,DocumentAnalysisAgent,
counterfactual,20260418,11,1.0000,1,complete,,LogParserAgent,
counterfactual,20260418,12,0.0000,2,stagnant,LogParserAgent,DocumentAnalysisAgent,0.5000
counterfactual,20260418,13,0.0000,2,stagnant,QAAgent,LogParserAgent,0.5000
counterfactual,20260418,14,0.0000,2,stagnant,,DocumentAnalysisAgent,
counterfactual,20260418,15,1.0000,1,complete,,DocumentAnalysisAgent,
counterfactual,20260418,16,0.0000,2,stagnant,,SchemaAgent,
counterfactual,20260418,17,0.0000,2,stagnant,,DocumentAnalysisAgent,
counterfactual,20260418,18,0.0000,2,stagnant,ValidatorAgent,DocumentAnalysisAgent,0.5000
counterfactual,20260418,19,0.0000,2,stagnant,,DocumentAnalysisAgent,
counterfactual,20260418,20,0.0000,2,stagnant,,DocumentAnalysisAgent,
counterfactual,20260418,21,0.0000,2,stagnant,,DocumentAnalysisAgent,
counterfactual,20260418,22,0.0000,2,stagnant,,LogParserAgent,
counterfactual,20260418,23,0.0000,2,stagnant,,DocumentAnalysisAgent,
counterfactual,20260418,24,0.0000,2,stagnant,BuilderAgent,LogParserAgent,0.3750
counterfactual,20260418,25,0.0000,2,stagnant,BuilderAgent,DocumentAnalysisAgent,0.2500
counterfactual,20260418,26,0.0000,2,stagnant,,DocumentAnalysisAgent,
counterfactual,20260418,27,0.0000,2,stagnant,,SchemaAgent,
counterfactual,20260418,28,0.0000,2,stagnant,,DocumentAnalysisAgent,
counterfactual,20260418,29,0.0000,2,stagnant,BuilderAgent,DocumentAnalysisAgent,0.3750
counterfactual,20260418,30,0.0000,2,stagnant,,DocumentAnalysisAgent,
counterfactual,20260418,31,1.0000,1,complete,,SchemaAgent,
counterfactual,20260418,32,0.0000,2,stagnant,BuilderAgent,DocumentAnalysisAgent,0.5000
counterfactual,20260418,33,0.0000,2,stagnant,LogParserAgent,DocumentAnalysisAgent,0.3750
counterfactual,20260418,34,0.0000,2,stagnant,,DocumentAnalysisAgent,
counterfactual,20260418,35,0.0000,2,stagnant,,DocumentAnalysisAgent,
counterfactual,20260418,36,0.0000,2,stagnant,DocumentAnalysisAgent,SchemaAgent,0.5000
counterfactual,20260418,37,0.0000,2,stagnant,LogParserAgent,DocumentAnalysisAgent,0.3750
counterfactual,20260418,38,0.0000,2,stagnant,BuilderAgent,DocumentAnalysisAgent,0.5000
counterfactual,20260418,39,1.0000,2,complete,,SchemaAgent,
counterfactual,20260418,40,1.0000,1,complete,,LogParserAgent,
counterfactual,20260418,41,0.0000,2,stagnant,QAAgent,LogParserAgent,0.2500
counterfactual,20260418,42,1.0000,1,complete,,LogParserAgent,
counterfactual,20260418,43,1.0000,2,complete,,DocumentAnalysisAgent,
counterfactual,20260418,44,0.0000,2,stagnant,,LogParserAgent,
counterfactual,20260418,45,0.0000,2,stagnant,BuilderAgent,DocumentAnalysisAgent,0.2500
counterfactual,20260418,46,0.0000,2,stagnant,BuilderAgent,DocumentAnalysisAgent,0.5000
counterfactual,20260418,47,0.0000,2,stagnant,,LogParserAgent,
counterfactual,20260418,48,0.0000,2,stagnant,,DocumentAnalysisAgent,
counterfactual,20260418,49,0.0000,2,stagnant,DocumentAnalysisAgent,DocumentAnalysisAgent,0.5000
counterfactual,20260418,50,0.0000,2,stagnant,DocumentAnalysisAgent,DocumentAnalysisAgent,0.2500
counterfactual,20260418,51,0.0000,2,stagnant,DocumentAnalysisAgent,DocumentAnalysisAgent,0.3750
counterfactual,20260418,52,0.0000,2,stagnant,,LogParserAgent,
counterfactual,20260418,53,0.0000,2,stagnant,LogParserAgent,DocumentAnalysisAgent,0.5000
counterfactual,20260418,54,0.0000,2,stagnant,,DocumentAnalysisAgent,
counterfactual,20260418,55,0.0000,2,stagnant,,LogParserAgent,
counterfactual,20260418,56,0.0000,2,stagnant,,DocumentAnalysisAgent,
counterfactual,20260418,57,0.0000,2,stagnant,,DocumentAnalysisAgent,
counterfactual,20260418,58,1.0000,2,complete,,LogParserAgent,
counterfactual,20260418,59,0.0000,2,stagnant,,LogParserAgent,
counterfactual,20260418,60,0.0000,2,stagnant,,DocumentAnalysisAgent,
counterfactual,20260418,61,0.0000,2,stagnant,BuilderAgent,SchemaAgent,0.2500
counterfactual,20260418,62,0.0000,2,stagnant,,DocumentAnalysisAgent,
counterfactual,20260418,63,0.0000,2,stagnant,LogParserAgent,LogParserAgent,0.3750
counterfactual,20260418,64,0.0000,2,stagnant,SchemaAgent,SchemaAgent,0.1250
counterfactual,20260418,65,0.0000,2,stagnant,,DocumentAnalysisAgent,
counterfactual,20260418,66,0.0000,2,stagnant,,DocumentAnalysisAgent,
counterfactual,20260418,67,0.0000,2,stagnant,DocumentAnalysisAgent,DocumentAnalysisAgent,0.5000
counterfactual,20260418,68,0.0000,2,stagnant,,DocumentAnalysisAgent,
counterfactual,20260418,69,1.0000,2,complete,,LogParserAgent,
counterfactual,20260418,70,0.0000,2,stagnant,,DocumentAnalysisAgent,
counterfactual,20260418,71,0.0000,2,stagnant,,LogParserAgent,
counterfactual,20260418,72,0.0000,2,stagnant,LogParserAgent,DocumentAnalysisAgent,0.5000
counterfactual,20260418,73,0.0000,2,stagnant,,DocumentAnalysisAgent,
counterfactual,20260418,74,1.0000,1,complete,,LogParserAgent,
counterfactual,20260418,75,1.0000,2,complete,,SchemaAgent,
counterfactual,20260418,76,0.0000,2,stagnant,DocumentAnalysisAgent,DocumentAnalysisAgent,0.1250
counterfactual,20260418,77,0.0000,2,stagnant,LogParserAgent,DocumentAnalysisAgent,0.5000
counterfactual,20260418,78,1.0000,1,complete,,DocumentAnalysisAgent,
counterfactual,20260418,79,1.0000,1,complete,,SchemaAgent,
counterfactual,20260418,80,0.0000,2,stagnant,SchemaAgent,DocumentAnalysisAgent,0.5000
counterfactual,20260418,81,0.0000,2,stagnant,,DocumentAnalysisAgent,
counterfactual,20260418,82,0.0000,2,stagnant,,LogParserAgent,
counterfactual,20260418,83,0.0000,2,stagnant,BuilderAgent,LogParserAgent,0.2500
counterfactual,20260418,84,0.0000,2,stagnant,BuilderAgent,DocumentAnalysisAgent,0.5000
counterfactual,20260418,85,1.0000,1,complete,,LogParserAgent,
counterfactual,20260418,86,0.0000,2,stagnant,,SchemaAgent,
counterfactual,20260418,87,0.0000,2,stagnant,,LogParserAgent,
counterfactual,20260418,88,0.0000,2,stagnant,,SchemaAgent,
counterfactual,20260418,89,0.0000,2,stagnant,LogParserAgent,LogParserAgent,0.2500
counterfactual,20260418,90,0.0000,2,stagnant,,LogParserAgent,
counterfactual,20260418,91,0.0000,2,stagnant,ValidatorAgent,DocumentAnalysisAgent,0.5000
counterfactual,20260418,92,0.0000,2,stagnant,,DocumentAnalysisAgent,
counterfactual,20260418,93,0.0000,2,stagnant,SchemaAgent,DocumentAnalysisAgent,0.5000
counterfactual,20260418,94,0.0000,2,stagnant,SchemaAgent,DocumentAnalysisAgent,0.3750
counterfactual,20260418,95,0.0000,2,stagnant,SchemaAgent,DocumentAnalysisAgent,0.5000
counterfactual,20260418,96,0.0000,2,stagnant,,LogParserAgent,
counterfactual,20260418,97,0.0000,2,stagnant,,DocumentAnalysisAgent,
counterfactual,20260418,98,0.0000,2,stagnant,DocumentAnalysisAgent,DocumentAnalysisAgent,0.3750
counterfactual,20260418,99,0.0000,2,stagnant,,LogParserAgent,
counterfactual,20260418,100,0.0000,2,stagnant,,DocumentAnalysisAgent,
counterfactual,20260418,101,0.0000,2,stagnant,ValidatorAgent,DocumentAnalysisAgent,0.5000
counterfactual,20260418,102,0.0000,2,stagnant,,DocumentAnalysisAgent,
counterfactual,20260418,103,0.0000,2,stagnant,SchemaAgent,DocumentAnalysisAgent,0.5000
counterfactual,20260418,104,0.0000,2,stagnant,DocumentAnalysisAgent,DocumentAnalysisAgent,0.5000
counterfactual,20260418,105,0.0000,2,stagnant,,DocumentAnalysisAgent,
counterfactual,20260418,106,1.0000,2,complete,,LogParserAgent,
counterfactual,20260418,107,0.0000,2,stagnant,,DocumentAnalysisAgent,
counterfactual,20260418,108,0.0000,2,stagnant,,DocumentAnalysisAgent,
counterfactual,20260418,109,0.0000,2,stagnant,BuilderAgent,LogParserAgent,0.5000
counterfactual,20260418,110,1.0000,2,complete,,LogParserAgent,
counterfactual,20260418,111,0.0000,2,stagnant,,DocumentAnalysisAgent,
counterfactual,20260418,112,0.0000,2,stagnant,QAAgent,DocumentAnalysisAgent,0.5000
counterfactual,20260418,113,1.0000,1,complete,,LogParserAgent,
counterfactual,20260418,114,0.0000,2,stagnant,,DocumentAnalysisAgent,
counterfactual,20260418,115,0.0000,2,stagnant,BuilderAgent,SchemaAgent,0.1250
counterfactual,20260418,116,1.0000,1,complete,,SchemaAgent,
counterfactual,20260418,117,0.0000,2,stagnant,,SchemaAgent,
counterfactual,20260418,118,0.0000,2,stagnant,ValidatorAgent,DocumentAnalysisAgent,0.5000
counterfactual,20260418,119,0.0000,2,stagnant,DocumentAnalysisAgent,DocumentAnalysisAgent,0.3750
counterfactual,20260418,120,0.0000,2,stagnant,,DocumentAnalysisAgent,
counterfactual,20260418,121,0.0000,2,stagnant,,SchemaAgent,
counterfactual,20260418,122,0.0000,2,stagnant,BuilderAgent,DocumentAnalysisAgent,0.5000
counterfactual,20260418,123,0.0000,2,stagnant,,LogParserAgent,
counterfactual,20260418,124,0.0000,2,stagnant,,SchemaAgent,
counterfactual,20260418,125,0.0000,2,stagnant,,DocumentAnalysisAgent,
counterfactual,20260418,126,0.0000,2,stagnant,,LogParserAgent,
counterfactual,20260418,127,0.0000,2,stagnant,,DocumentAnalysisAgent,
counterfactual,20260418,128,0.0000,2,stagnant,,DocumentAnalysisAgent,
counterfactual,20260418,129,0.0000,2,stagnant,,DocumentAnalysisAgent,
counterfactual,20260418,130,0.0000,2,stagnant,ValidatorAgent,LogParserAgent,0.5000
counterfactual,20260418,131,0.0000,2,stagnant,DocumentAnalysisAgent,DocumentAnalysisAgent,0.3750
counterfactual,20260418,132,0.0000,2,stagnant,QAAgent,DocumentAnalysisAgent,0.5000
counterfactual,20260418,133,0.0000,2,stagnant,,LogParserAgent,
counterfactual,20260418,134,0.0000,2,stagnant,,DocumentAnalysisAgent,
counterfactual,20260418,135,0.0000,2,stagnant,,LogParserAgent,
counterfactual,20260418,136,0.0000,2,stagnant,LogParserAgent,LogParserAgent,0.3750
counterfactual,20260418,137,0.0000,2,stagnant,,DocumentAnalysisAgent,
counterfactual,20260418,138,0.0000,2,stagnant,,DocumentAnalysisAgent,
counterfactual,20260418,139,0.0000,2,stagnant,,DocumentAnalysisAgent,
counterfactual,20260418,140,0.0000,2,stagnant,ValidatorAgent,DocumentAnalysisAgent,0.5000
counterfactual,20260418,141,1.0000,1,complete,,DocumentAnalysisAgent,
counterfactual,20260418,142,0.0000,2,stagnant,DocumentAnalysisAgent,DocumentAnalysisAgent,0.5000
counterfactual,20260418,143,0.0000,2,stagnant,,DocumentAnalysisAgent,
counterfactual,20260418,144,1.0000,2,complete,,LogParserAgent,
counterfactual,20260418,145,0.0000,2,stagnant,,DocumentAnalysisAgent,
counterfactual,20260418,146,0.0000,2,stagnant,,SchemaAgent,
counterfactual,20260418,147,0.0000,2,stagnant,,DocumentAnalysisAgent,
counterfactual,20260418,148,0.0000,2,stagnant,,LogParserAgent,
counterfactual,20260418,149,0.0000,2,stagnant,SchemaAgent,DocumentAnalysisAgent,0.5000
counterfactual,20260418,150,0.0000,2,stagnant,BuilderAgent,SchemaAgent,0.2500
counterfactual,20260418,151,0.0000,2,stagnant,,LogParserAgent,
counterfactual,20260418,152,0.0000,2,stagnant,,DocumentAnalysisAgent,
counterfactual,20260418,153,0.0000,2,stagnant,ValidatorAgent,LogParserAgent,0.5000
counterfactual,20260418,154,1.0000,1,complete,,LogParserAgent,
counterfactual,20260418,155,0.0000,2,stagnant,,LogParserAgent,
counterfactual,20260418,156,0.0000,2,stagnant,BuilderAgent,LogParserAgent,0.5000
counterfactual,20260418,157,1.0000,1,complete,,LogParserAgent,
counterfactual,20260418,158,0.0000,2,stagnant,LogParserAgent,DocumentAnalysisAgent,0.5000
counterfactual,20260418,159,0.0000,2,stagnant,,LogParserAgent,
counterfactual,20260418,160,0.0000,2,stagnant,DocumentAnalysisAgent,DocumentAnalysisAgent,0.3750
counterfactual,20260418,161,0.0000,2,stagnant,SchemaAgent,LogParserAgent,0.3750
counterfactual,20260418,162,0.0000,2,stagnant,SchemaAgent,LogParserAgent,0.3750
counterfactual,20260418,163,0.0000,2,stagnant,SchemaAgent,LogParserAgent,0.2500
counterfactual,20260418,164,0.0000,2,stagnant,SchemaAgent,LogParserAgent,0.2500
counterfactual,20260418,165,0.0000,2,stagnant,,LogParserAgent,
counterfactual,20260418,166,0.0000,2,stagnant,SchemaAgent,DocumentAnalysisAgent,0.5000
counterfactual,20260418,167,0.0000,2,stagnant,,DocumentAnalysisAgent,
counterfactual,20260418,168,1.0000,1,complete,,LogParserAgent,
counterfactual,20260418,169,0.0000,2,stagnant,,DocumentAnalysisAgent,
counterfactual,20260418,170,0.0000,2,stagnant,QAAgent,SchemaAgent,0.2500
counterfactual,20260418,171,0.0000,2,stagnant,,DocumentAnalysisAgent,
counterfactual,20260418,172,0.0000,2,stagnant,,SchemaAgent,
counterfactual,20260418,173,0.0000,2,stagnant,,LogParserAgent,
counterfactual,20260418,174,0.0000,2,stagnant,DocumentAnalysisAgent,DocumentAnalysisAgent,0.5000
counterfactual,20260418,175,0.0000,2,stagnant,,DocumentAnalysisAgent,
counterfactual,20260418,176,0.0000,2,stagnant,QAAgent,SchemaAgent,0.2500
counterfactual,20260418,177,0.0000,2,stagnant,,DocumentAnalysisAgent,
counterfactual,20260418,178,1.0000,2,complete,,LogParserAgent,
counterfactual,20260418,179,0.0000,2,stagnant,QAAgent,LogParserAgent,0.5000
counterfactual,20260418,180,0.0000,2,stagnant,QAAgent,DocumentAnalysisAgent,0.3750
counterfactual,20260418,181,0.0000,2,stagnant,ValidatorAgent,DocumentAnalysisAgent,0.5000
counterfactual,20260418,182,0.0000,2,stagnant,DocumentAnalysisAgent,DocumentAnalysisAgent,0.5000
counterfactual,20260418,183,0.0000,2,stagnant,QAAgent,DocumentAnalysisAgent,0.5000
counterfactual,20260418,184,0.0000,2,stagnant,,DocumentAnalysisAgent,
counterfactual,20260418,185,1.0000,1,complete,,LogParserAgent,
counterfactual,20260418,186,0.0000,2,stagnant,,DocumentAnalysisAgent,
counterfactual,20260418,187,0.0000,2,stagnant,QAAgent,DocumentAnalysisAgent,0.5000
counterfactual,20260418,188,0.0000,2,stagnant,,DocumentAnalysisAgent,
counterfactual,20260418,189,0.0000,2,stagnant,,DocumentAnalysisAgent,
counterfactual,20260418,190,0.0000,2,stagnant,QAAgent,LogParserAgent,0.5000
counterfactual,20260418,191,0.0000,2,stagnant,ValidatorAgent,DocumentAnalysisAgent,0.3750
counterfactual,20260418,192,0.0000,2,stagnant,,DocumentAnalysisAgent,
counterfactual,20260418,193,1.0000,1,complete,,SchemaAgent,
counterfactual,20260418,194,0.0000,2,stagnant,SchemaAgent,SchemaAgent,0.3750
counterfactual,20260418,195,0.0000,2,stagnant,QAAgent,SchemaAgent,0.2500
counterfactual,20260418,196,0.0000,2,stagnant,LogParserAgent,DocumentAnalysisAgent,0.5000
counterfactual,20260418,197,0.0000,2,stagnant,SchemaAgent,LogParserAgent,0.5000
counterfactual,20260418,198,0.0000,2,stagnant,BuilderAgent,DocumentAnalysisAgent,0.5000
counterfactual,20260418,199,0.0000,2,stagnant,,DocumentAnalysisAgent,
counterfactual,20260418,200,1.0000,1,complete,,SchemaAgent,
counterfactual,20260418,201,0.0000,2,stagnant,,SchemaAgent,
counterfactual,20260418,202,0.0000,2,stagnant,,DocumentAnalysisAgent,
counterfactual,20260418,203,0.0000,2,stagnant,,SchemaAgent,
counterfactual,20260418,204,1.0000,2,complete,,DocumentAnalysisAgent,
counterfactual,20260418,205,0.0000,2,stagnant,BuilderAgent,DocumentAnalysisAgent,0.5000
counterfactual,20260418,206,0.0000,2,stagnant,,DocumentAnalysisAgent,
counterfactual,20260418,207,0.0000,2,stagnant,,LogParserAgent,
counterfactual,20260418,208,0.0000,2,stagnant,SchemaAgent,LogParserAgent,0.3750
counterfactual,20260418,209,1.0000,2,complete,,SchemaAgent,
counterfactual,20260418,210,0.0000,2,stagnant,LogParserAgent,DocumentAnalysisAgent,0.5000
counterfactual,20260418,211,0.0000,2,stagnant,QAAgent,SchemaAgent,0.2500
counterfactual,20260418,212,0.0000,2,stagnant,,DocumentAnalysisAgent,
counterfactual,20260418,213,0.0000,2,stagnant,ValidatorAgent,LogParserAgent,0.3750
counterfactual,20260418,214,0.0000,2,stagnant,SchemaAgent,DocumentAnalysisAgent,0.3750
counterfactual,20260418,215,0.0000,2,stagnant,QAAgent,DocumentAnalysisAgent,0.5000
counterfactual,20260418,216,0.0000,2,stagnant,,LogParserAgent,
counterfactual,20260418,217,0.0000,2,stagnant,ValidatorAgent,LogParserAgent,0.3750
counterfactual,20260418,218,0.0000,2,stagnant,LogParserAgent,DocumentAnalysisAgent,0.5000
counterfactual,20260418,219,0.0000,2,stagnant,BuilderAgent,DocumentAnalysisAgent,0.5000
counterfactual,20260418,220,0.0000,2,stagnant,,SchemaAgent,
counterfactual,20260418,221,0.0000,2,stagnant,DocumentAnalysisAgent,DocumentAnalysisAgent,0.5000
counterfactual,20260418,222,0.0000,2,stagnant,,DocumentAnalysisAgent,
counterfactual,20260418,223,0.0000,2,stagnant,,DocumentAnalysisAgent,
counterfactual,20260418,224,0.0000,2,stagnant,QAAgent,LogParserAgent,0.3750
counterfactual,20260418,225,0.0000,2,stagnant,,SchemaAgent,
counterfactual,20260418,226,1.0000,2,complete,,SchemaAgent,
counterfactual,20260418,227,1.0000,1,complete,,DocumentAnalysisAgent,
counterfactual,20260418,228,0.0000,2,stagnant,LogParserAgent,DocumentAnalysisAgent,0.5000
counterfactual,20260418,229,0.0000,2,stagnant,,SchemaAgent,
counterfactual,20260418,230,0.0000,2,stagnant,,SchemaAgent,
counterfactual,20260418,231,0.0000,2,stagnant,,DocumentAnalysisAgent,
counterfactual,20260418,232,0.0000,2,stagnant,,DocumentAnalysisAgent,
counterfactual,20260418,233,0.0000,2,stagnant,LogParserAgent,LogParserAgent,0.3750
counterfactual,20260418,234,1.0000,2,complete,,SchemaAgent,
counterfactual,20260418,235,0.0000,2,stagnant,SchemaAgent,DocumentAnalysisAgent,0.5000
counterfactual,20260418,236,0.0000,2,stagnant,,LogParserAgent,
counterfactual,20260418,237,0.0000,2,stagnant,BuilderAgent,DocumentAnalysisAgent,0.5000
counterfactual,20260418,238,0.0000,2,stagnant,ValidatorAgent,SchemaAgent,0.2500
counterfactual,20260418,239,0.0000,2,stagnant,SchemaAgent,SchemaAgent,0.3750
counterfactual,20260418,240,0.0000,2,stagnant,,DocumentAnalysisAgent,
counterfactual,20260418,241,0.0000,2,stagnant,LogParserAgent,DocumentAnalysisAgent,0.5000
counterfactual,20260418,242,0.0000,2,stagnant,QAAgent,DocumentAnalysisAgent,0.5000
counterfactual,20260418,243,0.0000,2,stagnant,,DocumentAnalysisAgent,
counterfactual,20260418,244,1.0000,2,complete,,SchemaAgent,
counterfactual,20260418,245,1.0000,2,complete,,SchemaAgent,
counterfactual,20260418,246,0.0000,2,stagnant,,DocumentAnalysisAgent,
counterfactual,20260418,247,0.0000,2,stagnant,SchemaAgent,DocumentAnalysisAgent,0.5000
counterfactual,20260418,248,0.0000,2,stagnant,,SchemaAgent,
counterfactual,20260418,249,0.0000,2,stagnant,,LogParserAgent,
counterfactual,20260418,250,0.0000,2,stagnant,,SchemaAgent,
counterfactual,20260418,251,1.0000,1,complete,,DocumentAnalysisAgent,
counterfactual,20260418,252,0.0000,2,stagnant,,DocumentAnalysisAgent,
counterfactual,20260418,253,0.0000,2,stagnant,LogParserAgent,DocumentAnalysisAgent,0.3750
counterfactual,20260418,254,0.0000,2,stagnant,,DocumentAnalysisAgent,
counterfactual,20260418,255,1.0000,2,complete,,SchemaAgent,
counterfactual,20260418,256,0.0000,2,stagnant,BuilderAgent,LogParserAgent,0.3750
counterfactual,20260418,257,0.0000,2,stagnant,ValidatorAgent,DocumentAnalysisAgent,0.5000
counterfactual,20260418,258,0.0000,2,stagnant,SchemaAgent,DocumentAnalysisAgent,0.5000
counterfactual,20260418,259,0.0000,2,stagnant,LogParserAgent,DocumentAnalysisAgent,0.5000
counterfactual,20260418,260,0.0000,2,stagnant,DocumentAnalysisAgent,DocumentAnalysisAgent,0.5000
counterfactual,20260418,261,0.0000,2,stagnant,,LogParserAgent,
counterfactual,20260418,262,1.0000,1,complete,,SchemaAgent,
counterfactual,20260418,263,0.0000,2,stagnant,QAAgent,SchemaAgent,0.1250
counterfactual,20260418,264,0.0000,2,stagnant,,SchemaAgent,
counterfactual,20260418,265,1.0000,2,complete,,SchemaAgent,
counterfactual,20260418,266,1.0000,1,complete,,LogParserAgent,
counterfactual,20260418,267,1.0000,1,complete,,DocumentAnalysisAgent,
counterfactual,20260418,268,0.0000,2,stagnant,,DocumentAnalysisAgent,
counterfactual,20260418,269,0.0000,2,stagnant,,DocumentAnalysisAgent,
counterfactual,20260418,270,0.0000,2,stagnant,QAAgent,SchemaAgent,0.2500
counterfactual,20260418,271,1.0000,2,complete,,DocumentAnalysisAgent,
counterfactual,20260418,272,0.0000,2,stagnant,ValidatorAgent,DocumentAnalysisAgent,0.3750
counterfactual,20260418,273,0.0000,2,stagnant,,SchemaAgent,
counterfactual,20260418,274,0.0000,2,stagnant,SchemaAgent,DocumentAnalysisAgent,0.5000
counterfactual,20260418,275,0.0000,2,stagnant,SchemaAgent,DocumentAnalysisAgent,0.3750
counterfactual,20260418,276,1.0000,1,complete,,LogParserAgent,
counterfactual,20260418,277,0.0000,2,stagnant,,DocumentAnalysisAgent,
counterfactual,20260418,278,0.0000,2,stagnant,,LogParserAgent,
counterfactual,20260418,279,0.0000,2,stagnant,,LogParserAgent,
counterfactual,20260418,280,0.0000,2,stagnant,ValidatorAgent,SchemaAgent,0.2500
counterfactual,20260418,281,0.0000,2,stagnant,,DocumentAnalysisAgent,
counterfactual,20260418,282,0.0000,2,stagnant,ValidatorAgent,SchemaAgent,0.1250
counterfactual,20260418,283,0.0000,2,stagnant,BuilderAgent,LogParserAgent,0.2500
counterfactual,20260418,284,0.0000,2,stagnant,DocumentAnalysisAgent,DocumentAnalysisAgent,0.5000
counterfactual,20260418,285,0.0000,2,stagnant,BuilderAgent,DocumentAnalysisAgent,0.2500
counterfactual,20260418,286,0.0000,2,stagnant,ValidatorAgent,DocumentAnalysisAgent,0.5000
counterfactual,20260418,287,0.0000,2,stagnant,,DocumentAnalysisAgent,
counterfactual,20260418,288,0.0000,2,stagnant,LogParserAgent,LogParserAgent,0.3750
counterfactual,20260418,289,0.0000,2,stagnant,DocumentAnalysisAgent,DocumentAnalysisAgent,0.5000
counterfactual,20260418,290,0.0000,2,stagnant,,DocumentAnalysisAgent,
counterfactual,20260418,291,0.0000,2,stagnant,,DocumentAnalysisAgent,
counterfactual,20260418,292,0.0000,2,stagnant,,DocumentAnalysisAgent,
counterfactual,20260418,293,0.0000,2,stagnant,,LogParserAgent,
counterfactual,20260418,294,0.0000,2,stagnant,DocumentAnalysisAgent,DocumentAnalysisAgent,0.3750
counterfactual,20260418,295,0.0000,2,stagnant,,DocumentAnalysisAgent,
counterfactual,20260418,296,0.0000,2,stagnant,DocumentAnalysisAgent,DocumentAnalysisAgent,0.3750
counterfactual,20260418,297,0.0000,2,stagnant,,DocumentAnalysisAgent,
counterfactual,20260418,298,1.0000,2,complete,,SchemaAgent,
counterfactual,20260418,299,0.0000,2,stagnant,BuilderAgent,LogParserAgent,0.5000
counterfactual,20260418,300,0.0000,2,stagnant,BuilderAgent,DocumentAnalysisAgent,0.5000
counterfactual,20260418,301,0.0000,2,stagnant,,DocumentAnalysisAgent,
counterfactual,20260418,302,0.0000,2,stagnant,QAAgent,DocumentAnalysisAgent,0.5000
counterfactual,20260418,303,1.0000,2,complete,,SchemaAgent,
counterfactual,20260418,304,0.0000,2,stagnant,,SchemaAgent,
counterfactual,20260418,305,0.0000,2,stagnant,BuilderAgent,DocumentAnalysisAgent,0.5000
counterfactual,20260418,306,0.0000,2,stagnant,BuilderAgent,DocumentAnalysisAgent,0.5000
counterfactual,20260418,307,1.0000,2,complete,,LogParserAgent,
counterfactual,20260418,308,0.0000,2,stagnant,ValidatorAgent,LogParserAgent,0.5000
counterfactual,20260418,309,1.0000,1,complete,BuilderAgent,SchemaAgent,0.7500
counterfactual,20260418,310,0.0000,2,stagnant,DocumentAnalysisAgent,DocumentAnalysisAgent,0.5000
counterfactual,20260418,311,0.0000,2,stagnant,,DocumentAnalysisAgent,
counterfactual,20260418,312,0.0000,2,stagnant,SchemaAgent,LogParserAgent,0.5000
counterfactual,20260418,313,0.0000,2,stagnant,BuilderAgent,SchemaAgent,0.1250
counterfactual,20260418,314,1.0000,2,complete,,LogParserAgent,
counterfactual,20260418,315,0.0000,2,stagnant,,LogParserAgent,
counterfactual,20260418,316,0.0000,2,stagnant,BuilderAgent,DocumentAnalysisAgent,0.3750
counterfactual,20260418,317,0.0000,2,stagnant,,LogParserAgent,
counterfactual,20260418,318,0.0000,2,stagnant,LogParserAgent,DocumentAnalysisAgent,0.5000
counterfactual,20260418,319,1.0000,2,complete,,SchemaAgent,
counterfactual,20260418,320,0.0000,2,stagnant,,DocumentAnalysisAgent,
counterfactual,20260418,321,0.0000,2,stagnant,,LogParserAgent,
counterfactual,20260418,322,0.0000,2,stagnant,,LogParserAgent,
counterfactual,20260418,323,0.0000,2,stagnant,,DocumentAnalysisAgent,
counterfactual,20260418,324,0.0000,2,stagnant,,DocumentAnalysisAgent,
counterfactual,20260418,325,0.0000,2,stagnant,DocumentAnalysisAgent,DocumentAnalysisAgent,0.5000
counterfactual,20260418,326,0.0000,2,stagnant,QAAgent,LogParserAgent,0.5000
counterfactual,20260418,327,0.0000,2,stagnant,,LogParserAgent,
counterfactual,20260418,328,0.0000,2,stagnant,,SchemaAgent,
counterfactual,20260418,329,0.0000,2,stagnant,BuilderAgent,DocumentAnalysisAgent,0.5000
counterfactual,20260418,330,0.0000,2,stagnant,SchemaAgent,SchemaAgent,0.3750
counterfactual,20260418,331,0.0000,2,stagnant,,DocumentAnalysisAgent,
counterfactual,20260418,332,1.0000,2,complete,,SchemaAgent,
counterfactual,20260418,333,0.0000,2,stagnant,,DocumentAnalysisAgent,
counterfactual,20260418,334,0.0000,2,stagnant,,LogParserAgent,
counterfactual,20260418,335,0.0000,2,stagnant,,DocumentAnalysisAgent,
counterfactual,20260418,336,1.0000,2,complete,,SchemaAgent,
counterfactual,20260418,337,0.0000,2,stagnant,,DocumentAnalysisAgent,
counterfactual,20260418,338,0.0000,2,stagnant,SchemaAgent,DocumentAnalysisAgent,0.5000
counterfactual,20260418,339,1.0000,1,complete,,DocumentAnalysisAgent,
counterfactual,20260418,340,0.0000,2,stagnant,DocumentAnalysisAgent,DocumentAnalysisAgent,0.3750
counterfactual,20260418,341,0.0000,2,stagnant,,DocumentAnalysisAgent,
counterfactual,20260418,342,0.0000,2,stagnant,,DocumentAnalysisAgent,
counterfactual,20260418,343,0.0000,2,stagnant,,DocumentAnalysisAgent,
counterfactual,20260418,344,0.0000,2,stagnant,ValidatorAgent,DocumentAnalysisAgent,0.5000
counterfactual,20260418,345,0.0000,2,stagnant,LogParserAgent,LogParserAgent,0.2500
counterfactual,20260418,346,0.0000,2,stagnant,,DocumentAnalysisAgent,
counterfactual,20260418,347,0.0000,2,stagnant,,DocumentAnalysisAgent,
counterfactual,20260418,348,0.0000,2,stagnant,,SchemaAgent,
counterfactual,20260418,349,0.0000,2,stagnant,,LogParserAgent,
counterfactual,20260418,350,1.0000,2,complete,,SchemaAgent,
counterfactual,20260418,351,0.0000,2,stagnant,,DocumentAnalysisAgent,
counterfactual,20260418,352,1.0000,1,complete,,SchemaAgent,
counterfactual,20260418,353,0.0000,2,stagnant,SchemaAgent,DocumentAnalysisAgent,0.5000
counterfactual,20260418,354,0.0000,2,stagnant,QAAgent,SchemaAgent,0.1250
counterfactual,20260418,355,1.0000,2,complete,,DocumentAnalysisAgent,
counterfactual,20260418,356,0.0000,2,stagnant,,LogParserAgent,
counterfactual,20260418,357,0.0000,2,stagnant,BuilderAgent,DocumentAnalysisAgent,0.5000
counterfactual,20260418,358,0.0000,2,stagnant,,DocumentAnalysisAgent,
counterfactual,20260418,359,0.0000,2,stagnant,,DocumentAnalysisAgent,
counterfactual,20260418,360,0.0000,2,stagnant,ValidatorAgent,DocumentAnalysisAgent,0.5000
counterfactual,20260418,361,0.0000,2,stagnant,BuilderAgent,LogParserAgent,0.5000
counterfactual,20260418,362,0.0000,2,stagnant,,LogParserAgent,
counterfactual,20260418,363,0.0000,2,stagnant,,DocumentAnalysisAgent,
counterfactual,20260418,364,1.0000,1,complete,,LogParserAgent,
counterfactual,20260418,365,0.0000,2,stagnant,,SchemaAgent,
counterfactual,20260418,366,0.0000,2,stagnant,,DocumentAnalysisAgent,
counterfactual,20260418,367,1.0000,2,complete,,SchemaAgent,
counterfactual,20260418,368,0.0000,2,stagnant,DocumentAnalysisAgent,DocumentAnalysisAgent,0.3750
counterfactual,20260418,369,0.0000,2,stagnant,LogParserAgent,DocumentAnalysisAgent,0.3750
counterfactual,20260418,370,0.0000,2,stagnant,ValidatorAgent,DocumentAnalysisAgent,0.5000
counterfactual,20260418,371,1.0000,1,complete,,DocumentAnalysisAgent,
counterfactual,20260418,372,0.0000,2,stagnant,DocumentAnalysisAgent,DocumentAnalysisAgent,0.5000
counterfactual,20260418,373,0.0000,2,stagnant,,DocumentAnalysisAgent,
counterfactual,20260418,374,0.0000,2,stagnant,,LogParserAgent,
counterfactual,20260418,375,1.0000,1,complete,,SchemaAgent,
counterfactual,20260418,376,0.0000,2,stagnant,,DocumentAnalysisAgent,
counterfactual,20260418,377,0.0000,2,stagnant,,DocumentAnalysisAgent,
counterfactual,20260418,378,0.0000,2,stagnant,,SchemaAgent,
counterfactual,20260418,379,1.0000,2,complete,,LogParserAgent,
counterfactual,20260418,380,0.0000,2,stagnant,,DocumentAnalysisAgent,
counterfactual,20260418,381,0.0000,2,stagnant,,DocumentAnalysisAgent,
counterfactual,20260418,382,0.0000,2,stagnant,,SchemaAgent,
counterfactual,20260418,383,0.0000,2,stagnant,,DocumentAnalysisAgent,
counterfactual,20260418,384,0.0000,2,stagnant,LogParserAgent,DocumentAnalysisAgent,0.5000
counterfactual,20260418,385,0.0000,2,stagnant,,DocumentAnalysisAgent,
counterfactual,20260418,386,0.0000,2,stagnant,,DocumentAnalysisAgent,
counterfactual,20260418,387,0.0000,2,stagnant,ValidatorAgent,DocumentAnalysisAgent,0.5000
counterfactual,20260418,388,0.0000,2,stagnant,,DocumentAnalysisAgent,
counterfactual,20260418,389,1.0000,2,complete,,DocumentAnalysisAgent,
counterfactual,20260418,390,0.0000,2,stagnant,,DocumentAnalysisAgent,
counterfactual,20260418,391,1.0000,1,complete,,LogParserAgent,
counterfactual,20260418,392,0.0000,2,stagnant,QAAgent,SchemaAgent,0.1250
counterfactual,20260418,393,0.0000,2,stagnant,,LogParserAgent,
counterfactual,20260418,394,0.0000,2,stagnant,,DocumentAnalysisAgent,
counterfactual,20260418,395,0.0000,2,stagnant,,SchemaAgent,
counterfactual,20260418,396,0.0000,2,stagnant,,DocumentAnalysisAgent,
counterfactual,20260418,397,0.0000,2,stagnant,LogParserAgent,LogParserAgent,0.2500
counterfactual,20260418,398,0.0000,2,stagnant,,DocumentAnalysisAgent,
counterfactual,20260418,399,0.0000,2,stagnant,LogParserAgent,DocumentAnalysisAgent,0.3750
counterfactual,20260419,0,0.0000,2,stagnant,,LogParserAgent,
counterfactual,20260419,1,0.0000,2,stagnant,BuilderAgent,SchemaAgent,0.2500
counterfactual,20260419,2,0.0000,2,stagnant,BuilderAgent,DocumentAnalysisAgent,0.5000
counterfactual,20260419,3,0.0000,2,stagnant,,LogParserAgent,
counterfactual,20260419,4,0.0000,2,stagnant,BuilderAgent,DocumentAnalysisAgent,0.5000
counterfactual,20260419,5,0.0000,2,stagnant,DocumentAnalysisAgent,DocumentAnalysisAgent,0.3750
counterfactual,20260419,6,0.0000,2,stagnant,SchemaAgent,LogParserAgent,0.5000
counterfactual,20260419,7,1.0000,1,complete,,DocumentAnalysisAgent,
counterfactual,20260419,8,1.0000,2,complete,,SchemaAgent,
counterfactual,20260419,9,0.0000,2,stagnant,,LogParserAgent,
counterfactual,20260419,10,1.0000,1,complete,,DocumentAnalysisAgent,
counterfactual,20260419,11,0.0000,2,stagnant,BuilderAgent,SchemaAgent,0.2500
counterfactual,20260419,12,1.0000,2,complete,,SchemaAgent,
counterfactual,20260419,13,0.0000,2,stagnant,DocumentAnalysisAgent,DocumentAnalysisAgent,0.5000
counterfactual,20260419,14,0.0000,2,stagnant,BuilderAgent,DocumentAnalysisAgent,0.5000
counterfactual,20260419,15,0.0000,2,stagnant,DocumentAnalysisAgent,DocumentAnalysisAgent,0.5000
counterfactual,20260419,16,0.0000,2,stagnant,BuilderAgent,DocumentAnalysisAgent,0.5000
counterfactual,20260419,17,0.0000,2,stagnant,,SchemaAgent,
counterfactual,20260419,18,1.0000,1,complete,,SchemaAgent,
counterfactual,20260419,19,0.0000,2,stagnant,,DocumentAnalysisAgent,
counterfactual,20260419,20,0.0000,2,stagnant,BuilderAgent,LogParserAgent,0.3750
counterfactual,20260419,21,0.0000,2,stagnant,,SchemaAgent,
counterfactual,20260419,22,0.0000,2,stagnant,,LogParserAgent,
counterfactual,20260419,23,0.0000,2,stagnant,SchemaAgent,DocumentAnalysisAgent,0.5000
counterfactual,20260419,24,0.0000,2,stagnant,SchemaAgent,DocumentAnalysisAgent,0.5000
counterfactual,20260419,25,0.0000,2,stagnant,BuilderAgent,LogParserAgent,0.5000
counterfactual,20260419,26,0.0000,2,stagnant,LogParserAgent,DocumentAnalysisAgent,0.5000
counterfactual,20260419,27,0.0000,2,stagnant,LogParserAgent,DocumentAnalysisAgent,0.3750
counterfactual,20260419,28,0.0000,2,stagnant,SchemaAgent,DocumentAnalysisAgent,0.5000
counterfactual,20260419,29,1.0000,2,complete,,LogParserAgent,
counterfactual,20260419,30,1.0000,1,complete,,SchemaAgent,
counterfactual,20260419,31,0.0000,2,stagnant,,DocumentAnalysisAgent,
counterfactual,20260419,32,0.0000,2,stagnant,,DocumentAnalysisAgent,
counterfactual,20260419,33,0.0000,2,stagnant,DocumentAnalysisAgent,DocumentAnalysisAgent,0.3750
counterfactual,20260419,34,0.0000,2,stagnant,,SchemaAgent,
counterfactual,20260419,35,0.0000,2,stagnant,SchemaAgent,DocumentAnalysisAgent,0.5000
counterfactual,20260419,36,0.0000,2,stagnant,BuilderAgent,DocumentAnalysisAgent,0.5000
counterfactual,20260419,37,0.0000,2,stagnant,,LogParserAgent,
counterfactual,20260419,38,0.0000,2,stagnant,SchemaAgent,LogParserAgent,0.3750
counterfactual,20260419,39,0.0000,2,stagnant,LogParserAgent,DocumentAnalysisAgent,0.5000
counterfactual,20260419,40,0.0000,2,stagnant,,SchemaAgent,
counterfactual,20260419,41,1.0000,2,complete,,DocumentAnalysisAgent,
counterfactual,20260419,42,0.0000,2,stagnant,DocumentAnalysisAgent,DocumentAnalysisAgent,0.5000
counterfactual,20260419,43,1.0000,2,complete,,LogParserAgent,
counterfactual,20260419,44,0.0000,2,stagnant,LogParserAgent,DocumentAnalysisAgent,0.5000
counterfactual,20260419,45,0.0000,2,stagnant,,DocumentAnalysisAgent,
counterfactual,20260419,46,0.0000,2,stagnant,DocumentAnalysisAgent,DocumentAnalysisAgent,0.3750
counterfactual,20260419,47,0.0000,2,stagnant,,DocumentAnalysisAgent,
counterfactual,20260419,48,1.0000,2,complete,,LogParserAgent,
counterfactual,20260419,49,0.0000,2,stagnant,SchemaAgent,DocumentAnalysisAgent,0.5000
counterfactual,20260419,50,0.0000,2,stagnant,,DocumentAnalysisAgent,
counterfactual,20260419,51,0.0000,2,stagnant,,DocumentAnalysisAgent,
counterfactual,20260419,52,0.0000,2,stagnant,,LogParserAgent,
counterfactual,20260419,53,0.0000,2,stagnant,,DocumentAnalysisAgent,
counterfactual,20260419,54,1.0000,1,complete,,LogParserAgent,
counterfactual,20260419,55,0.0000,2,stagnant,ValidatorAgent,DocumentAnalysisAgent,0.5000
counterfactual,20260419,56,1.0000,2,complete,,DocumentAnalysisAgent,
counterfactual,20260419,57,0.0000,2,stagnant,,DocumentAnalysisAgent,
counterfactual,20260419,58,0.0000,2,stagnant,BuilderAgent,DocumentAnalysisAgent,0.5000
counterfactual,20260419,59,0.0000,2,stagnant,SchemaAgent,SchemaAgent,0.3750
counterfactual,20260419,60,0.0000,2,stagnant,BuilderAgent,DocumentAnalysisAgent,0.5000
counterfactual,20260419,61,0.0000,2,stagnant,,DocumentAnalysisAgent,
counterfactual,20260419,62,0.0000,2,stagnant,BuilderAgent,SchemaAgent,0.3750
counterfactual,20260419,63,0.0000,2,stagnant,,DocumentAnalysisAgent,
counterfactual,20260419,64,0.0000,2,stagnant,,DocumentAnalysisAgent,
counterfactual,20260419,65,0.0000,2,stagnant,QAAgent,DocumentAnalysisAgent,0.5000
counterfactual,20260419,66,0.0000,2,stagnant,QAAgent,SchemaAgent,0.3750
counterfactual,20260419,67,0.0000,2,stagnant,BuilderAgent,SchemaAgent,0.3750
counterfactual,20260419,68,0.0000,2,stagnant,QAAgent,LogParserAgent,0.5000
counterfactual,20260419,69,0.0000,2,stagnant,,DocumentAnalysisAgent,
counterfactual,20260419,70,1.0000,2,complete,,DocumentAnalysisAgent,
counterfactual,20260419,71,0.0000,2,stagnant,SchemaAgent,LogParserAgent,0.5000
counterfactual,20260419,72,0.0000,2,stagnant,,LogParserAgent,
counterfactual,20260419,73,1.0000,2,complete,,LogParserAgent,
counterfactual,20260419,74,0.0000,2,stagnant,,DocumentAnalysisAgent,
counterfactual,20260419,75,1.0000,2,complete,,DocumentAnalysisAgent,
counterfactual,20260419,76,0.0000,2,stagnant,QAAgent,DocumentAnalysisAgent,0.5000
counterfactual,20260419,77,0.0000,2,stagnant,QAAgent,LogParserAgent,0.5000
counterfactual,20260419,78,0.0000,2,stagnant,QAAgent,DocumentAnalysisAgent,0.5000
counterfactual,20260419,79,0.0000,2,stagnant,ValidatorAgent,DocumentAnalysisAgent,0.5000
counterfactual,20260419,80,0.0000,2,stagnant,BuilderAgent,LogParserAgent,0.3750
counterfactual,20260419,81,1.0000,2,complete,,DocumentAnalysisAgent,
counterfactual,20260419,82,0.0000,2,stagnant,,SchemaAgent,
counterfactual,20260419,83,0.0000,2,stagnant,,DocumentAnalysisAgent,
counterfactual,20260419,84,0.0000,2,stagnant,SchemaAgent,DocumentAnalysisAgent,0.5000
counterfactual,20260419,85,0.0000,2,stagnant,,LogParserAgent,
counterfactual,20260419,86,0.0000,2,stagnant,,DocumentAnalysisAgent,
counterfactual,20260419,87,0.0000,2,stagnant,,DocumentAnalysisAgent,
counterfactual,20260419,88,0.0000,2,stagnant,,DocumentAnalysisAgent,
counterfactual,20260419,89,0.0000,2,stagnant,BuilderAgent,DocumentAnalysisAgent,0.2500
counterfactual,20260419,90,0.0000,2,stagnant,SchemaAgent,LogParserAgent,0.5000
counterfactual,20260419,91,0.0000,2,stagnant,,SchemaAgent,
counterfactual,20260419,92,0.0000,2,stagnant,,DocumentAnalysisAgent,
counterfactual,20260419,93,0.0000,2,stagnant,DocumentAnalysisAgent,DocumentAnalysisAgent,0.5000
counterfactual,20260419,94,0.0000,2,stagnant,,DocumentAnalysisAgent,
counterfactual,20260419,95,0.0000,2,stagnant,,SchemaAgent,
counterfactual,20260419,96,0.0000,2,stagnant,,LogParserAgent,
counterfactual,20260419,97,0.0000,2,stagnant,LogParserAgent,DocumentAnalysisAgent,0.5000
counterfactual,20260419,98,0.0000,2,stagnant,BuilderAgent,DocumentAnalysisAgent,0.5000
counterfactual,20260419,99,0.0000,2,stagnant,,DocumentAnalysisAgent,
counterfactual,20260419,100,0.0000,2,stagnant,QAAgent,DocumentAnalysisAgent,0.5000
counterfactual,20260419,101,1.0000,1,complete,,SchemaAgent,
counterfactual,20260419,102,0.0000,2,stagnant,QAAgent,SchemaAgent,0.2500
counterfactual,20260419,103,1.0000,1,complete,,SchemaAgent,
counterfactual,20260419,104,0.0000,2,stagnant,,SchemaAgent,
counterfactual,20260419,105,0.0000,2,stagnant,DocumentAnalysisAgent,DocumentAnalysisAgent,0.5000
counterfactual,20260419,106,0.0000,2,stagnant,,DocumentAnalysisAgent,
counterfactual,20260419,107,0.0000,2,stagnant,,DocumentAnalysisAgent,
counterfactual,20260419,108,0.0000,2,stagnant,DocumentAnalysisAgent,DocumentAnalysisAgent,0.3750
counterfactual,20260419,109,0.0000,2,stagnant,,DocumentAnalysisAgent,
counterfactual,20260419,110,0.0000,2,stagnant,QAAgent,DocumentAnalysisAgent,0.5000
counterfactual,20260419,111,1.0000,2,complete,,DocumentAnalysisAgent,
counterfactual,20260419,112,0.0000,2,stagnant,,DocumentAnalysisAgent,
counterfactual,20260419,113,0.0000,2,stagnant,ValidatorAgent,DocumentAnalysisAgent,0.3750
counterfactual,20260419,114,0.0000,2,stagnant,ValidatorAgent,DocumentAnalysisAgent,0.5000
counterfactual,20260419,115,0.0000,2,stagnant,ValidatorAgent,DocumentAnalysisAgent,0.5000
counterfactual,20260419,116,0.0000,2,stagnant,,DocumentAnalysisAgent,
counterfactual,20260419,117,0.0000,2,stagnant,,LogParserAgent,
counterfactual,20260419,118,1.0000,2,complete,,DocumentAnalysisAgent,
counterfactual,20260419,119,0.0000,2,stagnant,,LogParserAgent,
counterfactual,20260419,120,0.0000,2,stagnant,BuilderAgent,DocumentAnalysisAgent,0.5000
counterfactual,20260419,121,0.0000,2,stagnant,SchemaAgent,LogParserAgent,0.2500
counterfactual,20260419,122,0.0000,2,stagnant,ValidatorAgent,LogParserAgent,0.3750
counterfactual,20260419,123,0.0000,2,stagnant,DocumentAnalysisAgent,DocumentAnalysisAgent,0.5000
counterfactual,20260419,124,0.0000,2,stagnant,,DocumentAnalysisAgent,
counterfactual,20260419,125,0.0000,2,stagnant,,DocumentAnalysisAgent,
counterfactual,20260419,126,0.0000,2,stagnant,,DocumentAnalysisAgent,
counterfactual,20260419,127,0.0000,2,stagnant,,SchemaAgent,
counterfactual,20260419,128,0.0000,2,stagnant,BuilderAgent,SchemaAgent,0.2500
counterfactual,20260419,129,0.0000,2,stagnant,SchemaAgent,DocumentAnalysisAgent,0.3750
counterfactual,20260419,130,0.0000,2,stagnant,,LogParserAgent,
counterfactual,20260419,131,0.0000,2,stagnant,ValidatorAgent,DocumentAnalysisAgent,0.5000
counterfactual,20260419,132,1.0000,1,complete,,LogParserAgent,
counterfactual,20260419,133,0.0000,2,stagnant,,DocumentAnalysisAgent,
counterfactual,20260419,134,0.0000,2,stagnant,,DocumentAnalysisAgent,
counterfactual,20260419,135,0.0000,2,stagnant,,LogParserAgent,
counterfactual,20260419,136,0.0000,2,stagnant,,LogParserAgent,
counterfactual,20260419,137,0.0000,2,stagnant,QAAgent,SchemaAgent,0.1250
counterfactual,20260419,138,0.0000,2,stagnant,LogParserAgent,LogParserAgent,0.2500
counterfactual,20260419,139,1.0000,2,complete,,SchemaAgent,
counterfactual,20260419,140,1.0000,1,complete,,DocumentAnalysisAgent,
counterfactual,20260419,141,0.0000,2,stagnant,,DocumentAnalysisAgent,
counterfactual,20260419,142,0.0000,2,stagnant,LogParserAgent,DocumentAnalysisAgent,0.5000
counterfactual,20260419,143,0.0000,2,stagnant,,DocumentAnalysisAgent,
counterfactual,20260419,144,0.0000,2,stagnant,,SchemaAgent,
counterfactual,20260419,145,0.0000,2,stagnant,SchemaAgent,LogParserAgent,0.5000
counterfactual,20260419,146,0.0000,2,stagnant,ValidatorAgent,DocumentAnalysisAgent,0.5000
counterfactual,20260419,147,0.0000,2,stagnant,QAAgent,DocumentAnalysisAgent,0.5000
counterfactual,20260419,148,0.0000,2,stagnant,,DocumentAnalysisAgent,
counterfactual,20260419,149,0.0000,2,stagnant,QAAgent,DocumentAnalysisAgent,0.5000
counterfactual,20260419,150,1.0000,1,complete,LogParserAgent,LogParserAgent,0.8750
counterfactual,20260419,151,0.0000,2,stagnant,SchemaAgent,DocumentAnalysisAgent,0.5000
counterfactual,20260419,152,0.0000,2,stagnant,DocumentAnalysisAgent,DocumentAnalysisAgent,0.5000
counterfactual,20260419,153,0.0000,2,stagnant,,DocumentAnalysisAgent,
counterfactual,20260419,154,0.0000,2,stagnant,,DocumentAnalysisAgent,
counterfactual,20260419,155,0.0000,2,stagnant,DocumentAnalysisAgent,DocumentAnalysisAgent,0.5000
counterfactual,20260419,156,0.0000,2,stagnant,QAAgent,DocumentAnalysisAgent,0.5000
counterfactual,20260419,157,0.0000,2,stagnant,QAAgent,SchemaAgent,0.2500
counterfactual,20260419,158,0.0000,2,stagnant,,DocumentAnalysisAgent,
counterfactual,20260419,159,0.0000,2,stagnant,,LogParserAgent,
counterfactual,20260419,160,0.0000,2,stagnant,,DocumentAnalysisAgent,
counterfactual,20260419,161,0.0000,2,stagnant,ValidatorAgent,LogParserAgent,0.5000
counterfactual,20260419,162,0.0000,2,stagnant,,LogParserAgent,
counterfactual,20260419,163,0.0000,2,stagnant,QAAgent,LogParserAgent,0.3750
counterfactual,20260419,164,0.0000,2,stagnant,BuilderAgent,DocumentAnalysisAgent,0.3750
counterfactual,20260419,165,1.0000,1,complete,,SchemaAgent,
counterfactual,20260419,166,0.0000,2,stagnant,SchemaAgent,SchemaAgent,0.1250
counterfactual,20260419,167,0.0000,2,stagnant,BuilderAgent,DocumentAnalysisAgent,0.5000
counterfactual,20260419,168,0.0000,2,stagnant,,DocumentAnalysisAgent,
counterfactual,20260419,169,0.0000,2,stagnant,,DocumentAnalysisAgent,
counterfactual,20260419,170,0.0000,2,stagnant,,LogParserAgent,
counterfactual,20260419,171,0.0000,2,stagnant,,DocumentAnalysisAgent,
counterfactual,20260419,172,0.0000,2,stagnant,LogParserAgent,LogParserAgent,0.3750
counterfactual,20260419,173,0.0000,2,stagnant,,DocumentAnalysisAgent,
counterfactual,20260419,174,0.0000,2,stagnant,QAAgent,DocumentAnalysisAgent,0.3750
counterfactual,20260419,175,1.0000,2,complete,,DocumentAnalysisAgent,
counterfactual,20260419,176,0.0000,2,stagnant,DocumentAnalysisAgent,DocumentAnalysisAgent,0.5000
counterfactual,20260419,177,0.0000,2,stagnant,,DocumentAnalysisAgent,
counterfactual,20260419,178,0.0000,2,stagnant,LogParserAgent,LogParserAgent,0.3750
counterfactual,20260419,179,0.0000,2,stagnant,,DocumentAnalysisAgent,
counterfactual,20260419,180,0.0000,2,stagnant,,LogParserAgent,
counterfactual,20260419,181,0.0000,2,stagnant,BuilderAgent,LogParserAgent,0.5000
counterfactual,20260419,182,1.0000,1,complete,,LogParserAgent,
counterfactual,20260419,183,0.0000,2,stagnant,,DocumentAnalysisAgent,
counterfactual,20260419,184,0.0000,2,stagnant,SchemaAgent,SchemaAgent,0.2500
counterfactual,20260419,185,0.0000,2,stagnant,,DocumentAnalysisAgent,
counterfactual,20260419,186,0.0000,2,stagnant,,DocumentAnalysisAgent,
counterfactual,20260419,187,1.0000,2,complete,,LogParserAgent,
counterfactual,20260419,188,0.0000,2,stagnant,,DocumentAnalysisAgent,
counterfactual,20260419,189,0.0000,2,stagnant,,DocumentAnalysisAgent,
counterfactual,20260419,190,0.0000,2,stagnant,BuilderAgent,DocumentAnalysisAgent,0.3750
counterfactual,20260419,191,0.0000,2,stagnant,,DocumentAnalysisAgent,
counterfactual,20260419,192,0.0000,2,stagnant,QAAgent,SchemaAgent,0.2500
counterfactual,20260419,193,0.0000,2,stagnant,,DocumentAnalysisAgent,
counterfactual,20260419,194,0.0000,2,stagnant,,LogParserAgent,
counterfactual,20260419,195,1.0000,2,complete,,SchemaAgent,
counterfactual,20260419,196,0.0000,2,stagnant,,DocumentAnalysisAgent,
counterfactual,20260419,197,1.0000,1,complete,,LogParserAgent,
counterfactual,20260419,198,1.0000,2,complete,,LogParserAgent,
counterfactual,20260419,199,0.0000,2,stagnant,,DocumentAnalysisAgent,
counterfactual,20260419,200,0.0000,2,stagnant,,LogParserAgent,
counterfactual,20260419,201,0.0000,2,stagnant,,DocumentAnalysisAgent,
counterfactual,20260419,202,0.0000,2,stagnant,ValidatorAgent,DocumentAnalysisAgent,0.5000
counterfactual,20260419,203,0.0000,2,stagnant,BuilderAgent,LogParserAgent,0.5000
counterfactual,20260419,204,0.0000,2,stagnant,,LogParserAgent,
counterfactual,20260419,205,0.0000,2,stagnant,LogParserAgent,DocumentAnalysisAgent,0.3750
counterfactual,20260419,206,0.0000,2,stagnant,ValidatorAgent,DocumentAnalysisAgent,0.5000
counterfactual,20260419,207,0.0000,2,stagnant,LogParserAgent,DocumentAnalysisAgent,0.5000
counterfactual,20260419,208,0.0000,2,stagnant,ValidatorAgent,DocumentAnalysisAgent,0.5000
counterfactual,20260419,209,0.0000,2,stagnant,,DocumentAnalysisAgent,
counterfactual,20260419,210,0.0000,2,stagnant,,DocumentAnalysisAgent,
counterfactual,20260419,211,0.0000,2,stagnant,,DocumentAnalysisAgent,
counterfactual,20260419,212,1.0000,1,complete,,LogParserAgent,
counterfactual,20260419,213,1.0000,1,complete,,SchemaAgent,
counterfactual,20260419,214,0.0000,2,stagnant,,SchemaAgent,
counterfactual,20260419,215,1.0000,2,complete,,DocumentAnalysisAgent,
counterfactual,20260419,216,0.0000,2,stagnant,LogParserAgent,DocumentAnalysisAgent,0.3750
counterfactual,20260419,217,0.0000,2,stagnant,DocumentAnalysisAgent,DocumentAnalysisAgent,0.3750
counterfactual,20260419,218,0.0000,2,stagnant,,DocumentAnalysisAgent,
counterfactual,20260419,219,1.0000,1,complete,,LogParserAgent,
counterfactual,20260419,220,0.0000,2,stagnant,,DocumentAnalysisAgent,
counterfactual,20260419,221,0.0000,2,stagnant,,DocumentAnalysisAgent,
counterfactual,20260419,222,0.0000,2,stagnant,,DocumentAnalysisAgent,
counterfactual,20260419,223,0.0000,2,stagnant,QAAgent,DocumentAnalysisAgent,0.5000
counterfactual,20260419,224,1.0000,1,complete,,SchemaAgent,
counterfactual,20260419,225,0.0000,2,stagnant,ValidatorAgent,DocumentAnalysisAgent,0.5000
counterfactual,20260419,226,0.0000,2,stagnant,,LogParserAgent,
counterfactual,20260419,227,1.0000,2,complete,,SchemaAgent,
counterfactual,20260419,228,0.0000,2,stagnant,,DocumentAnalysisAgent,
counterfactual,20260419,229,0.0000,2,stagnant,LogParserAgent,DocumentAnalysisAgent,0.5000
counterfactual,20260419,230,0.0000,2,stagnant,,DocumentAnalysisAgent,
counterfactual,20260419,231,0.0000,2,stagnant,LogParserAgent,DocumentAnalysisAgent,0.5000
counterfactual,20260419,232,0.0000,2,stagnant,,DocumentAnalysisAgent,
counterfactual,20260419,233,0.0000,2,stagnant,BuilderAgent,DocumentAnalysisAgent,0.5000
counterfactual,20260419,234,0.0000,2,stagnant,QAAgent,LogParserAgent,0.5000
counterfactual,20260419,235,0.0000,2,stagnant,LogParserAgent,DocumentAnalysisAgent,0.3750
counterfactual,20260419,236,0.0000,2,stagnant,,DocumentAnalysisAgent,
counterfactual,20260419,237,0.0000,2,stagnant,LogParserAgent,DocumentAnalysisAgent,0.5000
counterfactual,20260419,238,0.0000,2,stagnant,,LogParserAgent,
counterfactual,20260419,239,0.0000,2,stagnant,,DocumentAnalysisAgent,
counterfactual,20260419,240,1.0000,1,complete,,SchemaAgent,
counterfactual,20260419,241,0.0000,2,stagnant,,DocumentAnalysisAgent,
counterfactual,20260419,242,0.0000,2,stagnant,,DocumentAnalysisAgent,
counterfactual,20260419,243,1.0000,1,complete,,SchemaAgent,
counterfactual,20260419,244,1.0000,2,complete,,LogParserAgent,
counterfactual,20260419,245,0.0000,2,stagnant,,DocumentAnalysisAgent,
counterfactual,20260419,246,0.0000,2,stagnant,BuilderAgent,DocumentAnalysisAgent,0.5000
counterfactual,20260419,247,1.0000,1,complete,,LogParserAgent,
counterfactual,20260419,248,0.0000,2,stagnant,,DocumentAnalysisAgent,
counterfactual,20260419,249,0.0000,2,stagnant,LogParserAgent,LogParserAgent,0.3750
counterfactual,20260419,250,0.0000,2,stagnant,ValidatorAgent,DocumentAnalysisAgent,0.5000
counterfactual,20260419,251,0.0000,2,stagnant,,DocumentAnalysisAgent,
counterfactual,20260419,252,0.0000,2,stagnant,LogParserAgent,LogParserAgent,0.3750
counterfactual,20260419,253,0.0000,2,stagnant,BuilderAgent,DocumentAnalysisAgent,0.5000
counterfactual,20260419,254,0.0000,2,stagnant,,DocumentAnalysisAgent,
counterfactual,20260419,255,0.0000,2,stagnant,,LogParserAgent,
counterfactual,20260419,256,0.0000,2,stagnant,ValidatorAgent,DocumentAnalysisAgent,0.5000
counterfactual,20260419,257,0.0000,2,stagnant,DocumentAnalysisAgent,DocumentAnalysisAgent,0.5000
counterfactual,20260419,258,0.0000,2,stagnant,,DocumentAnalysisAgent,
counterfactual,20260419,259,0.0000,2,stagnant,,DocumentAnalysisAgent,
counterfactual,20260419,260,0.0000,2,stagnant,ValidatorAgent,DocumentAnalysisAgent,0.5000
counterfactual,20260419,261,0.0000,2,stagnant,ValidatorAgent,DocumentAnalysisAgent,0.5000
counterfactual,20260419,262,1.0000,1,complete,,LogParserAgent,
counterfactual,20260419,263,0.0000,2,stagnant,SchemaAgent,DocumentAnalysisAgent,0.5000
counterfactual,20260419,264,0.0000,2,stagnant,SchemaAgent,LogParserAgent,0.5000
counterfactual,20260419,265,0.0000,2,stagnant,,DocumentAnalysisAgent,
counterfactual,20260419,266,0.0000,2,stagnant,,LogParserAgent,
counterfactual,20260419,267,0.0000,2,stagnant,,LogParserAgent,
counterfactual,20260419,268,1.0000,2,complete,,DocumentAnalysisAgent,
counterfactual,20260419,269,0.0000,2,stagnant,QAAgent,DocumentAnalysisAgent,0.5000
counterfactual,20260419,270,1.0000,2,complete,,SchemaAgent,
counterfactual,20260419,271,0.0000,2,stagnant,,DocumentAnalysisAgent,
counterfactual,20260419,272,1.0000,2,complete,,DocumentAnalysisAgent,
counterfactual,20260419,273,0.0000,2,stagnant,,DocumentAnalysisAgent,
counterfactual,20260419,274,0.0000,2,stagnant,ValidatorAgent,DocumentAnalysisAgent,0.5000
counterfactual,20260419,275,1.0000,2,complete,,DocumentAnalysisAgent,
counterfactual,20260419,276,0.0000,2,stagnant,ValidatorAgent,DocumentAnalysisAgent,0.3750
counterfactual,20260419,277,0.0000,2,stagnant,,LogParserAgent,
counterfactual,20260419,278,0.0000,2,stagnant,,DocumentAnalysisAgent,
counterfactual,20260419,279,0.0000,2,stagnant,,DocumentAnalysisAgent,
counterfactual,20260419,280,0.0000,2,stagnant,,DocumentAnalysisAgent,
counterfactual,20260419,281,1.0000,1,complete,,SchemaAgent,
counterfactual,20260419,282,0.0000,2,stagnant,,SchemaAgent,
counterfactual,20260419,283,1.0000,1,complete,,LogParserAgent,
counterfactual,20260419,284,0.0000,2,stagnant,,DocumentAnalysisAgent,
counterfactual,20260419,285,0.0000,2,stagnant,DocumentAnalysisAgent,DocumentAnalysisAgent,0.5000
counterfactual,20260419,286,0.0000,2,stagnant,BuilderAgent,SchemaAgent,0.0000
counterfactual,20260419,287,0.0000,2,stagnant,LogParserAgent,DocumentAnalysisAgent,0.5000
counterfactual,20260419,288,0.0000,2,stagnant,,DocumentAnalysisAgent,
counterfactual,20260419,289,0.0000,2,stagnant,,DocumentAnalysisAgent,
counterfactual,20260419,290,0.0000,2,stagnant,,DocumentAnalysisAgent,
counterfactual,20260419,291,0.0000,2,stagnant,,DocumentAnalysisAgent,
counterfactual,20260419,292,0.0000,2,stagnant,LogParserAgent,DocumentAnalysisAgent,0.5000
counterfactual,20260419,293,1.0000,1,complete,,SchemaAgent,
counterfactual,20260419,294,0.0000,2,stagnant,,DocumentAnalysisAgent,
counterfactual,20260419,295,0.0000,2,stagnant,DocumentAnalysisAgent,DocumentAnalysisAgent,0.5000
counterfactual,20260419,296,0.0000,2,stagnant,,DocumentAnalysisAgent,
counterfactual,20260419,297,0.0000,2,stagnant,,DocumentAnalysisAgent,
counterfactual,20260419,298,0.0000,2,stagnant,ValidatorAgent,DocumentAnalysisAgent,0.5000
counterfactual,20260419,299,1.0000,1,complete,,DocumentAnalysisAgent,
counterfactual,20260419,300,0.0000,2,stagnant,,LogParserAgent,
counterfactual,20260419,301,0.0000,2,stagnant,,DocumentAnalysisAgent,
counterfactual,20260419,302,0.0000,2,stagnant,,LogParserAgent,
counterfactual,20260419,303,0.0000,2,stagnant,,LogParserAgent,
counterfactual,20260419,304,0.0000,2,stagnant,,DocumentAnalysisAgent,
counterfactual,20260419,305,0.0000,2,stagnant,,DocumentAnalysisAgent,
counterfactual,20260419,306,0.0000,2,stagnant,,DocumentAnalysisAgent,
counterfactual,20260419,307,0.0000,2,stagnant,,DocumentAnalysisAgent,
counterfactual,20260419,308,0.0000,2,stagnant,QAAgent,SchemaAgent,0.2500
counterfactual,20260419,309,0.0000,2,stagnant,,SchemaAgent,
counterfactual,20260419,310,0.0000,2,stagnant,,SchemaAgent,
counterfactual,20260419,311,0.0000,2,stagnant,,DocumentAnalysisAgent,
counterfactual,20260419,312,0.0000,2,stagnant,SchemaAgent,LogParserAgent,0.5000
counterfactual,20260419,313,0.0000,2,stagnant,,DocumentAnalysisAgent,
counterfactual,20260419,314,0.0000,2,stagnant,,DocumentAnalysisAgent,
counterfactual,20260419,315,0.0000,2,stagnant,QAAgent,DocumentAnalysisAgent,0.5000
counterfactual,20260419,316,0.0000,2,stagnant,,SchemaAgent,
counterfactual,20260419,317,0.0000,2,stagnant,LogParserAgent,DocumentAnalysisAgent,0.5000
counterfactual,20260419,318,0.0000,2,stagnant,,DocumentAnalysisAgent,
counterfactual,20260419,319,0.0000,2,stagnant,,DocumentAnalysisAgent,
counterfactual,20260419,320,0.0000,2,stagnant,,DocumentAnalysisAgent,
counterfactual,20260419,321,1.0000,1,complete,,LogParserAgent,
counterfactual,20260419,322,0.0000,2,stagnant,,DocumentAnalysisAgent,
counterfactual,20260419,323,0.0000,2,stagnant,LogParserAgent,DocumentAnalysisAgent,0.3750
counterfactual,20260419,324,0.0000,2,stagnant,,DocumentAnalysisAgent,
counterfactual,20260419,325,0.0000,2,stagnant,QAAgent,SchemaAgent,0.2500
counterfactual,20260419,326,0.0000,2,stagnant,,DocumentAnalysisAgent,
counterfactual,20260419,327,0.0000,2,stagnant,,DocumentAnalysisAgent,
counterfactual,20260419,328,0.0000,2,stagnant,BuilderAgent,DocumentAnalysisAgent,0.5000
counterfactual,20260419,329,1.0000,1,complete,,LogParserAgent,
counterfactual,20260419,330,0.0000,2,stagnant,ValidatorAgent,DocumentAnalysisAgent,0.3750
counterfactual,20260419,331,1.0000,2,complete,,DocumentAnalysisAgent,
counterfactual,20260419,332,0.0000,2,stagnant,,DocumentAnalysisAgent,
counterfactual,20260419,333,0.0000,2,stagnant,BuilderAgent,DocumentAnalysisAgent,0.5000
counterfactual,20260419,334,0.0000,2,stagnant,LogParserAgent,DocumentAnalysisAgent,0.5000
counterfactual,20260419,335,0.0000,2,stagnant,QAAgent,SchemaAgent,0.1250
counterfactual,20260419,336,0.0000,2,stagnant,DocumentAnalysisAgent,DocumentAnalysisAgent,0.5000
counterfactual,20260419,337,1.0000,2,complete,,DocumentAnalysisAgent,
counterfactual,20260419,338,0.0000,2,stagnant,SchemaAgent,DocumentAnalysisAgent,0.5000
counterfactual,20260419,339,0.0000,2,stagnant,BuilderAgent,DocumentAnalysisAgent,0.5000
counterfactual,20260419,340,1.0000,2,complete,,LogParserAgent,
counterfactual,20260419,341,1.0000,1,complete,,LogParserAgent,
counterfactual,20260419,342,0.0000,2,stagnant,,DocumentAnalysisAgent,
counterfactual,20260419,343,0.0000,2,stagnant,DocumentAnalysisAgent,DocumentAnalysisAgent,0.5000
counterfactual,20260419,344,0.0000,2,stagnant,ValidatorAgent,LogParserAgent,0.3750
counterfactual,20260419,345,0.0000,2,stagnant,BuilderAgent,DocumentAnalysisAgent,0.5000
counterfactual,20260419,346,0.0000,2,stagnant,,DocumentAnalysisAgent,
counterfactual,20260419,347,1.0000,2,complete,,SchemaAgent,
counterfactual,20260419,348,0.0000,2,stagnant,,SchemaAgent,
counterfactual,20260419,349,0.0000,2,stagnant,LogParserAgent,DocumentAnalysisAgent,0.5000
counterfactual,20260419,350,1.0000,1,complete,,DocumentAnalysisAgent,
counterfactual,20260419,351,0.0000,2,stagnant,,DocumentAnalysisAgent,
counterfactual,20260419,352,0.0000,2,stagnant,LogParserAgent,DocumentAnalysisAgent,0.5000
counterfactual,20260419,353,0.0000,2,stagnant,,DocumentAnalysisAgent,
counterfactual,20260419,354,1.0000,2,complete,,DocumentAnalysisAgent,
counterfactual,20260419,355,0.0000,2,stagnant,SchemaAgent,DocumentAnalysisAgent,0.5000
counterfactual,20260419,356,0.0000,2,stagnant,ValidatorAgent,DocumentAnalysisAgent,0.5000
counterfactual,20260419,357,0.0000,2,stagnant,ValidatorAgent,DocumentAnalysisAgent,0.5000
counterfactual,20260419,358,0.0000,2,stagnant,,DocumentAnalysisAgent,
counterfactual,20260419,359,0.0000,2,stagnant,,DocumentAnalysisAgent,
counterfactual,20260419,360,1.0000,2,complete,,SchemaAgent,
counterfactual,20260419,361,1.0000,1,complete,,DocumentAnalysisAgent,
counterfactual,20260419,362,0.0000,2,stagnant,BuilderAgent,DocumentAnalysisAgent,0.5000
counterfactual,20260419,363,0.0000,2,stagnant,,LogParserAgent,
counterfactual,20260419,364,1.0000,1,complete,,LogParserAgent,
counterfactual,20260419,365,0.0000,2,stagnant,,LogParserAgent,
counterfactual,20260419,366,0.0000,2,stagnant,SchemaAgent,DocumentAnalysisAgent,0.5000
counterfactual,20260419,367,0.0000,2,stagnant,ValidatorAgent,DocumentAnalysisAgent,0.5000
counterfactual,20260419,368,0.0000,2,stagnant,BuilderAgent,SchemaAgent,0.2500
counterfactual,20260419,369,1.0000,1,complete,,LogParserAgent,
counterfactual,20260419,370,0.0000,2,stagnant,DocumentAnalysisAgent,DocumentAnalysisAgent,0.5000
counterfactual,20260419,371,1.0000,1,complete,,DocumentAnalysisAgent,
counterfactual,20260419,372,0.0000,2,stagnant,,LogParserAgent,
counterfactual,20260419,373,1.0000,1,complete,,LogParserAgent,
counterfactual,20260419,374,0.0000,2,stagnant,,LogParserAgent,
counterfactual,20260419,375,1.0000,2,complete,,SchemaAgent,
counterfactual,20260419,376,0.0000,2,stagnant,,SchemaAgent,
counterfactual,20260419,377,0.0000,2,stagnant,BuilderAgent,DocumentAnalysisAgent,0.5000
counterfactual,20260419,378,0.0000,2,stagnant,,DocumentAnalysisAgent,
counterfactual,20260419,379,0.0000,2,stagnant,,DocumentAnalysisAgent,
counterfactual,20260419,380,0.0000,2,stagnant,QAAgent,DocumentAnalysisAgent,0.5000
counterfactual,20260419,381,0.0000,2,stagnant,DocumentAnalysisAgent,DocumentAnalysisAgent,0.3750
counterfactual,20260419,382,0.0000,2,stagnant,,DocumentAnalysisAgent,
counterfactual,20260419,383,0.0000,2,stagnant,DocumentAnalysisAgent,DocumentAnalysisAgent,0.5000
counterfactual,20260419,384,1.0000,2,complete,,LogParserAgent,
counterfactual,20260419,385,0.0000,2,stagnant,DocumentAnalysisAgent,DocumentAnalysisAgent,0.3750
counterfactual,20260419,386,0.0000,2,stagnant,SchemaAgent,DocumentAnalysisAgent,0.5000
counterfactual,20260419,387,0.0000,2,stagnant,BuilderAgent,DocumentAnalysisAgent,0.5000
counterfactual,20260419,388,0.0000,2,stagnant,DocumentAnalysisAgent,DocumentAnalysisAgent,0.5000
counterfactual,20260419,389,0.0000,2,stagnant,QAAgent,DocumentAnalysisAgent,0.5000
counterfactual,20260419,390,1.0000,2,complete,,SchemaAgent,
counterfactual,20260419,391,1.0000,2,complete,,LogParserAgent,
counterfactual,20260419,392,0.0000,2,stagnant,,DocumentAnalysisAgent,
counterfactual,20260419,393,0.0000,2,stagnant,,DocumentAnalysisAgent,
counterfactual,20260419,394,1.0000,1,complete,,DocumentAnalysisAgent,
counterfactual,20260419,395,1.0000,1,complete,,LogParserAgent,
counterfactual,20260419,396,0.0000,2,stagnant,LogParserAgent,LogParserAgent,0.3750
counterfactual,20260419,397,0.0000,2,stagnant,,DocumentAnalysisAgent,
counterfactual,20260419,398,0.0000,2,stagnant,,SchemaAgent,
counterfactual,20260419,399,0.0000,2,stagnant,,DocumentAnalysisAgent,
counterfactual,20260420,0,0.0000,2,stagnant,QAAgent,DocumentAnalysisAgent,0.5000
counterfactual,20260420,1,1.0000,1,complete,,LogParserAgent,
counterfactual,20260420,2,0.0000,2,stagnant,,DocumentAnalysisAgent,
counterfactual,20260420,3,0.0000,2,stagnant,,LogParserAgent,
counterfactual,20260420,4,0.0000,2,stagnant,,DocumentAnalysisAgent,
counterfactual,20260420,5,0.0000,2,stagnant,,DocumentAnalysisAgent,
counterfactual,20260420,6,0.0000,2,stagnant,,DocumentAnalysisAgent,
counterfactual,20260420,7,0.0000,2,stagnant,QAAgent,DocumentAnalysisAgent,0.5000
counterfactual,20260420,8,1.0000,2,complete,,DocumentAnalysisAgent,
counterfactual,20260420,9,0.0000,2,stagnant,,DocumentAnalysisAgent,
counterfactual,20260420,10,0.0000,2,stagnant,,SchemaAgent,
counterfactual,20260420,11,1.0000,1,complete,,LogParserAgent,
counterfactual,20260420,12,0.0000,2,stagnant,SchemaAgent,DocumentAnalysisAgent,0.5000
counterfactual,20260420,13,0.0000,2,stagnant,,DocumentAnalysisAgent,
counterfactual,20260420,14,0.0000,2,stagnant,,DocumentAnalysisAgent,
counterfactual,20260420,15,0.0000,2,stagnant,,LogParserAgent,
counterfactual,20260420,16,0.0000,2,stagnant,,DocumentAnalysisAgent,
counterfactual,20260420,17,1.0000,2,complete,,LogParserAgent,
counterfactual,20260420,18,0.0000,2,stagnant,QAAgent,SchemaAgent,0.2500
counterfactual,20260420,19,0.0000,2,stagnant,DocumentAnalysisAgent,DocumentAnalysisAgent,0.3750
counterfactual,20260420,20,0.0000,2,stagnant,QAAgent,DocumentAnalysisAgent,0.3750
counterfactual,20260420,21,0.0000,2,stagnant,,DocumentAnalysisAgent,
counterfactual,20260420,22,0.0000,2,stagnant,,DocumentAnalysisAgent,
counterfactual,20260420,23,0.0000,2,stagnant,,DocumentAnalysisAgent,
counterfactual,20260420,24,0.0000,2,stagnant,,DocumentAnalysisAgent,
counterfactual,20260420,25,0.0000,2,stagnant,BuilderAgent,LogParserAgent,0.5000
counterfactual,20260420,26,0.0000,2,stagnant,,DocumentAnalysisAgent,
counterfactual,20260420,27,1.0000,1,complete,,LogParserAgent,
counterfactual,20260420,28,0.0000,2,stagnant,DocumentAnalysisAgent,DocumentAnalysisAgent,0.3750
counterfactual,20260420,29,1.0000,1,complete,,SchemaAgent,
counterfactual,20260420,30,0.0000,2,stagnant,,DocumentAnalysisAgent,
counterfactual,20260420,31,0.0000,2,stagnant,ValidatorAgent,LogParserAgent,0.5000
counterfactual,20260420,32,0.0000,2,stagnant,,LogParserAgent,
counterfactual,20260420,33,0.0000,2,stagnant,,DocumentAnalysisAgent,
counterfactual,20260420,34,1.0000,2,complete,,DocumentAnalysisAgent,
counterfactual,20260420,35,0.0000,2,stagnant,ValidatorAgent,DocumentAnalysisAgent,0.2500
counterfactual,20260420,36,0.0000,2,stagnant,,DocumentAnalysisAgent,
counterfactual,20260420,37,0.0000,2,stagnant,QAAgent,DocumentAnalysisAgent,0.5000
counterfactual,20260420,38,0.0000,2,stagnant,,LogParserAgent,
counterfactual,20260420,39,0.0000,2,stagnant,LogParserAgent,DocumentAnalysisAgent,0.5000
counterfactual,20260420,40,0.0000,2,stagnant,,DocumentAnalysisAgent,
counterfactual,20260420,41,0.0000,2,stagnant,QAAgent,DocumentAnalysisAgent,0.3750
counterfactual,20260420,42,0.0000,2,stagnant,,DocumentAnalysisAgent,
counterfactual,20260420,43,0.0000,2,stagnant,,SchemaAgent,
counterfactual,20260420,44,0.0000,2,stagnant,,DocumentAnalysisAgent,
counterfactual,20260420,45,0.0000,2,stagnant,,DocumentAnalysisAgent,
counterfactual,20260420,46,0.0000,2,stagnant,SchemaAgent,DocumentAnalysisAgent,0.5000
counterfactual,20260420,47,0.0000,2,stagnant,LogParserAgent,DocumentAnalysisAgent,0.3750
counterfactual,20260420,48,0.0000,2,stagnant,LogParserAgent,DocumentAnalysisAgent,0.3750
counterfactual,20260420,49,0.0000,2,stagnant,QAAgent,LogParserAgent,0.3750
counterfactual,20260420,50,0.0000,2,stagnant,,DocumentAnalysisAgent,
counterfactual,20260420,51,0.0000,2,stagnant,LogParserAgent,DocumentAnalysisAgent,0.5000
counterfactual,20260420,52,0.0000,2,stagnant,,LogParserAgent,
counterfactual,20260420,53,0.0000,2,stagnant,,DocumentAnalysisAgent,
counterfactual,20260420,54,0.0000,2,stagnant,,SchemaAgent,
counterfactual,20260420,55,0.0000,2,stagnant,LogParserAgent,DocumentAnalysisAgent,0.5000
counterfactual,20260420,56,0.0000,2,stagnant,ValidatorAgent,DocumentAnalysisAgent,0.5000
counterfactual,20260420,57,0.0000,2,stagnant,,DocumentAnalysisAgent,
counterfactual,20260420,58,0.0000,2,stagnant,QAAgent,LogParserAgent,0.5000
counterfactual,20260420,59,0.0000,2,stagnant,DocumentAnalysisAgent,DocumentAnalysisAgent,0.2500
counterfactual,20260420,60,0.0000,2,stagnant,ValidatorAgent,LogParserAgent,0.3750
counterfactual,20260420,61,0.0000,2,stagnant,,DocumentAnalysisAgent,
counterfactual,20260420,62,0.0000,2,stagnant,SchemaAgent,SchemaAgent,0.2500
counterfactual,20260420,63,0.0000,2,stagnant,QAAgent,DocumentAnalysisAgent,0.5000
counterfactual,20260420,64,0.0000,2,stagnant,ValidatorAgent,DocumentAnalysisAgent,0.5000
counterfactual,20260420,65,0.0000,2,stagnant,,DocumentAnalysisAgent,
counterfactual,20260420,66,0.0000,2,stagnant,,DocumentAnalysisAgent,
counterfactual,20260420,67,0.0000,2,stagnant,,SchemaAgent,
counterfactual,20260420,68,0.0000,2,stagnant,,DocumentAnalysisAgent,
counterfactual,20260420,69,0.0000,2,stagnant,BuilderAgent,DocumentAnalysisAgent,0.5000
counterfactual,20260420,70,1.0000,1,complete,,SchemaAgent,
counterfactual,20260420,71,0.0000,2,stagnant,,SchemaAgent,
counterfactual,20260420,72,0.0000,2,stagnant,,DocumentAnalysisAgent,
counterfactual,20260420,73,0.0000,2,stagnant,DocumentAnalysisAgent,DocumentAnalysisAgent,0.2500
counterfactual,20260420,74,0.0000,2,stagnant,BuilderAgent,LogParserAgent,0.3750
counterfactual,20260420,75,0.0000,2,stagnant,ValidatorAgent,DocumentAnalysisAgent,0.5000
counterfactual,20260420,76,0.0000,2,stagnant,ValidatorAgent,DocumentAnalysisAgent,0.5000
counterfactual,20260420,77,0.0000,2,stagnant,,DocumentAnalysisAgent,
counterfactual,20260420,78,0.0000,2,stagnant,BuilderAgent,SchemaAgent,0.1250
counterfactual,20260420,79,1.0000,2,complete,,DocumentAnalysisAgent,
counterfactual,20260420,80,0.0000,2,stagnant,BuilderAgent,SchemaAgent,0.1250
counterfactual,20260420,81,0.0000,2,stagnant,,SchemaAgent,
counterfactual,20260420,82,0.0000,2,stagnant,,DocumentAnalysisAgent,
counterfactual,20260420,83,0.0000,2,stagnant,,DocumentAnalysisAgent,
counterfactual,20260420,84,0.0000,2,stagnant,,DocumentAnalysisAgent,
counterfactual,20260420,85,0.0000,2,stagnant,ValidatorAgent,DocumentAnalysisAgent,0.5000
counterfactual,20260420,86,0.0000,2,stagnant,,DocumentAnalysisAgent,
counterfactual,20260420,87,0.0000,2,stagnant,ValidatorAgent,DocumentAnalysisAgent,0.5000
counterfactual,20260420,88,0.0000,2,stagnant,,LogParserAgent,
counterfactual,20260420,89,0.0000,2,stagnant,,LogParserAgent,
counterfactual,20260420,90,0.0000,2,stagnant,,SchemaAgent,
counterfactual,20260420,91,0.0000,2,stagnant,ValidatorAgent,DocumentAnalysisAgent,0.5000
counterfactual,20260420,92,1.0000,2,complete,,SchemaAgent,
counterfactual,20260420,93,0.0000,2,stagnant,,SchemaAgent,
counterfactual,20260420,94,0.0000,2,stagnant,,SchemaAgent,
counterfactual,20260420,95,0.0000,2,stagnant,QAAgent,LogParserAgent,0.3750
counterfactual,20260420,96,0.0000,2,stagnant,SchemaAgent,SchemaAgent,0.1250
counterfactual,20260420,97,0.0000,2,stagnant,SchemaAgent,DocumentAnalysisAgent,0.2500
counterfactual,20260420,98,0.0000,2,stagnant,,DocumentAnalysisAgent,
counterfactual,20260420,99,1.0000,2,complete,,DocumentAnalysisAgent,
counterfactual,20260420,100,0.0000,2,stagnant,,DocumentAnalysisAgent,
counterfactual,20260420,101,1.0000,1,complete,DocumentAnalysisAgent,SchemaAgent,1.0000
counterfactual,20260420,102,1.0000,1,complete,,SchemaAgent,
counterfactual,20260420,103,0.0000,2,stagnant,BuilderAgent,DocumentAnalysisAgent,0.5000
counterfactual,20260420,104,0.0000,2,stagnant,LogParserAgent,DocumentAnalysisAgent,0.5000
counterfactual,20260420,105,0.0000,2,stagnant,,DocumentAnalysisAgent,
counterfactual,20260420,106,0.0000,2,stagnant,LogParserAgent,LogParserAgent,0.0000
counterfactual,20260420,107,0.0000,2,stagnant,QAAgent,SchemaAgent,0.3750
counterfactual,20260420,108,0.0000,2,stagnant,LogParserAgent,DocumentAnalysisAgent,0.3750
counterfactual,20260420,109,0.0000,2,stagnant,,DocumentAnalysisAgent,
counterfactual,20260420,110,0.0000,2,stagnant,,DocumentAnalysisAgent,
counterfactual,20260420,111,1.0000,1,complete,,SchemaAgent,
counterfactual,20260420,112,0.0000,2,stagnant,,DocumentAnalysisAgent,
counterfactual,20260420,113,0.0000,2,stagnant,,LogParserAgent,
counterfactual,20260420,114,0.0000,2,stagnant,,DocumentAnalysisAgent,
counterfactual,20260420,115,0.0000,2,stagnant,,LogParserAgent,
counterfactual,20260420,116,1.0000,2,complete,,DocumentAnalysisAgent,
counterfactual,20260420,117,0.0000,2,stagnant,,DocumentAnalysisAgent,
counterfactual,20260420,118,0.0000,2,stagnant,,SchemaAgent,
counterfactual,20260420,119,0.0000,2,stagnant,,DocumentAnalysisAgent,
counterfactual,20260420,120,0.0000,2,stagnant,,LogParserAgent,
counterfactual,20260420,121,0.0000,2,stagnant,,DocumentAnalysisAgent,
counterfactual,20260420,122,0.0000,2,stagnant,LogParserAgent,LogParserAgent,0.2500
counterfactual,20260420,123,0.0000,2,stagnant,,DocumentAnalysisAgent,
counterfactual,20260420,124,0.0000,2,stagnant,BuilderAgent,LogParserAgent,0.5000
counterfactual,20260420,125,1.0000,2,complete,,SchemaAgent,
counterfactual,20260420,126,0.0000,2,stagnant,SchemaAgent,DocumentAnalysisAgent,0.5000
counterfactual,20260420,127,0.0000,2,stagnant,,SchemaAgent,
counterfactual,20260420,128,0.0000,2,stagnant,LogParserAgent,DocumentAnalysisAgent,0.5000
counterfactual,20260420,129,1.0000,2,complete,QAAgent,LogParserAgent,0.8750
counterfactual,20260420,130,0.0000,2,stagnant,QAAgent,DocumentAnalysisAgent,0.5000
counterfactual,20260420,131,1.0000,1,complete,,SchemaAgent,
counterfactual,20260420,132,0.0000,2,stagnant,,DocumentAnalysisAgent,
counterfactual,20260420,133,0.0000,2,stagnant,BuilderAgent,SchemaAgent,0.3750
counterfactual,20260420,134,0.0000,2,stagnant,,DocumentAnalysisAgent,
counterfactual,20260420,135,0.0000,2,stagnant,,LogParserAgent,
counterfactual,20260420,136,0.0000,2,stagnant,,DocumentAnalysisAgent,
counterfactual,20260420,137,0.0000,2,stagnant,DocumentAnalysisAgent,DocumentAnalysisAgent,0.3750
counterfactual,20260420,138,0.0000,2,stagnant,,LogParserAgent,
counterfactual,20260420,139,1.0000,2,complete,,DocumentAnalysisAgent,
counterfactual,20260420,140,0.0000,2,stagnant,,DocumentAnalysisAgent,
counterfactual,20260420,141,0.0000,2,stagnant,ValidatorAgent,DocumentAnalysisAgent,0.5000
counterfactual,20260420,142,0.0000,2,stagnant,LogParserAgent,DocumentAnalysisAgent,0.5000
counterfactual,20260420,143,1.0000,1,complete,,DocumentAnalysisAgent,
counterfactual,20260420,144,0.0000,2,stagnant,,DocumentAnalysisAgent,
counterfactual,20260420,145,0.0000,2,stagnant,LogParserAgent,DocumentAnalysisAgent,0.3750
counterfactual,20260420,146,0.0000,2,stagnant,,DocumentAnalysisAgent,
counterfactual,20260420,147,0.0000,2,stagnant,,DocumentAnalysisAgent,
counterfactual,20260420,148,0.0000,2,stagnant,BuilderAgent,DocumentAnalysisAgent,0.5000
counterfactual,20260420,149,0.0000,2,stagnant,DocumentAnalysisAgent,DocumentAnalysisAgent,0.3750
counterfactual,20260420,150,0.0000,2,stagnant,BuilderAgent,LogParserAgent,0.5000
counterfactual,20260420,151,1.0000,1,complete,,SchemaAgent,
counterfactual,20260420,152,0.0000,2,stagnant,BuilderAgent,DocumentAnalysisAgent,0.5000
counterfactual,20260420,153,1.0000,1,complete,,LogParserAgent,
counterfactual,20260420,154,0.0000,2,stagnant,,LogParserAgent,
counterfactual,20260420,155,0.0000,2,stagnant,LogParserAgent,LogParserAgent,0.3750
counterfactual,20260420,156,1.0000,1,complete,,DocumentAnalysisAgent,
counterfactual,20260420,157,0.0000,2,stagnant,SchemaAgent,LogParserAgent,0.5000
counterfactual,20260420,158,0.0000,2,stagnant,BuilderAgent,LogParserAgent,0.2500
counterfactual,20260420,159,1.0000,1,complete,,LogParserAgent,
counterfactual,20260420,160,0.0000,2,stagnant,LogParserAgent,DocumentAnalysisAgent,0.5000
counterfactual,20260420,161,0.0000,2,stagnant,LogParserAgent,LogParserAgent,0.2500
counterfactual,20260420,162,0.0000,2,stagnant,QAAgent,SchemaAgent,0.2500
counterfactual,20260420,163,0.0000,2,stagnant,LogParserAgent,DocumentAnalysisAgent,0.3750
counterfactual,20260420,164,0.0000,2,stagnant,LogParserAgent,DocumentAnalysisAgent,0.5000
counterfactual,20260420,165,0.0000,2,stagnant,SchemaAgent,LogParserAgent,0.5000
counterfactual,20260420,166,0.0000,2,stagnant,,DocumentAnalysisAgent,
counterfactual,20260420,167,1.0000,1,complete,,LogParserAgent,
counterfactual,20260420,168,0.0000,2,stagnant,,DocumentAnalysisAgent,
counterfactual,20260420,169,0.0000,2,stagnant,ValidatorAgent,DocumentAnalysisAgent,0.5000
counterfactual,20260420,170,0.0000,2,stagnant,SchemaAgent,LogParserAgent,0.3750
counterfactual,20260420,171,0.0000,2,stagnant,QAAgent,DocumentAnalysisAgent,0.5000
counterfactual,20260420,172,1.0000,1,complete,,DocumentAnalysisAgent,
counterfactual,20260420,173,0.0000,2,stagnant,,SchemaAgent,
counterfactual,20260420,174,1.0000,1,complete,,SchemaAgent,
counterfactual,20260420,175,0.0000,2,stagnant,,SchemaAgent,
counterfactual,20260420,176,0.0000,2,stagnant,DocumentAnalysisAgent,DocumentAnalysisAgent,0.5000
counterfactual,20260420,177,0.0000,2,stagnant,,LogParserAgent,
counterfactual,20260420,178,0.0000,2,stagnant,QAAgent,SchemaAgent,0.0000
counterfactual,20260420,179,1.0000,2,complete,,LogParserAgent,
counterfactual,20260420,180,0.0000,2,stagnant,DocumentAnalysisAgent,DocumentAnalysisAgent,0.5000
counterfactual,20260420,181,1.0000,2,complete,,DocumentAnalysisAgent,
counterfactual,20260420,182,0.0000,2,stagnant,DocumentAnalysisAgent,DocumentAnalysisAgent,0.5000
counterfactual,20260420,183,0.0000,2,stagnant,BuilderAgent,DocumentAnalysisAgent,0.2500
counterfactual,20260420,184,0.0000,2,stagnant,QAAgent,DocumentAnalysisAgent,0.3750
counterfactual,20260420,185,0.0000,2,stagnant,,LogParserAgent,
counterfactual,20260420,186,0.0000,2,stagnant,LogParserAgent,DocumentAnalysisAgent,0.5000
counterfactual,20260420,187,0.0000,2,stagnant,LogParserAgent,DocumentAnalysisAgent,0.5000
counterfactual,20260420,188,1.0000,2,complete,,SchemaAgent,
counterfactual,20260420,189,0.0000,2,stagnant,,LogParserAgent,
counterfactual,20260420,190,0.0000,2,stagnant,QAAgent,DocumentAnalysisAgent,0.5000
counterfactual,20260420,191,1.0000,2,complete,,SchemaAgent,
counterfactual,20260420,192,1.0000,2,complete,,SchemaAgent,
counterfactual,20260420,193,1.0000,1,complete,,LogParserAgent,
counterfactual,20260420,194,0.0000,2,stagnant,SchemaAgent,SchemaAgent,0.2500
counterfactual,20260420,195,0.0000,2,stagnant,,DocumentAnalysisAgent,
counterfactual,20260420,196,0.0000,2,stagnant,,DocumentAnalysisAgent,
counterfactual,20260420,197,1.0000,1,complete,QAAgent,DocumentAnalysisAgent,1.0000
counterfactual,20260420,198,0.0000,2,stagnant,ValidatorAgent,SchemaAgent,0.2500
counterfactual,20260420,199,0.0000,2,stagnant,,DocumentAnalysisAgent,
counterfactual,20260420,200,1.0000,1,complete,,DocumentAnalysisAgent,
counterfactual,20260420,201,0.0000,2,stagnant,,LogParserAgent,
counterfactual,20260420,202,0.0000,2,stagnant,SchemaAgent,DocumentAnalysisAgent,0.5000
counterfactual,20260420,203,0.0000,2,stagnant,,LogParserAgent,
counterfactual,20260420,204,1.0000,2,complete,,SchemaAgent,
counterfactual,20260420,205,1.0000,1,complete,,LogParserAgent,
counterfactual,20260420,206,0.0000,2,stagnant,DocumentAnalysisAgent,DocumentAnalysisAgent,0.5000
counterfactual,20260420,207,0.0000,2,stagnant,,DocumentAnalysisAgent,
counterfactual,20260420,208,0.0000,2,stagnant,BuilderAgent,LogParserAgent,0.5000
counterfactual,20260420,209,0.0000,2,stagnant,ValidatorAgent,LogParserAgent,0.5000
counterfactual,20260420,210,1.0000,2,complete,,DocumentAnalysisAgent,
counterfactual,20260420,211,0.0000,2,stagnant,QAAgent,DocumentAnalysisAgent,0.5000
counterfactual,20260420,212,0.0000,2,stagnant,BuilderAgent,DocumentAnalysisAgent,0.5000
counterfactual,20260420,213,0.0000,2,stagnant,,DocumentAnalysisAgent,
counterfactual,20260420,214,0.0000,2,stagnant,ValidatorAgent,SchemaAgent,0.3750
counterfactual,20260420,215,0.0000,2,stagnant,,DocumentAnalysisAgent,
counterfactual,20260420,216,1.0000,1,complete,,SchemaAgent,
counterfactual,20260420,217,0.0000,2,stagnant,LogParserAgent,DocumentAnalysisAgent,0.3750
counterfactual,20260420,218,0.0000,2,stagnant,DocumentAnalysisAgent,DocumentAnalysisAgent,0.5000
counterfactual,20260420,219,0.0000,2,stagnant,ValidatorAgent,SchemaAgent,0.1250
counterfactual,20260420,220,0.0000,2,stagnant,LogParserAgent,SchemaAgent,0.5000
counterfactual,20260420,221,1.0000,1,complete,,SchemaAgent,
counterfactual,20260420,222,0.0000,2,stagnant,SchemaAgent,SchemaAgent,0.0000
counterfactual,20260420,223,0.0000,2,stagnant,,DocumentAnalysisAgent,
counterfactual,20260420,224,0.0000,2,stagnant,,DocumentAnalysisAgent,
counterfactual,20260420,225,1.0000,2,complete,,SchemaAgent,
counterfactual,20260420,226,0.0000,2,stagnant,ValidatorAgent,LogParserAgent,0.3750
counterfactual,20260420,227,0.0000,2,stagnant,BuilderAgent,DocumentAnalysisAgent,0.5000
counterfactual,20260420,228,0.0000,2,stagnant,ValidatorAgent,LogParserAgent,0.5000
counterfactual,20260420,229,0.0000,2,stagnant,SchemaAgent,DocumentAnalysisAgent,0.5000
counterfactual,20260420,230,0.0000,2,stagnant,,DocumentAnalysisAgent,
counterfactual,20260420,231,0.0000,2,stagnant,SchemaAgent,DocumentAnalysisAgent,0.5000
counterfactual,20260420,232,0.0000,2,stagnant,,DocumentAnalysisAgent,
counterfactual,20260420,233,0.0000,2,stagnant,BuilderAgent,DocumentAnalysisAgent,0.5000
counterfactual,20260420,234,0.0000,2,stagnant,,LogParserAgent,
counterfactual,20260420,235,0.0000,2,stagnant,DocumentAnalysisAgent,DocumentAnalysisAgent,0.3750
counterfactual,20260420,236,0.0000,2,stagnant,,LogParserAgent,
counterfactual,20260420,237,0.0000,2,stagnant,BuilderAgent,DocumentAnalysisAgent,0.5000
counterfactual,20260420,238,0.0000,2,stagnant,,DocumentAnalysisAgent,
counterfactual,20260420,239,0.0000,2,stagnant,BuilderAgent,DocumentAnalysisAgent,0.5000
counterfactual,20260420,240,1.0000,2,complete,,SchemaAgent,
counterfactual,20260420,241,0.0000,2,stagnant,,LogParserAgent,
counterfactual,20260420,242,0.0000,2,stagnant,ValidatorAgent,DocumentAnalysisAgent,0.5000
counterfactual,20260420,243,0.0000,2,stagnant,DocumentAnalysisAgent,DocumentAnalysisAgent,0.5000
counterfactual,20260420,244,0.0000,2,stagnant,,LogParserAgent,
counterfactual,20260420,245,1.0000,1,complete,,SchemaAgent,
counterfactual,20260420,246,1.0000,2,complete,,SchemaAgent,
counterfactual,20260420,247,0.0000,2,stagnant,LogParserAgent,DocumentAnalysisAgent,0.5000
counterfactual,20260420,248,0.0000,2,stagnant,,LogParserAgent,
counterfactual,20260420,249,1.0000,2,complete,,SchemaAgent,
counterfactual,20260420,250,0.0000,2,stagnant,,DocumentAnalysisAgent,
counterfactual,20260420,251,0.0000,2,stagnant,,DocumentAnalysisAgent,
counterfactual,20260420,252,0.0000,2,stagnant,ValidatorAgent,DocumentAnalysisAgent,0.5000
counterfactual,20260420,253,0.0000,2,stagnant,QAAgent,DocumentAnalysisAgent,0.5000
counterfactual,20260420,254,0.0000,2,stagnant,DocumentAnalysisAgent,DocumentAnalysisAgent,0.2500
counterfactual,20260420,255,0.0000,2,stagnant,,DocumentAnalysisAgent,
counterfactual,20260420,256,1.0000,1,complete,,SchemaAgent,
counterfactual,20260420,257,0.0000,2,stagnant,,LogParserAgent,
counterfactual,20260420,258,0.0000,2,stagnant,SchemaAgent,SchemaAgent,0.2500
counterfactual,20260420,259,1.0000,1,complete,,LogParserAgent,
counterfactual,20260420,260,0.0000,2,stagnant,,DocumentAnalysisAgent,
counterfactual,20260420,261,0.0000,2,stagnant,,LogParserAgent,
counterfactual,20260420,262,0.0000,2,stagnant,,DocumentAnalysisAgent,
counterfactual,20260420,263,0.0000,2,stagnant,QAAgent,DocumentAnalysisAgent,0.5000
counterfactual,20260420,264,0.0000,2,stagnant,DocumentAnalysisAgent,DocumentAnalysisAgent,0.5000
counterfactual,20260420,265,0.0000,2,stagnant,,DocumentAnalysisAgent,
counterfactual,20260420,266,0.0000,2,stagnant,SchemaAgent,LogParserAgent,0.5000
counterfactual,20260420,267,0.0000,2,stagnant,QAAgent,LogParserAgent,0.5000
counterfactual,20260420,268,0.0000,2,stagnant,,DocumentAnalysisAgent,
counterfactual,20260420,269,0.0000,2,stagnant,SchemaAgent,DocumentAnalysisAgent,0.5000
counterfactual,20260420,270,1.0000,1,complete,,DocumentAnalysisAgent,
counterfactual,20260420,271,0.0000,2,stagnant,DocumentAnalysisAgent,DocumentAnalysisAgent,0.5000
counterfactual,20260420,272,0.0000,2,stagnant,,DocumentAnalysisAgent,
counterfactual,20260420,273,0.0000,2,stagnant,QAAgent,LogParserAgent,0.5000
counterfactual,20260420,274,0.0000,2,stagnant,QAAgent,DocumentAnalysisAgent,0.5000
counterfactual,20260420,275,1.0000,2,complete,,DocumentAnalysisAgent,
counterfactual,20260420,276,0.0000,2,stagnant,BuilderAgent,SchemaAgent,0.1250
counterfactual,20260420,277,1.0000,1,complete,QAAgent,DocumentAnalysisAgent,0.8750
counterfactual,20260420,278,0.0000,2,stagnant,LogParserAgent,DocumentAnalysisAgent,0.5000
counterfactual,20260420,279,0.0000,2,stagnant,,DocumentAnalysisAgent,
counterfactual,20260420,280,0.0000,2,stagnant,DocumentAnalysisAgent,DocumentAnalysisAgent,0.5000
counterfactual,20260420,281,0.0000,2,stagnant,ValidatorAgent,DocumentAnalysisAgent,0.5000
counterfactual,20260420,282,1.0000,2,complete,,DocumentAnalysisAgent,
counterfactual,20260420,283,0.0000,2,stagnant,QAAgent,LogParserAgent,0.5000
counterfactual,20260420,284,0.0000,2,stagnant,ValidatorAgent,LogParserAgent,0.5000
counterfactual,20260420,285,1.0000,1,complete,,DocumentAnalysisAgent,
counterfactual,20260420,286,1.0000,2,complete,,SchemaAgent,
counterfactual,20260420,287,1.0000,1,complete,,DocumentAnalysisAgent,
counterfactual,20260420,288,0.0000,2,stagnant,,DocumentAnalysisAgent,
counterfactual,20260420,289,0.0000,2,stagnant,,SchemaAgent,
counterfactual,20260420,290,0.0000,2,stagnant,,SchemaAgent,
counterfactual,20260420,291,1.0000,2,complete,,DocumentAnalysisAgent,
counterfactual,20260420,292,0.0000,2,stagnant,,DocumentAnalysisAgent,
counterfactual,20260420,293,1.0000,1,complete,,DocumentAnalysisAgent,
counterfactual,20260420,294,0.0000,2,stagnant,SchemaAgent,DocumentAnalysisAgent,0.5000
counterfactual,20260420,295,1.0000,2,complete,,SchemaAgent,
counterfactual,20260420,296,1.0000,1,complete,,LogParserAgent,
counterfactual,20260420,297,0.0000,2,stagnant,,DocumentAnalysisAgent,
counterfactual,20260420,298,0.0000,2,stagnant,DocumentAnalysisAgent,DocumentAnalysisAgent,0.5000
counterfactual,20260420,299,0.0000,2,stagnant,,DocumentAnalysisAgent,
counterfactual,20260420,300,0.0000,2,stagnant,LogParserAgent,DocumentAnalysisAgent,0.5000
counterfactual,20260420,301,0.0000,2,stagnant,DocumentAnalysisAgent,DocumentAnalysisAgent,0.5000
counterfactual,20260420,302,0.0000,2,stagnant,QAAgent,DocumentAnalysisAgent,0.5000
counterfactual,20260420,303,0.0000,2,stagnant,ValidatorAgent,DocumentAnalysisAgent,0.5000
counterfactual,20260420,304,0.0000,2,stagnant,DocumentAnalysisAgent,DocumentAnalysisAgent,0.5000
counterfactual,20260420,305,0.0000,2,stagnant,QAAgent,DocumentAnalysisAgent,0.5000
counterfactual,20260420,306,0.0000,2,stagnant,LogParserAgent,DocumentAnalysisAgent,0.5000
counterfactual,20260420,307,0.0000,2,stagnant,,LogParserAgent,
counterfactual,20260420,308,0.0000,2,stagnant,,DocumentAnalysisAgent,
counterfactual,20260420,309,0.0000,2,stagnant,DocumentAnalysisAgent,DocumentAnalysisAgent,0.2500
counterfactual,20260420,310,0.0000,2,stagnant,QAAgent,DocumentAnalysisAgent,0.5000
counterfactual,20260420,311,0.0000,2,stagnant,ValidatorAgent,SchemaAgent,0.2500
counterfactual,20260420,312,0.0000,2,stagnant,BuilderAgent,LogParserAgent,0.5000
counterfactual,20260420,313,1.0000,1,complete,LogParserAgent,DocumentAnalysisAgent,1.0000
counterfactual,20260420,314,0.0000,2,stagnant,,DocumentAnalysisAgent,
counterfactual,20260420,315,0.0000,2,stagnant,ValidatorAgent,DocumentAnalysisAgent,0.5000
counterfactual,20260420,316,1.0000,2,complete,,SchemaAgent,
counterfactual,20260420,317,0.0000,2,stagnant,,LogParserAgent,
counterfactual,20260420,318,0.0000,2,stagnant,,SchemaAgent,
counterfactual,20260420,319,0.0000,2,stagnant,BuilderAgent,LogParserAgent,0.5000
counterfactual,20260420,320,0.0000,2,stagnant,,SchemaAgent,
counterfactual,20260420,321,0.0000,2,stagnant,,LogParserAgent,
counterfactual,20260420,322,0.0000,2,stagnant,,DocumentAnalysisAgent,
counterfactual,20260420,323,0.0000,2,stagnant,LogParserAgent,DocumentAnalysisAgent,0.5000
counterfactual,20260420,324,1.0000,1,complete,,LogParserAgent,
counterfactual,20260420,325,0.0000,2,stagnant,,DocumentAnalysisAgent,
counterfactual,20260420,326,0.0000,2,stagnant,,LogParserAgent,
counterfactual,20260420,327,0.0000,2,stagnant,LogParserAgent,DocumentAnalysisAgent,0.5000
counterfactual,20260420,328,1.0000,1,complete,,SchemaAgent,
counterfactual,20260420,329,0.0000,2,stagnant,QAAgent,LogParserAgent,0.2500
counterfactual,20260420,330,0.0000,2,stagnant,DocumentAnalysisAgent,DocumentAnalysisAgent,0.5000
counterfactual,20260420,331,0.0000,2,stagnant,,LogParserAgent,
counterfactual,20260420,332,1.0000,2,complete,,SchemaAgent,
counterfactual,20260420,333,0.0000,2,stagnant,QAAgent,DocumentAnalysisAgent,0.5000
counterfactual,20260420,334,0.0000,2,stagnant,,DocumentAnalysisAgent,
counterfactual,20260420,335,0.0000,2,stagnant,,DocumentAnalysisAgent,
counterfactual,20260420,336,0.0000,2,stagnant,,SchemaAgent,
counterfactual,20260420,337,1.0000,1,complete,,SchemaAgent,
counterfactual,20260420,338,0.0000,2,stagnant,SchemaAgent,DocumentAnalysisAgent,0.5000
counterfactual,20260420,339,0.0000,2,stagnant,SchemaAgent,DocumentAnalysisAgent,0.5000
counterfactual,20260420,340,1.0000,1,complete,,LogParserAgent,
counterfactual,20260420,341,0.0000,2,stagnant,LogParserAgent,LogParserAgent,0.3750
counterfactual,20260420,342,0.0000,2,stagnant,QAAgent,LogParserAgent,0.5000
counterfactual,20260420,343,1.0000,1,complete,,LogParserAgent,
counterfactual,20260420,344,0.0000,2,stagnant,,DocumentAnalysisAgent,
counterfactual,20260420,345,1.0000,2,complete,,DocumentAnalysisAgent,
counterfactual,20260420,346,1.0000,2,complete,,DocumentAnalysisAgent,
counterfactual,20260420,347,0.0000,2,stagnant,QAAgent,SchemaAgent,0.1250
counterfactual,20260420,348,1.0000,1,complete,,LogParserAgent,
counterfactual,20260420,349,0.0000,2,stagnant,LogParserAgent,DocumentAnalysisAgent,0.5000
counterfactual,20260420,350,1.0000,1,complete,,DocumentAnalysisAgent,
counterfactual,20260420,351,0.0000,2,stagnant,LogParserAgent,LogParserAgent,0.1250
counterfactual,20260420,352,0.0000,2,stagnant,,LogParserAgent,
counterfactual,20260420,353,0.0000,2,stagnant,DocumentAnalysisAgent,DocumentAnalysisAgent,0.5000
counterfactual,20260420,354,0.0000,2,stagnant,QAAgent,SchemaAgent,0.1250
counterfactual,20260420,355,0.0000,2,stagnant,,DocumentAnalysisAgent,
counterfactual,20260420,356,0.0000,2,stagnant,ValidatorAgent,LogParserAgent,0.5000
counterfactual,20260420,357,0.0000,2,stagnant,BuilderAgent,SchemaAgent,0.2500
counterfactual,20260420,358,0.0000,2,stagnant,,LogParserAgent,
counterfactual,20260420,359,0.0000,2,stagnant,,DocumentAnalysisAgent,
counterfactual,20260420,360,1.0000,2,complete,,SchemaAgent,
counterfactual,20260420,361,0.0000,2,stagnant,,DocumentAnalysisAgent,
counterfactual,20260420,362,0.0000,2,stagnant,LogParserAgent,DocumentAnalysisAgent,0.3750
counterfactual,20260420,363,0.0000,2,stagnant,LogParserAgent,DocumentAnalysisAgent,0.5000
counterfactual,20260420,364,0.0000,2,stagnant,LogParserAgent,DocumentAnalysisAgent,0.5000
counterfactual,20260420,365,0.0000,2,stagnant,DocumentAnalysisAgent,DocumentAnalysisAgent,0.3750
counterfactual,20260420,366,0.0000,2,stagnant,SchemaAgent,LogParserAgent,0.5000
counterfactual,20260420,367,0.0000,2,stagnant,BuilderAgent,DocumentAnalysisAgent,0.5000
counterfactual,20260420,368,1.0000,1,complete,,SchemaAgent,
counterfactual,20260420,369,0.0000,2,stagnant,,LogParserAgent,
counterfactual,20260420,370,0.0000,2,stagnant,DocumentAnalysisAgent,DocumentAnalysisAgent,0.5000
counterfactual,20260420,371,1.0000,1,complete,,SchemaAgent,
counterfactual,20260420,372,0.0000,2,stagnant,DocumentAnalysisAgent,DocumentAnalysisAgent,0.3750
counterfactual,20260420,373,0.0000,2,stagnant,,LogParserAgent,
counterfactual,20260420,374,1.0000,1,complete,,DocumentAnalysisAgent,
counterfactual,20260420,375,1.0000,1,complete,,SchemaAgent,
counterfactual,20260420,376,1.0000,1,complete,,DocumentAnalysisAgent,
counterfactual,20260420,377,0.0000,2,stagnant,,LogParserAgent,
counterfactual,20260420,378,1.0000,2,complete,,LogParserAgent,
counterfactual,20260420,379,1.0000,2,complete,,DocumentAnalysisAgent,
counterfactual,20260420,380,0.0000,2,stagnant,QAAgent,DocumentAnalysisAgent,0.5000
counterfactual,20260420,381,0.0000,2,stagnant,,SchemaAgent,
counterfactual,20260420,382,0.0000,2,stagnant,BuilderAgent,DocumentAnalysisAgent,0.5000
counterfactual,20260420,383,1.0000,1,complete,ValidatorAgent,LogParserAgent,1.0000
counterfactual,20260420,384,0.0000,2,stagnant,,SchemaAgent,
counterfactual,20260420,385,0.0000,2,stagnant,ValidatorAgent,DocumentAnalysisAgent,0.5000
counterfactual,20260420,386,0.0000,2,stagnant,,DocumentAnalysisAgent,
counterfactual,20260420,387,0.0000,2,stagnant,,DocumentAnalysisAgent,
counterfactual,20260420,388,1.0000,1,complete,,SchemaAgent,
counterfactual,20260420,389,0.0000,2,stagnant,SchemaAgent,SchemaAgent,0.2500
counterfactual,20260420,390,0.0000,2,stagnant,,DocumentAnalysisAgent,
counterfactual,20260420,391,0.0000,2,stagnant,LogParserAgent,DocumentAnalysisAgent,0.5000
counterfactual,20260420,392,0.0000,2,stagnant,,DocumentAnalysisAgent,
counterfactual,20260420,393,0.0000,2,stagnant,LogParserAgent,LogParserAgent,0.2500
counterfactual,20260420,394,0.0000,2,stagnant,,LogParserAgent,
counterfactual,20260420,395,0.0000,2,stagnant,BuilderAgent,SchemaAgent,0.2500
counterfactual,20260420,396,0.0000,2,stagnant,QAAgent,LogParserAgent,0.5000
counterfactual,20260420,397,0.0000,2,stagnant,,LogParserAgent,
counterfactual,20260420,398,0.0000,2,stagnant,BuilderAgent,SchemaAgent,0.1250
counterfactual,20260420,399,0.0000,2,stagnant,ValidatorAgent,DocumentAnalysisAgent,0.5000
counterfactual,20260421,0,1.0000,1,complete,,SchemaAgent,
counterfactual,20260421,1,1.0000,1,complete,,DocumentAnalysisAgent,
counterfactual,20260421,2,0.0000,2,stagnant,ValidatorAgent,DocumentAnalysisAgent,0.3750
counterfactual,20260421,3,0.0000,2,stagnant,SchemaAgent,DocumentAnalysisAgent,0.3750
counterfactual,20260421,4,1.0000,1,complete,,SchemaAgent,
counterfactual,20260421,5,0.0000,2,stagnant,,LogParserAgent,
counterfactual,20260421,6,0.0000,2,stagnant,,DocumentAnalysisAgent,
counterfactual,20260421,7,0.0000,2,stagnant,,LogParserAgent,
counterfactual,20260421,8,0.0000,2,stagnant,ValidatorAgent,DocumentAnalysisAgent,0.5000
counterfactual,20260421,9,0.0000,2,stagnant,,DocumentAnalysisAgent,
counterfactual,20260421,10,0.0000,2,stagnant,,DocumentAnalysisAgent,
counterfactual,20260421,11,0.0000,2,stagnant,,LogParserAgent,
counterfactual,20260421,12,0.0000,2,stagnant,QAAgent,SchemaAgent,0.2500
counterfactual,20260421,13,0.0000,2,stagnant,,DocumentAnalysisAgent,
counterfactual,20260421,14,0.0000,2,stagnant,,DocumentAnalysisAgent,
counterfactual,20260421,15,0.0000,2,stagnant,,DocumentAnalysisAgent,
counterfactual,20260421,16,0.0000,2,stagnant,,DocumentAnalysisAgent,
counterfactual,20260421,17,0.0000,2,stagnant,,SchemaAgent,
counterfactual,20260421,18,0.0000,2,stagnant,SchemaAgent,SchemaAgent,0.2500
counterfactual,20260421,19,1.0000,1,complete,,DocumentAnalysisAgent,
counterfactual,20260421,20,0.0000,2,stagnant,,DocumentAnalysisAgent,
counterfactual,20260421,21,0.0000,2,stagnant,,LogParserAgent,
counterfactual,20260421,22,0.0000,2,stagnant,,DocumentAnalysisAgent,
counterfactual,20260421,23,0.0000,2,stagnant,DocumentAnalysisAgent,DocumentAnalysisAgent,0.5000
counterfactual,20260421,24,0.0000,2,stagnant,ValidatorAgent,DocumentAnalysisAgent,0.5000
counterfactual,20260421,25,0.0000,2,stagnant,,DocumentAnalysisAgent,
counterfactual,20260421,26,0.0000,2,stagnant,DocumentAnalysisAgent,DocumentAnalysisAgent,0.3750
counterfactual,20260421,27,0.0000,2,stagnant,SchemaAgent,SchemaAgent,0.1250
counterfactual,20260421,28,1.0000,1,complete,,SchemaAgent,
counterfactual,20260421,29,1.0000,1,complete,,SchemaAgent,
counterfactual,20260421,30,1.0000,1,complete,,DocumentAnalysisAgent,
counterfactual,20260421,31,0.0000,2,stagnant,,DocumentAnalysisAgent,
counterfactual,20260421,32,0.0000,2,stagnant,SchemaAgent,SchemaAgent,0.3750
counterfactual,20260421,33,0.0000,2,stagnant,ValidatorAgent,DocumentAnalysisAgent,0.2500
counterfactual,20260421,34,0.0000,2,stagnant,,DocumentAnalysisAgent,
counterfactual,20260421,35,1.0000,1,complete,,SchemaAgent,
counterfactual,20260421,36,1.0000,2,complete,,SchemaAgent,
counterfactual,20260421,37,1.0000,2,complete,,LogParserAgent,
counterfactual,20260421,38,0.0000,2,stagnant,LogParserAgent,LogParserAgent,0.2500
counterfactual,20260421,39,0.0000,2,stagnant,,DocumentAnalysisAgent,
counterfactual,20260421,40,0.0000,2,stagnant,QAAgent,DocumentAnalysisAgent,0.5000
counterfactual,20260421,41,0.0000,2,stagnant,,LogParserAgent,
counterfactual,20260421,42,0.0000,2,stagnant,,LogParserAgent,
counterfactual,20260421,43,0.0000,2,stagnant,SchemaAgent,DocumentAnalysisAgent,0.5000
counterfactual,20260421,44,1.0000,1,complete,,SchemaAgent,
counterfactual,20260421,45,0.0000,2,stagnant,,LogParserAgent,
counterfactual,20260421,46,0.0000,2,stagnant,QAAgent,DocumentAnalysisAgent,0.5000
counterfactual,20260421,47,0.0000,2,stagnant,BuilderAgent,SchemaAgent,0.2500
counterfactual,20260421,48,0.0000,2,stagnant,,DocumentAnalysisAgent,
counterfactual,20260421,49,0.0000,2,stagnant,,DocumentAnalysisAgent,
counterfactual,20260421,50,1.0000,1,complete,,LogParserAgent,
counterfactual,20260421,51,1.0000,1,complete,,DocumentAnalysisAgent,
counterfactual,20260421,52,0.0000,2,stagnant,ValidatorAgent,DocumentAnalysisAgent,0.5000
counterfactual,20260421,53,0.0000,2,stagnant,QAAgent,DocumentAnalysisAgent,0.5000
counterfactual,20260421,54,0.0000,2,stagnant,,LogParserAgent,
counterfactual,20260421,55,0.0000,2,stagnant,SchemaAgent,LogParserAgent,0.5000
counterfactual,20260421,56,0.0000,2,stagnant,,DocumentAnalysisAgent,
counterfactual,20260421,57,0.0000,2,stagnant,,LogParserAgent,
counterfactual,20260421,58,0.0000,2,stagnant,,LogParserAgent,
counterfactual,20260421,59,0.0000,2,stagnant,,DocumentAnalysisAgent,
counterfactual,20260421,60,0.0000,2,stagnant,ValidatorAgent,LogParserAgent,0.5000
counterfactual,20260421,61,1.0000,1,complete,,SchemaAgent,
counterfactual,20260421,62,0.0000,2,stagnant,BuilderAgent,SchemaAgent,0.2500
counterfactual,20260421,63,0.0000,2,stagnant,,DocumentAnalysisAgent,
counterfactual,20260421,64,1.0000,2,complete,,SchemaAgent,
counterfactual,20260421,65,0.0000,2,stagnant,BuilderAgent,LogParserAgent,0.3750
counterfactual,20260421,66,0.0000,2,stagnant,SchemaAgent,LogParserAgent,0.5000
counterfactual,20260421,67,1.0000,1,complete,,SchemaAgent,
counterfactual,20260421,68,0.0000,2,stagnant,BuilderAgent,LogParserAgent,0.2500
counterfactual,20260421,69,0.0000,2,stagnant,,LogParserAgent,
counterfactual,20260421,70,0.0000,2,stagnant,SchemaAgent,SchemaAgent,0.2500
counterfactual,20260421,71,0.0000,2,stagnant,,DocumentAnalysisAgent,
counterfactual,20260421,72,0.0000,2,stagnant,ValidatorAgent,DocumentAnalysisAgent,0.5000
counterfactual,20260421,73,0.0000,2,stagnant,LogParserAgent,DocumentAnalysisAgent,0.5000
counterfactual,20260421,74,0.0000,2,stagnant,SchemaAgent,DocumentAnalysisAgent,0.5000
counterfactual,20260421,75,0.0000,2,stagnant,,DocumentAnalysisAgent,
counterfactual,20260421,76,0.0000,2,stagnant,,DocumentAnalysisAgent,
counterfactual,20260421,77,0.0000,2,stagnant,,DocumentAnalysisAgent,
counterfactual,20260421,78,0.0000,2,stagnant,,LogParserAgent,
counterfactual,20260421,79,0.0000,2,stagnant,,LogParserAgent,
counterfactual,20260421,80,0.0000,2,stagnant,SchemaAgent,DocumentAnalysisAgent,0.5000
counterfactual,20260421,81,0.0000,2,stagnant,,DocumentAnalysisAgent,
counterfactual,20260421,82,0.0000,2,stagnant,,SchemaAgent,
counterfactual,20260421,83,0.0000,2,stagnant,SchemaAgent,DocumentAnalysisAgent,0.5000
counterfactual,20260421,84,0.0000,2,stagnant,,DocumentAnalysisAgent,
counterfactual,20260421,85,1.0000,2,complete,,DocumentAnalysisAgent,
counterfactual,20260421,86,0.0000,2,stagnant,,LogParserAgent,
counterfactual,20260421,87,1.0000,2,complete,,LogParserAgent,
counterfactual,20260421,88,0.0000,2,stagnant,DocumentAnalysisAgent,DocumentAnalysisAgent,0.3750
counterfactual,20260421,89,0.0000,2,stagnant,BuilderAgent,DocumentAnalysisAgent,0.5000
counterfactual,20260421,90,0.0000,2,stagnant,,LogParserAgent,
counterfactual,20260421,91,0.0000,2,stagnant,BuilderAgent,DocumentAnalysisAgent,0.5000
counterfactual,20260421,92,0.0000,2,stagnant,BuilderAgent,SchemaAgent,0.1250
counterfactual,20260421,93,0.0000,2,stagnant,,DocumentAnalysisAgent,
counterfactual,20260421,94,0.0000,2,stagnant,SchemaAgent,LogParserAgent,0.5000
counterfactual,20260421,95,0.0000,2,stagnant,,LogParserAgent,
counterfactual,20260421,96,0.0000,2,stagnant,DocumentAnalysisAgent,DocumentAnalysisAgent,0.5000
counterfactual,20260421,97,0.0000,2,stagnant,,LogParserAgent,
counterfactual,20260421,98,0.0000,2,stagnant,DocumentAnalysisAgent,DocumentAnalysisAgent,0.3750
counterfactual,20260421,99,0.0000,2,stagnant,,DocumentAnalysisAgent,
counterfactual,20260421,100,0.0000,2,stagnant,,LogParserAgent,
counterfactual,20260421,101,1.0000,2,complete,,LogParserAgent,
counterfactual,20260421,102,0.0000,2,stagnant,,DocumentAnalysisAgent,
counterfactual,20260421,103,0.0000,2,stagnant,,LogParserAgent,
counterfactual,20260421,104,1.0000,1,complete,QAAgent,SchemaAgent,0.7500
counterfactual,20260421,105,0.0000,2,stagnant,,SchemaAgent,
counterfactual,20260421,106,0.0000,2,stagnant,SchemaAgent,DocumentAnalysisAgent,0.5000
counterfactual,20260421,107,1.0000,1,complete,,SchemaAgent,
counterfactual,20260421,108,0.0000,2,stagnant,LogParserAgent,DocumentAnalysisAgent,0.5000
counterfactual,20260421,109,0.0000,2,stagnant,,DocumentAnalysisAgent,
counterfactual,20260421,110,0.0000,2,stagnant,DocumentAnalysisAgent,DocumentAnalysisAgent,0.3750
counterfactual,20260421,111,0.0000,2,stagnant,,LogParserAgent,
counterfactual,20260421,112,1.0000,1,complete,,LogParserAgent,
counterfactual,20260421,113,0.0000,2,stagnant,QAAgent,SchemaAgent,0.3750
counterfactual,20260421,114,0.0000,2,stagnant,,DocumentAnalysisAgent,
counterfactual,20260421,115,0.0000,2,stagnant,QAAgent,DocumentAnalysisAgent,0.5000
counterfactual,20260421,116,0.0000,2,stagnant,ValidatorAgent,DocumentAnalysisAgent,0.5000
counterfactual,20260421,117,0.0000,2,stagnant,,SchemaAgent,
counterfactual,20260421,118,1.0000,1,complete,,DocumentAnalysisAgent,
counterfactual,20260421,119,1.0000,1,complete,,DocumentAnalysisAgent,
counterfactual,20260421,120,0.0000,2,stagnant,ValidatorAgent,DocumentAnalysisAgent,0.3750
counterfactual,20260421,121,0.0000,2,stagnant,DocumentAnalysisAgent,DocumentAnalysisAgent,0.3750
counterfactual,20260421,122,0.0000,2,stagnant,,DocumentAnalysisAgent,
counterfactual,20260421,123,0.0000,2,stagnant,DocumentAnalysisAgent,DocumentAnalysisAgent,0.3750
counterfactual,20260421,124,0.0000,2,stagnant,ValidatorAgent,LogParserAgent,0.5000
counterfactual,20260421,125,0.0000,2,stagnant,,SchemaAgent,
counterfactual,20260421,126,0.0000,2,stagnant,BuilderAgent,DocumentAnalysisAgent,0.1250
counterfactual,20260421,127,1.0000,2,complete,ValidatorAgent,SchemaAgent,0.7500
counterfactual,20260421,128,0.0000,2,stagnant,,DocumentAnalysisAgent,
counterfactual,20260421,129,0.0000,2,stagnant,SchemaAgent,DocumentAnalysisAgent,0.3750
counterfactual,20260421,130,1.0000,2,complete,,DocumentAnalysisAgent,
counterfactual,20260421,131,0.0000,2,stagnant,SchemaAgent,DocumentAnalysisAgent,0.3750
counterfactual,20260421,132,0.0000,2,stagnant,,DocumentAnalysisAgent,
counterfactual,20260421,133,0.0000,2,stagnant,,LogParserAgent,
counterfactual,20260421,134,0.0000,2,stagnant,DocumentAnalysisAgent,DocumentAnalysisAgent,0.3750
counterfactual,20260421,135,0.0000,2,stagnant,ValidatorAgent,DocumentAnalysisAgent,0.5000
counterfactual,20260421,136,0.0000,2,stagnant,BuilderAgent,DocumentAnalysisAgent,0.5000
counterfactual,20260421,137,0.0000,2,stagnant,,DocumentAnalysisAgent,
counterfactual,20260421,138,0.0000,2,stagnant,,SchemaAgent,
counterfactual,20260421,139,0.0000,2,stagnant,ValidatorAgent,SchemaAgent,0.2500
counterfactual,20260421,140,0.0000,2,stagnant,,DocumentAnalysisAgent,
counterfactual,20260421,141,0.0000,2,stagnant,,DocumentAnalysisAgent,
counterfactual,20260421,142,1.0000,1,complete,,DocumentAnalysisAgent,
counterfactual,20260421,143,0.0000,2,stagnant,BuilderAgent,DocumentAnalysisAgent,0.3750
counterfactual,20260421,144,0.0000,2,stagnant,ValidatorAgent,LogParserAgent,0.2500
counterfactual,20260421,145,1.0000,2,complete,,SchemaAgent,
counterfactual,20260421,146,0.0000,2,stagnant,SchemaAgent,DocumentAnalysisAgent,0.5000
counterfactual,20260421,147,0.0000,2,stagnant,SchemaAgent,DocumentAnalysisAgent,0.5000
counterfactual,20260421,148,1.0000,1,complete,,SchemaAgent,
counterfactual,20260421,149,0.0000,2,stagnant,QAAgent,DocumentAnalysisAgent,0.5000
counterfactual,20260421,150,0.0000,2,stagnant,,SchemaAgent,
counterfactual,20260421,151,0.0000,2,stagnant,,DocumentAnalysisAgent,
counterfactual,20260421,152,0.0000,2,stagnant,,DocumentAnalysisAgent,
counterfactual,20260421,153,0.0000,2,stagnant,LogParserAgent,DocumentAnalysisAgent,0.5000
counterfactual,20260421,154,0.0000,2,stagnant,,DocumentAnalysisAgent,
counterfactual,20260421,155,0.0000,2,stagnant,,DocumentAnalysisAgent,
counterfactual,20260421,156,0.0000,2,stagnant,,DocumentAnalysisAgent,
counterfactual,20260421,157,1.0000,1,complete,,SchemaAgent,
counterfactual,20260421,158,0.0000,2,stagnant,QAAgent,LogParserAgent,0.2500
counterfactual,20260421,159,0.0000,2,stagnant,LogParserAgent,DocumentAnalysisAgent,0.5000
counterfactual,20260421,160,1.0000,1,complete,,LogParserAgent,
counterfactual,20260421,161,0.0000,2,stagnant,QAAgent,DocumentAnalysisAgent,0.5000
counterfactual,20260421,162,0.0000,2,stagnant,,LogParserAgent,
counterfactual,20260421,163,0.0000,2,stagnant,,DocumentAnalysisAgent,
counterfactual,20260421,164,0.0000,2,stagnant,BuilderAgent,LogParserAgent,0.5000
counterfactual,20260421,165,0.0000,2,stagnant,LogParserAgent,DocumentAnalysisAgent,0.5000
counterfactual,20260421,166,0.0000,2,stagnant,,DocumentAnalysisAgent,
counterfactual,20260421,167,1.0000,1,complete,,LogParserAgent,
counterfactual,20260421,168,0.0000,2,stagnant,,LogParserAgent,
counterfactual,20260421,169,0.0000,2,stagnant,,DocumentAnalysisAgent,
counterfactual,20260421,170,1.0000,2,complete,,LogParserAgent,
counterfactual,20260421,171,0.0000,2,stagnant,,LogParserAgent,
counterfactual,20260421,172,0.0000,2,stagnant,,DocumentAnalysisAgent,
counterfactual,20260421,173,0.0000,2,stagnant,BuilderAgent,DocumentAnalysisAgent,0.5000
counterfactual,20260421,174,1.0000,1,complete,,LogParserAgent,
counterfactual,20260421,175,0.0000,2,stagnant,ValidatorAgent,DocumentAnalysisAgent,0.2500
counterfactual,20260421,176,0.0000,2,stagnant,,SchemaAgent,
counterfactual,20260421,177,0.0000,2,stagnant,,SchemaAgent,
counterfactual,20260421,178,0.0000,2,stagnant,LogParserAgent,DocumentAnalysisAgent,0.5000
counterfactual,20260421,179,0.0000,2,stagnant,QAAgent,DocumentAnalysisAgent,0.3750
counterfactual,20260421,180,0.0000,2,stagnant,QAAgent,DocumentAnalysisAgent,0.5000
counterfactual,20260421,181,0.0000,2,stagnant,LogParserAgent,LogParserAgent,0.1250
counterfactual,20260421,182,0.0000,2,stagnant,,LogParserAgent,
counterfactual,20260421,183,0.0000,2,stagnant,SchemaAgent,DocumentAnalysisAgent,0.5000
counterfactual,20260421,184,0.0000,2,stagnant,,DocumentAnalysisAgent,
counterfactual,20260421,185,0.0000,2,stagnant,ValidatorAgent,DocumentAnalysisAgent,0.5000
counterfactual,20260421,186,0.0000,2,stagnant,QAAgent,DocumentAnalysisAgent,0.3750
counterfactual,20260421,187,0.0000,2,stagnant,,DocumentAnalysisAgent,
counterfactual,20260421,188,1.0000,1,complete,,LogParserAgent,
counterfactual,20260421,189,0.0000,2,stagnant,SchemaAgent,DocumentAnalysisAgent,0.5000
counterfactual,20260421,190,1.0000,2,complete,,SchemaAgent,
counterfactual,20260421,191,0.0000,2,stagnant,,DocumentAnalysisAgent,
counterfactual,20260421,192,0.0000,2,stagnant,LogParserAgent,DocumentAnalysisAgent,0.5000
counterfactual,20260421,193,0.0000,2,stagnant,,DocumentAnalysisAgent,
counterfactual,20260421,194,1.0000,1,complete,,DocumentAnalysisAgent,
counterfactual,20260421,195,0.0000,2,stagnant,SchemaAgent,DocumentAnalysisAgent,0.5000
counterfactual,20260421,196,0.0000,2,stagnant,,DocumentAnalysisAgent,
counterfactual,20260421,197,0.0000,2,stagnant,QAAgent,DocumentAnalysisAgent,0.5000
counterfactual,20260421,198,0.0000,2,stagnant,DocumentAnalysisAgent,DocumentAnalysisAgent,0.2500
counterfactual,20260421,199,0.0000,2,stagnant,ValidatorAgent,DocumentAnalysisAgent,0.5000
counterfactual,20260421,200,1.0000,2,complete,,SchemaAgent,
counterfactual,20260421,201,0.0000,2,stagnant,,DocumentAnalysisAgent,
counterfactual,20260421,202,0.0000,2,stagnant,,DocumentAnalysisAgent,
counterfactual,20260421,203,0.0000,2,stagnant,,DocumentAnalysisAgent,
counterfactual,20260421,204,0.0000,2,stagnant,,DocumentAnalysisAgent,
counterfactual,20260421,205,0.0000,2,stagnant,,LogParserAgent,
counterfactual,20260421,206,0.0000,2,stagnant,,DocumentAnalysisAgent,
counterfactual,20260421,207,0.0000,2,stagnant,,LogParserAgent,
counterfactual,20260421,208,0.0000,2,stagnant,,DocumentAnalysisAgent,
counterfactual,20260421,209,1.0000,1,complete,,SchemaAgent,
counterfactual,20260421,210,0.0000,2,stagnant,,DocumentAnalysisAgent,
counterfactual,20260421,211,1.0000,2,complete,,SchemaAgent,
counterfactual,20260421,212,0.0000,2,stagnant,,DocumentAnalysisAgent,
counterfactual,20260421,213,0.0000,2,stagnant,,DocumentAnalysisAgent,
counterfactual,20260421,214,0.0000,2,stagnant,,DocumentAnalysisAgent,
counterfactual,20260421,215,1.0000,1,complete,,SchemaAgent,
counterfactual,20260421,216,0.0000,2,stagnant,,DocumentAnalysisAgent,
counterfactual,20260421,217,0.0000,2,stagnant,DocumentAnalysisAgent,DocumentAnalysisAgent,0.3750
counterfactual,20260421,218,0.0000,2,stagnant,LogParserAgent,DocumentAnalysisAgent,0.5000
counterfactual,20260421,219,0.0000,2,stagnant,LogParserAgent,DocumentAnalysisAgent,0.5000
counterfactual,20260421,220,0.0000,2,stagnant,,LogParserAgent,
counterfactual,20260421,221,0.0000,2,stagnant,ValidatorAgent,LogParserAgent,0.5000
counterfactual,20260421,222,0.0000,2,stagnant,BuilderAgent,LogParserAgent,0.3750
counterfactual,20260421,223,1.0000,1,complete,,LogParserAgent,
counterfactual,20260421,224,0.0000,2,stagnant,,DocumentAnalysisAgent,
counterfactual,20260421,225,0.0000,2,stagnant,,DocumentAnalysisAgent,
counterfactual,20260421,226,0.0000,2,stagnant,LogParserAgent,DocumentAnalysisAgent,0.5000
counterfactual,20260421,227,1.0000,1,complete,,DocumentAnalysisAgent,
counterfactual,20260421,228,0.0000,2,stagnant,,DocumentAnalysisAgent,
counterfactual,20260421,229,0.0000,2,stagnant,,LogParserAgent,
counterfactual,20260421,230,0.0000,2,stagnant,,DocumentAnalysisAgent,
counterfactual,20260421,231,0.0000,2,stagnant,,DocumentAnalysisAgent,
counterfactual,20260421,232,1.0000,2,complete,,DocumentAnalysisAgent,
counterfactual,20260421,233,0.0000,2,stagnant,,DocumentAnalysisAgent,
counterfactual,20260421,234,0.0000,2,stagnant,DocumentAnalysisAgent,DocumentAnalysisAgent,0.5000
counterfactual,20260421,235,1.0000,1,complete,,SchemaAgent,
counterfactual,20260421,236,0.0000,2,stagnant,ValidatorAgent,SchemaAgent,0.2500
counterfactual,20260421,237,1.0000,1,complete,ValidatorAgent,DocumentAnalysisAgent,1.0000
counterfactual,20260421,238,1.0000,2,complete,,SchemaAgent,
counterfactual,20260421,239,0.0000,2,stagnant,QAAgent,SchemaAgent,0.2500
counterfactual,20260421,240,0.0000,2,stagnant,,DocumentAnalysisAgent,
counterfactual,20260421,241,1.0000,1,complete,,DocumentAnalysisAgent,
counterfactual,20260421,242,0.0000,2,stagnant,,SchemaAgent,
counterfactual,20260421,243,0.0000,2,stagnant,,DocumentAnalysisAgent,
counterfactual,20260421,244,0.0000,2,stagnant,LogParserAgent,DocumentAnalysisAgent,0.5000
counterfactual,20260421,245,0.0000,2,stagnant,,DocumentAnalysisAgent,
counterfactual,20260421,246,1.0000,2,complete,,SchemaAgent,
counterfactual,20260421,247,1.0000,2,complete,,SchemaAgent,
counterfactual,20260421,248,0.0000,2,stagnant,,SchemaAgent,
counterfactual,20260421,249,1.0000,2,complete,BuilderAgent,LogParserAgent,0.8750
counterfactual,20260421,250,0.0000,2,stagnant,,LogParserAgent,
counterfactual,20260421,251,0.0000,2,stagnant,,SchemaAgent,
counterfactual,20260421,252,0.0000,2,stagnant,SchemaAgent,DocumentAnalysisAgent,0.5000
counterfactual,20260421,253,1.0000,2,complete,,DocumentAnalysisAgent,
counterfactual,20260421,254,0.0000,2,stagnant,ValidatorAgent,DocumentAnalysisAgent,0.3750
counterfactual,20260421,255,0.0000,2,stagnant,,LogParserAgent,
counterfactual,20260421,256,0.0000,2,stagnant,,LogParserAgent,
counterfactual,20260421,257,1.0000,1,complete,,SchemaAgent,
counterfactual,20260421,258,0.0000,2,stagnant,,DocumentAnalysisAgent,
counterfactual,20260421,259,0.0000,2,stagnant,ValidatorAgent,SchemaAgent,0.1250
counterfactual,20260421,260,1.0000,1,complete,,DocumentAnalysisAgent,
counterfactual,20260421,261,0.0000,2,stagnant,LogParserAgent,LogParserAgent,0.2500
counterfactual,20260421,262,0.0000,2,stagnant,LogParserAgent,DocumentAnalysisAgent,0.5000
counterfactual,20260421,263,0.0000,2,stagnant,DocumentAnalysisAgent,DocumentAnalysisAgent,0.3750
counterfactual,20260421,264,1.0000,2,complete,,LogParserAgent,
counterfactual,20260421,265,0.0000,2,stagnant,,LogParserAgent,
counterfactual,20260421,266,1.0000,2,complete,,DocumentAnalysisAgent,
counterfactual,20260421,267,0.0000,2,stagnant,,SchemaAgent,
counterfactual,20260421,268,1.0000,2,complete,,SchemaAgent,
counterfactual,20260421,269,1.0000,1,complete,,DocumentAnalysisAgent,
counterfactual,20260421,270,0.0000,2,stagnant,QAAgent,SchemaAgent,0.2500
counterfactual,20260421,271,0.0000,2,stagnant,ValidatorAgent,DocumentAnalysisAgent,0.5000
counterfactual,20260421,272,0.0000,2,stagnant,,DocumentAnalysisAgent,
counterfactual,20260421,273,0.0000,2,stagnant,DocumentAnalysisAgent,DocumentAnalysisAgent,0.5000
counterfactual,20260421,274,0.0000,2,stagnant,DocumentAnalysisAgent,DocumentAnalysisAgent,0.3750
counterfactual,20260421,275,0.0000,2,stagnant,ValidatorAgent,SchemaAgent,0.1250
counterfactual,20260421,276,0.0000,2,stagnant,,SchemaAgent,
counterfactual,20260421,277,0.0000,2,stagnant,SchemaAgent,DocumentAnalysisAgent,0.5000
counterfactual,20260421,278,0.0000,2,stagnant,,SchemaAgent,
counterfactual,20260421,279,0.0000,2,stagnant,SchemaAgent,DocumentAnalysisAgent,0.5000
counterfactual,20260421,280,1.0000,1,complete,DocumentAnalysisAgent,SchemaAgent,0.8750
counterfactual,20260421,281,0.0000,2,stagnant,,DocumentAnalysisAgent,
counterfactual,20260421,282,0.0000,2,stagnant,BuilderAgent,DocumentAnalysisAgent,0.5000
counterfactual,20260421,283,0.0000,2,stagnant,,DocumentAnalysisAgent,
counterfactual,20260421,284,1.0000,2,complete,,DocumentAnalysisAgent,
counterfactual,20260421,285,0.0000,2,stagnant,ValidatorAgent,SchemaAgent,0.2500
counterfactual,20260421,286,0.0000,2,stagnant,,DocumentAnalysisAgent,
counterfactual,20260421,287,0.0000,2,stagnant,DocumentAnalysisAgent,DocumentAnalysisAgent,0.5000
counterfactual,20260421,288,0.0000,2,stagnant,BuilderAgent,DocumentAnalysisAgent,0.5000
counterfactual,20260421,289,1.0000,1,complete,,LogParserAgent,
counterfactual,20260421,290,0.0000,2,stagnant,,DocumentAnalysisAgent,
counterfactual,20260421,291,0.0000,2,stagnant,LogParserAgent,DocumentAnalysisAgent,0.5000
counterfactual,20260421,292,0.0000,2,stagnant,BuilderAgent,DocumentAnalysisAgent,0.5000
counterfactual,20260421,293,0.0000,2,stagnant,LogParserAgent,DocumentAnalysisAgent,0.5000
counterfactual,20260421,294,1.0000,1,complete,,SchemaAgent,
counterfactual,20260421,295,1.0000,1,complete,,SchemaAgent,
counterfactual,20260421,296,1.0000,1,complete,,LogParserAgent,
counterfactual,20260421,297,0.0000,2,stagnant,QAAgent,LogParserAgent,0.5000
counterfactual,20260421,298,1.0000,1,complete,,SchemaAgent,
counterfactual,20260421,299,0.0000,2,stagnant,,DocumentAnalysisAgent,
counterfactual,20260421,300,0.0000,2,stagnant,,LogParserAgent,
counterfactual,20260421,301,0.0000,2,stagnant,LogParserAgent,DocumentAnalysisAgent,0.3750
counterfactual,20260421,302,0.0000,2,stagnant,BuilderAgent,DocumentAnalysisAgent,0.5000
counterfactual,20260421,303,0.0000,2,stagnant,DocumentAnalysisAgent,DocumentAnalysisAgent,0.5000
counterfactual,20260421,304,0.0000,2,stagnant,,LogParserAgent,
counterfactual,20260421,305,0.0000,2,stagnant,LogParserAgent,DocumentAnalysisAgent,0.5000
counterfactual,20260421,306,0.0000,2,stagnant,,DocumentAnalysisAgent,
counterfactual,20260421,307,0.0000,2,stagnant,BuilderAgent,DocumentAnalysisAgent,0.5000
counterfactual,20260421,308,0.0000,2,stagnant,,DocumentAnalysisAgent,
counterfactual,20260421,309,0.0000,2,stagnant,,LogParserAgent,
counterfactual,20260421,310,0.0000,2,stagnant,,DocumentAnalysisAgent,
counterfactual,20260421,311,0.0000,2,stagnant,,DocumentAnalysisAgent,
counterfactual,20260421,312,0.0000,2,stagnant,,DocumentAnalysisAgent,
counterfactual,20260421,313,0.0000,2,stagnant,,SchemaAgent,
counterfactual,20260421,314,0.0000,2,stagnant,SchemaAgent,DocumentAnalysisAgent,0.3750
counterfactual,20260421,315,0.0000,2,stagnant,,DocumentAnalysisAgent,
counterfactual,20260421,316,0.0000,2,stagnant,,DocumentAnalysisAgent,
counterfactual,20260421,317,0.0000,2,stagnant,,DocumentAnalysisAgent,
counterfactual,20260421,318,0.0000,2,stagnant,DocumentAnalysisAgent,DocumentAnalysisAgent,0.5000
counterfactual,20260421,319,0.0000,2,stagnant,QAAgent,SchemaAgent,0.3750
counterfactual,20260421,320,1.0000,2,complete,,SchemaAgent,
counterfactual,20260421,321,0.0000,2,stagnant,,DocumentAnalysisAgent,
counterfactual,20260421,322,1.0000,2,complete,,LogParserAgent,
counterfactual,20260421,323,1.0000,2,complete,,DocumentAnalysisAgent,
counterfactual,20260421,324,0.0000,2,stagnant,,DocumentAnalysisAgent,
counterfactual,20260421,325,0.0000,2,stagnant,,DocumentAnalysisAgent,
counterfactual,20260421,326,1.0000,2,complete,,DocumentAnalysisAgent,
counterfactual,20260421,327,0.0000,2,stagnant,,DocumentAnalysisAgent,
counterfactual,20260421,328,0.0000,2,stagnant,,DocumentAnalysisAgent,
counterfactual,20260421,329,1.0000,1,complete,,SchemaAgent,
counterfactual,20260421,330,0.0000,2,stagnant,,SchemaAgent,
counterfactual,20260421,331,0.0000,2,stagnant,,DocumentAnalysisAgent,
counterfactual,20260421,332,0.0000,2,stagnant,QAAgent,DocumentAnalysisAgent,0.5000
counterfactual,20260421,333,0.0000,2,stagnant,,LogParserAgent,
counterfactual,20260421,334,1.0000,1,complete,,SchemaAgent,
counterfactual,20260421,335,0.0000,2,stagnant,DocumentAnalysisAgent,DocumentAnalysisAgent,0.3750
counterfactual,20260421,336,1.0000,2,complete,,LogParserAgent,
counterfactual,20260421,337,0.0000,2,stagnant,,DocumentAnalysisAgent,
counterfactual,20260421,338,0.0000,2,stagnant,,LogParserAgent,
counterfactual,20260421,339,0.0000,2,stagnant,DocumentAnalysisAgent,DocumentAnalysisAgent,0.5000
counterfactual,20260421,340,0.0000,2,stagnant,QAAgent,DocumentAnalysisAgent,0.5000
counterfactual,20260421,341,0.0000,2,stagnant,,SchemaAgent,
counterfactual,20260421,342,0.0000,2,stagnant,,DocumentAnalysisAgent,
counterfactual,20260421,343,1.0000,2,complete,,SchemaAgent,
counterfactual,20260421,344,0.0000,2,stagnant,,DocumentAnalysisAgent,
counterfactual,20260421,345,0.0000,2,stagnant,,DocumentAnalysisAgent,
counterfactual,20260421,346,0.0000,2,stagnant,,SchemaAgent,
counterfactual,20260421,347,1.0000,1,complete,,LogParserAgent,
counterfactual,20260421,348,0.0000,2,stagnant,,DocumentAnalysisAgent,
counterfactual,20260421,349,0.0000,2,stagnant,,SchemaAgent,
counterfactual,20260421,350,0.0000,2,stagnant,,DocumentAnalysisAgent,
counterfactual,20260421,351,0.0000,2,stagnant,SchemaAgent,DocumentAnalysisAgent,0.5000
counterfactual,20260421,352,0.0000,2,stagnant,,LogParserAgent,
counterfactual,20260421,353,1.0000,2,complete,,DocumentAnalysisAgent,
counterfactual,20260421,354,0.0000,2,stagnant,QAAgent,DocumentAnalysisAgent,0.5000
counterfactual,20260421,355,0.0000,2,stagnant,,SchemaAgent,
counterfactual,20260421,356,1.0000,2,complete,,SchemaAgent,
counterfactual,20260421,357,1.0000,1,complete,,DocumentAnalysisAgent,
counterfactual,20260421,358,0.0000,2,stagnant,,SchemaAgent,
counterfactual,20260421,359,1.0000,2,complete,,LogParserAgent,
counterfactual,20260421,360,0.0000,2,stagnant,,DocumentAnalysisAgent,
counterfactual,20260421,361,1.0000,2,complete,,SchemaAgent,
counterfactual,20260421,362,0.0000,2,stagnant,BuilderAgent,DocumentAnalysisAgent,0.3750
counterfactual,20260421,363,0.0000,2,stagnant,,DocumentAnalysisAgent,
counterfactual,20260421,364,0.0000,2,stagnant,,SchemaAgent,
counterfactual,20260421,365,0.0000,2,stagnant,,SchemaAgent,
counterfactual,20260421,366,0.0000,2,stagnant,,DocumentAnalysisAgent,
counterfactual,20260421,367,1.0000,1,complete,,SchemaAgent,
counterfactual,20260421,368,0.0000,2,stagnant,,SchemaAgent,
counterfactual,20260421,369,0.0000,2,stagnant,,DocumentAnalysisAgent,
counterfactual,20260421,370,0.0000,2,stagnant,ValidatorAgent,DocumentAnalysisAgent,0.5000
counterfactual,20260421,371,1.0000,2,complete,,DocumentAnalysisAgent,
counterfactual,20260421,372,0.0000,2,stagnant,LogParserAgent,LogParserAgent,0.2500
counterfactual,20260421,373,0.0000,2,stagnant,BuilderAgent,DocumentAnalysisAgent,0.5000
counterfactual,20260421,374,0.0000,2,stagnant,,DocumentAnalysisAgent,
counterfactual,20260421,375,0.0000,2,stagnant,,DocumentAnalysisAgent,
counterfactual,20260421,376,0.0000,2,stagnant,QAAgent,DocumentAnalysisAgent,0.5000
counterfactual,20260421,377,0.0000,2,stagnant,,DocumentAnalysisAgent,
counterfactual,20260421,378,0.0000,2,stagnant,BuilderAgent,SchemaAgent,0.3750
counterfactual,20260421,379,0.0000,2,stagnant,,LogParserAgent,
counterfactual,20260421,380,0.0000,2,stagnant,,DocumentAnalysisAgent,
counterfactual,20260421,381,0.0000,2,stagnant,,DocumentAnalysisAgent,
counterfactual,20260421,382,0.0000,2,stagnant,,DocumentAnalysisAgent,
counterfactual,20260421,383,0.0000,2,stagnant,DocumentAnalysisAgent,DocumentAnalysisAgent,0.3750
counterfactual,20260421,384,0.0000,2,stagnant,LogParserAgent,DocumentAnalysisAgent,0.5000
counterfactual,20260421,385,0.0000,2,stagnant,QAAgent,SchemaAgent,0.2500
counterfactual,20260421,386,0.0000,2,stagnant,,LogParserAgent,
counterfactual,20260421,387,1.0000,1,complete,,SchemaAgent,
counterfactual,20260421,388,0.0000,2,stagnant,LogParserAgent,DocumentAnalysisAgent,0.3750
counterfactual,20260421,389,1.0000,2,complete,,DocumentAnalysisAgent,
counterfactual,20260421,390,0.0000,2,stagnant,LogParserAgent,DocumentAnalysisAgent,0.5000
counterfactual,20260421,391,0.0000,2,stagnant,,DocumentAnalysisAgent,
counterfactual,20260421,392,0.0000,2,stagnant,,DocumentAnalysisAgent,
counterfactual,20260421,393,0.0000,2,stagnant,,LogParserAgent,
counterfactual,20260421,394,0.0000,2,stagnant,,DocumentAnalysisAgent,
counterfactual,20260421,395,0.0000,2,stagnant,,DocumentAnalysisAgent,
counterfactual,20260421,396,0.0000,2,stagnant,LogParserAgent,DocumentAnalysisAgent,0.5000
counterfactual,20260421,397,0.0000,2,stagnant,,DocumentAnalysisAgent,
counterfactual,20260421,398,0.0000,2,stagnant,,DocumentAnalysisAgent,
counterfactual,20260421,399,0.0000,2,stagnant,,DocumentAnalysisAgent,
validator_anchored,20260417,0,0.0000,2,stagnant,,LogParserAgent,
validator_anchored,20260417,1,0.0000,2,stagnant,,DocumentAnalysisAgent,
validator_anchored,20260417,2,1.0000,2,complete,,DocumentAnalysisAgent,
validator_anchored,20260417,3,0.0000,2,stagnant,,DocumentAnalysisAgent,
validator_anchored,20260417,4,0.0000,2,stagnant,,DocumentAnalysisAgent,
validator_anchored,20260417,5,0.0000,2,stagnant,DocumentAnalysisAgent,DocumentAnalysisAgent,0.0000
validator_anchored,20260417,6,0.0000,2,stagnant,BuilderAgent,SchemaAgent,0.0000
validator_anchored,20260417,7,1.0000,1,complete,,DocumentAnalysisAgent,
validator_anchored,20260417,8,0.0000,2,stagnant,,DocumentAnalysisAgent,
validator_anchored,20260417,9,0.0000,2,stagnant,LogParserAgent,LogParserAgent,0.0000
validator_anchored,20260417,10,0.0000,2,stagnant,DocumentAnalysisAgent,DocumentAnalysisAgent,0.0000
validator_anchored,20260417,11,0.0000,2,stagnant,,DocumentAnalysisAgent,
validator_anchored,20260417,12,0.0000,2,stagnant,,DocumentAnalysisAgent,
validator_anchored,20260417,13,0.0000,2,stagnant,LogParserAgent,LogParserAgent,0.0000
validator_anchored,20260417,14,0.0000,2,stagnant,,LogParserAgent,
validator_anchored,20260417,15,0.0000,2,stagnant,,LogParserAgent,
validator_anchored,20260417,16,1.0000,2,complete,DocumentAnalysisAgent,DocumentAnalysisAgent,1.0000
validator_anchored,20260417,17,0.0000,2,stagnant,LogParserAgent,LogParserAgent,0.0000
validator_anchored,20260417,18,0.0000,2,stagnant,LogParserAgent,LogParserAgent,0.0000
validator_anchored,20260417,19,0.0000,2,stagnant,ValidatorAgent,SchemaAgent,0.0000
validator_anchored,20260417,20,0.0000,2,stagnant,DocumentAnalysisAgent,DocumentAnalysisAgent,0.0000
validator_anchored,20260417,21,0.0000,2,stagnant,BuilderAgent,SchemaAgent,0.0000
validator_anchored,20260417,22,0.0000,2,stagnant,QAAgent,DocumentAnalysisAgent,1.0000
validator_anchored,20260417,23,0.0000,2,stagnant,,DocumentAnalysisAgent,
validator_anchored,20260417,24,0.0000,2,stagnant,,DocumentAnalysisAgent,
validator_anchored,20260417,25,0.0000,2,stagnant,ValidatorAgent,DocumentAnalysisAgent,0.0000
validator_anchored,20260417,26,0.0000,2,stagnant,LogParserAgent,DocumentAnalysisAgent,0.0000
validator_anchored,20260417,27,0.0000,2,stagnant,LogParserAgent,LogParserAgent,0.0000
validator_anchored,20260417,28,0.0000,2,stagnant,,LogParserAgent,
validator_anchored,20260417,29,0.0000,2,stagnant,QAAgent,DocumentAnalysisAgent,0.0000
validator_anchored,20260417,30,0.0000,2,stagnant,DocumentAnalysisAgent,DocumentAnalysisAgent,0.0000
validator_anchored,20260417,31,0.0000,2,stagnant,,SchemaAgent,
validator_anchored,20260417,32,1.0000,1,complete,,DocumentAnalysisAgent,
validator_anchored,20260417,33,0.0000,2,stagnant,ValidatorAgent,DocumentAnalysisAgent,0.0000
validator_anchored,20260417,34,0.0000,2,stagnant,,LogParserAgent,
validator_anchored,20260417,35,0.0000,2,stagnant,,SchemaAgent,
validator_anchored,20260417,36,0.0000,2,stagnant,QAAgent,DocumentAnalysisAgent,1.0000
validator_anchored,20260417,37,0.0000,2,stagnant,BuilderAgent,LogParserAgent,1.0000
validator_anchored,20260417,38,0.0000,2,stagnant,,LogParserAgent,
validator_anchored,20260417,39,1.0000,1,complete,,DocumentAnalysisAgent,
validator_anchored,20260417,40,0.0000,2,stagnant,DocumentAnalysisAgent,DocumentAnalysisAgent,0.0000
validator_anchored,20260417,41,0.0000,2,stagnant,,SchemaAgent,
validator_anchored,20260417,42,0.0000,2,stagnant,BuilderAgent,SchemaAgent,0.0000
validator_anchored,20260417,43,1.0000,1,complete,,DocumentAnalysisAgent,
validator_anchored,20260417,44,0.0000,2,stagnant,LogParserAgent,LogParserAgent,0.0000
validator_anchored,20260417,45,1.0000,2,complete,,DocumentAnalysisAgent,
validator_anchored,20260417,46,0.0000,2,stagnant,,DocumentAnalysisAgent,
validator_anchored,20260417,47,0.0000,2,stagnant,,DocumentAnalysisAgent,
validator_anchored,20260417,48,1.0000,2,complete,,DocumentAnalysisAgent,
validator_anchored,20260417,49,0.0000,2,stagnant,,DocumentAnalysisAgent,
validator_anchored,20260417,50,1.0000,1,complete,,DocumentAnalysisAgent,
validator_anchored,20260417,51,0.0000,2,stagnant,BuilderAgent,SchemaAgent,0.0000
validator_anchored,20260417,52,1.0000,2,complete,,DocumentAnalysisAgent,
validator_anchored,20260417,53,0.0000,2,stagnant,SchemaAgent,LogParserAgent,1.0000
validator_anchored,20260417,54,1.0000,2,complete,,DocumentAnalysisAgent,
validator_anchored,20260417,55,0.0000,2,stagnant,ValidatorAgent,SchemaAgent,0.0000
validator_anchored,20260417,56,0.0000,2,stagnant,BuilderAgent,LogParserAgent,1.0000
validator_anchored,20260417,57,0.0000,2,stagnant,SchemaAgent,DocumentAnalysisAgent,1.0000
validator_anchored,20260417,58,0.0000,2,stagnant,,DocumentAnalysisAgent,
validator_anchored,20260417,59,0.0000,2,stagnant,,LogParserAgent,
validator_anchored,20260417,60,0.0000,2,stagnant,,DocumentAnalysisAgent,
validator_anchored,20260417,61,0.0000,2,stagnant,QAAgent,SchemaAgent,0.0000
validator_anchored,20260417,62,0.0000,2,stagnant,LogParserAgent,DocumentAnalysisAgent,0.0000
validator_anchored,20260417,63,0.0000,2,stagnant,BuilderAgent,DocumentAnalysisAgent,1.0000
validator_anchored,20260417,64,1.0000,1,complete,,DocumentAnalysisAgent,
validator_anchored,20260417,65,0.0000,2,stagnant,,DocumentAnalysisAgent,
validator_anchored,20260417,66,0.0000,2,stagnant,ValidatorAgent,DocumentAnalysisAgent,0.0000
validator_anchored,20260417,67,1.0000,1,complete,,DocumentAnalysisAgent,
validator_anchored,20260417,68,1.0000,1,complete,,DocumentAnalysisAgent,
validator_anchored,20260417,69,0.0000,2,stagnant,DocumentAnalysisAgent,DocumentAnalysisAgent,0.0000
validator_anchored,20260417,70,0.0000,2,stagnant,,DocumentAnalysisAgent,
validator_anchored,20260417,71,0.0000,2,stagnant,,DocumentAnalysisAgent,
validator_anchored,20260417,72,0.0000,2,stagnant,,DocumentAnalysisAgent,
validator_anchored,20260417,73,0.0000,2,stagnant,DocumentAnalysisAgent,DocumentAnalysisAgent,0.0000
validator_anchored,20260417,74,0.0000,2,stagnant,ValidatorAgent,LogParserAgent,0.0000
validator_anchored,20260417,75,0.0000,2,stagnant,,LogParserAgent,
validator_anchored,20260417,76,0.0000,2,stagnant,,DocumentAnalysisAgent,
validator_anchored,20260417,77,0.0000,2,stagnant,LogParserAgent,LogParserAgent,0.0000
validator_anchored,20260417,78,0.0000,2,stagnant,LogParserAgent,DocumentAnalysisAgent,0.0000
validator_anchored,20260417,79,1.0000,1,complete,,DocumentAnalysisAgent,
validator_anchored,20260417,80,0.0000,2,stagnant,BuilderAgent,LogParserAgent,0.0000
validator_anchored,20260417,81,0.0000,2,stagnant,DocumentAnalysisAgent,DocumentAnalysisAgent,0.0000
validator_anchored,20260417,82,0.0000,2,stagnant,DocumentAnalysisAgent,DocumentAnalysisAgent,0.0000
validator_anchored,20260417,83,0.0000,2,stagnant,SchemaAgent,LogParserAgent,1.0000
validator_anchored,20260417,84,1.0000,2,complete,,DocumentAnalysisAgent,
validator_anchored,20260417,85,0.0000,2,stagnant,BuilderAgent,SchemaAgent,0.0000
validator_anchored,20260417,86,0.0000,2,stagnant,DocumentAnalysisAgent,DocumentAnalysisAgent,0.0000
validator_anchored,20260417,87,0.0000,2,stagnant,,SchemaAgent,
validator_anchored,20260417,88,0.0000,2,stagnant,,DocumentAnalysisAgent,
validator_anchored,20260417,89,0.0000,2,stagnant,QAAgent,DocumentAnalysisAgent,1.0000
validator_anchored,20260417,90,0.0000,2,stagnant,,LogParserAgent,
validator_anchored,20260417,91,0.0000,2,stagnant,,LogParserAgent,
validator_anchored,20260417,92,0.0000,2,stagnant,LogParserAgent,DocumentAnalysisAgent,1.0000
validator_anchored,20260417,93,0.0000,2,stagnant,ValidatorAgent,SchemaAgent,0.0000
validator_anchored,20260417,94,1.0000,1,complete,,DocumentAnalysisAgent,
validator_anchored,20260417,95,1.0000,1,complete,,DocumentAnalysisAgent,
validator_anchored,20260417,96,0.0000,2,stagnant,QAAgent,LogParserAgent,0.0000
validator_anchored,20260417,97,0.0000,2,stagnant,,LogParserAgent,
validator_anchored,20260417,98,0.0000,2,stagnant,DocumentAnalysisAgent,DocumentAnalysisAgent,0.0000
validator_anchored,20260417,99,0.0000,2,stagnant,,DocumentAnalysisAgent,
validator_anchored,20260417,100,0.0000,2,stagnant,,SchemaAgent,
validator_anchored,20260417,101,0.0000,2,stagnant,,SchemaAgent,
validator_anchored,20260417,102,0.0000,2,stagnant,,DocumentAnalysisAgent,
validator_anchored,20260417,103,1.0000,2,complete,,DocumentAnalysisAgent,
validator_anchored,20260417,104,0.0000,2,stagnant,,SchemaAgent,
validator_anchored,20260417,105,0.0000,2,stagnant,,LogParserAgent,
validator_anchored,20260417,106,0.0000,2,stagnant,BuilderAgent,DocumentAnalysisAgent,1.0000
validator_anchored,20260417,107,1.0000,1,complete,,DocumentAnalysisAgent,
validator_anchored,20260417,108,0.0000,2,stagnant,,DocumentAnalysisAgent,
validator_anchored,20260417,109,0.0000,2,stagnant,ValidatorAgent,DocumentAnalysisAgent,0.0000
validator_anchored,20260417,110,0.0000,2,stagnant,,LogParserAgent,
validator_anchored,20260417,111,0.0000,2,stagnant,SchemaAgent,LogParserAgent,1.0000
validator_anchored,20260417,112,0.0000,2,stagnant,,LogParserAgent,
validator_anchored,20260417,113,0.0000,2,stagnant,LogParserAgent,LogParserAgent,0.0000
validator_anchored,20260417,114,0.0000,2,stagnant,BuilderAgent,DocumentAnalysisAgent,1.0000
validator_anchored,20260417,115,0.0000,2,stagnant,,DocumentAnalysisAgent,
validator_anchored,20260417,116,1.0000,1,complete,,DocumentAnalysisAgent,
validator_anchored,20260417,117,0.0000,2,stagnant,ValidatorAgent,LogParserAgent,0.0000
validator_anchored,20260417,118,0.0000,2,stagnant,ValidatorAgent,SchemaAgent,0.0000
validator_anchored,20260417,119,1.0000,1,complete,,DocumentAnalysisAgent,
validator_anchored,20260417,120,0.0000,2,stagnant,DocumentAnalysisAgent,DocumentAnalysisAgent,0.0000
validator_anchored,20260417,121,1.0000,1,complete,,DocumentAnalysisAgent,
validator_anchored,20260417,122,0.0000,2,stagnant,ValidatorAgent,LogParserAgent,0.0000
validator_anchored,20260417,123,0.0000,2,stagnant,,DocumentAnalysisAgent,
validator_anchored,20260417,124,0.0000,2,stagnant,LogParserAgent,LogParserAgent,0.0000
validator_anchored,20260417,125,0.0000,2,stagnant,,LogParserAgent,
validator_anchored,20260417,126,0.0000,2,stagnant,,DocumentAnalysisAgent,
validator_anchored,20260417,127,0.0000,2,stagnant,SchemaAgent,LogParserAgent,0.0000
validator_anchored,20260417,128,0.0000,2,stagnant,,LogParserAgent,
validator_anchored,20260417,129,1.0000,1,complete,,DocumentAnalysisAgent,
validator_anchored,20260417,130,0.0000,2,stagnant,LogParserAgent,LogParserAgent,0.0000
validator_anchored,20260417,131,1.0000,2,complete,,DocumentAnalysisAgent,
validator_anchored,20260417,132,0.0000,2,stagnant,,DocumentAnalysisAgent,
validator_anchored,20260417,133,1.0000,1,complete,,DocumentAnalysisAgent,
validator_anchored,20260417,134,0.0000,2,stagnant,QAAgent,DocumentAnalysisAgent,1.0000
validator_anchored,20260417,135,1.0000,2,complete,,DocumentAnalysisAgent,
validator_anchored,20260417,136,1.0000,1,complete,,DocumentAnalysisAgent,
validator_anchored,20260417,137,0.0000,2,stagnant,,DocumentAnalysisAgent,
validator_anchored,20260417,138,1.0000,2,complete,,DocumentAnalysisAgent,
validator_anchored,20260417,139,0.0000,2,stagnant,,LogParserAgent,
validator_anchored,20260417,140,1.0000,1,complete,,DocumentAnalysisAgent,
validator_anchored,20260417,141,0.0000,2,stagnant,,DocumentAnalysisAgent,
validator_anchored,20260417,142,1.0000,1,complete,,DocumentAnalysisAgent,
validator_anchored,20260417,143,0.0000,2,stagnant,DocumentAnalysisAgent,DocumentAnalysisAgent,0.0000
validator_anchored,20260417,144,0.0000,2,stagnant,,DocumentAnalysisAgent,
validator_anchored,20260417,145,0.0000,2,stagnant,SchemaAgent,DocumentAnalysisAgent,0.0000
validator_anchored,20260417,146,1.0000,2,complete,,DocumentAnalysisAgent,
validator_anchored,20260417,147,1.0000,1,complete,,DocumentAnalysisAgent,
validator_anchored,20260417,148,1.0000,1,complete,,DocumentAnalysisAgent,
validator_anchored,20260417,149,0.0000,2,stagnant,,LogParserAgent,
validator_anchored,20260417,150,1.0000,2,complete,,DocumentAnalysisAgent,
validator_anchored,20260417,151,0.0000,2,stagnant,,DocumentAnalysisAgent,
validator_anchored,20260417,152,1.0000,1,complete,,DocumentAnalysisAgent,
validator_anchored,20260417,153,0.0000,2,stagnant,,LogParserAgent,
validator_anchored,20260417,154,0.0000,2,stagnant,BuilderAgent,LogParserAgent,1.0000
validator_anchored,20260417,155,0.0000,2,stagnant,,LogParserAgent,
validator_anchored,20260417,156,0.0000,2,stagnant,BuilderAgent,SchemaAgent,0.0000
validator_anchored,20260417,157,0.0000,2,stagnant,,DocumentAnalysisAgent,
validator_anchored,20260417,158,0.0000,2,stagnant,SchemaAgent,LogParserAgent,1.0000
validator_anchored,20260417,159,0.0000,2,stagnant,SchemaAgent,LogParserAgent,0.0000
validator_anchored,20260417,160,1.0000,2,complete,,DocumentAnalysisAgent,
validator_anchored,20260417,161,0.0000,2,stagnant,,DocumentAnalysisAgent,
validator_anchored,20260417,162,0.0000,2,stagnant,QAAgent,SchemaAgent,0.0000
validator_anchored,20260417,163,0.0000,2,stagnant,DocumentAnalysisAgent,DocumentAnalysisAgent,0.0000
validator_anchored,20260417,164,0.0000,2,stagnant,QAAgent,SchemaAgent,0.0000
validator_anchored,20260417,165,0.0000,2,stagnant,LogParserAgent,LogParserAgent,0.0000
validator_anchored,20260417,166,0.0000,2,stagnant,,DocumentAnalysisAgent,
validator_anchored,20260417,167,0.0000,2,stagnant,SchemaAgent,LogParserAgent,1.0000
validator_anchored,20260417,168,0.0000,2,stagnant,QAAgent,DocumentAnalysisAgent,1.0000
validator_anchored,20260417,169,0.0000,2,stagnant,,DocumentAnalysisAgent,
validator_anchored,20260417,170,0.0000,2,stagnant,,LogParserAgent,
validator_anchored,20260417,171,0.0000,2,stagnant,BuilderAgent,DocumentAnalysisAgent,1.0000
validator_anchored,20260417,172,0.0000,2,stagnant,,LogParserAgent,
validator_anchored,20260417,173,0.0000,2,stagnant,,SchemaAgent,
validator_anchored,20260417,174,0.0000,2,stagnant,,SchemaAgent,
validator_anchored,20260417,175,1.0000,1,complete,,DocumentAnalysisAgent,
validator_anchored,20260417,176,0.0000,2,stagnant,,LogParserAgent,
validator_anchored,20260417,177,0.0000,2,stagnant,,LogParserAgent,
validator_anchored,20260417,178,0.0000,2,stagnant,SchemaAgent,SchemaAgent,0.0000
validator_anchored,20260417,179,0.0000,2,stagnant,,DocumentAnalysisAgent,
validator_anchored,20260417,180,0.0000,2,stagnant,,SchemaAgent,
validator_anchored,20260417,181,1.0000,2,complete,,DocumentAnalysisAgent,
validator_anchored,20260417,182,0.0000,2,stagnant,,LogParserAgent,
validator_anchored,20260417,183,1.0000,1,complete,,DocumentAnalysisAgent,
validator_anchored,20260417,184,0.0000,2,stagnant,DocumentAnalysisAgent,DocumentAnalysisAgent,0.0000
validator_anchored,20260417,185,0.0000,2,stagnant,,DocumentAnalysisAgent,
validator_anchored,20260417,186,0.0000,2,stagnant,SchemaAgent,SchemaAgent,0.0000
validator_anchored,20260417,187,0.0000,2,stagnant,BuilderAgent,DocumentAnalysisAgent,1.0000
validator_anchored,20260417,188,0.0000,2,stagnant,DocumentAnalysisAgent,DocumentAnalysisAgent,0.0000
validator_anchored,20260417,189,1.0000,1,complete,,DocumentAnalysisAgent,
validator_anchored,20260417,190,0.0000,2,stagnant,,SchemaAgent,
validator_anchored,20260417,191,0.0000,2,stagnant,,DocumentAnalysisAgent,
validator_anchored,20260417,192,1.0000,2,complete,,DocumentAnalysisAgent,
validator_anchored,20260417,193,0.0000,2,stagnant,BuilderAgent,LogParserAgent,1.0000
validator_anchored,20260417,194,1.0000,1,complete,,DocumentAnalysisAgent,
validator_anchored,20260417,195,0.0000,2,stagnant,,DocumentAnalysisAgent,
validator_anchored,20260417,196,0.0000,2,stagnant,,LogParserAgent,
validator_anchored,20260417,197,0.0000,2,stagnant,,DocumentAnalysisAgent,
validator_anchored,20260417,198,1.0000,1,complete,,DocumentAnalysisAgent,
validator_anchored,20260417,199,1.0000,2,complete,,DocumentAnalysisAgent,
validator_anchored,20260417,200,0.0000,2,stagnant,,LogParserAgent,
validator_anchored,20260417,201,0.0000,2,stagnant,,DocumentAnalysisAgent,
validator_anchored,20260417,202,1.0000,1,complete,,DocumentAnalysisAgent,
validator_anchored,20260417,203,0.0000,2,stagnant,BuilderAgent,DocumentAnalysisAgent,1.0000
validator_anchored,20260417,204,0.0000,2,stagnant,ValidatorAgent,SchemaAgent,0.0000
validator_anchored,20260417,205,0.0000,2,stagnant,,DocumentAnalysisAgent,
validator_anchored,20260417,206,0.0000,2,stagnant,,LogParserAgent,
validator_anchored,20260417,207,0.0000,2,stagnant,,DocumentAnalysisAgent,
validator_anchored,20260417,208,0.0000,2,stagnant,,DocumentAnalysisAgent,
validator_anchored,20260417,209,0.0000,2,stagnant,,SchemaAgent,
validator_anchored,20260417,210,0.0000,2,stagnant,DocumentAnalysisAgent,DocumentAnalysisAgent,0.0000
validator_anchored,20260417,211,0.0000,2,stagnant,,DocumentAnalysisAgent,
validator_anchored,20260417,212,1.0000,1,complete,,DocumentAnalysisAgent,
validator_anchored,20260417,213,0.0000,2,stagnant,BuilderAgent,DocumentAnalysisAgent,1.0000
validator_anchored,20260417,214,1.0000,2,complete,,DocumentAnalysisAgent,
validator_anchored,20260417,215,0.0000,2,stagnant,,SchemaAgent,
validator_anchored,20260417,216,0.0000,2,stagnant,BuilderAgent,DocumentAnalysisAgent,1.0000
validator_anchored,20260417,217,1.0000,1,complete,,DocumentAnalysisAgent,
validator_anchored,20260417,218,0.0000,2,stagnant,ValidatorAgent,SchemaAgent,0.0000
validator_anchored,20260417,219,0.0000,2,stagnant,DocumentAnalysisAgent,DocumentAnalysisAgent,0.0000
validator_anchored,20260417,220,0.0000,2,stagnant,ValidatorAgent,SchemaAgent,0.0000
validator_anchored,20260417,221,1.0000,2,complete,,DocumentAnalysisAgent,
validator_anchored,20260417,222,1.0000,2,complete,,DocumentAnalysisAgent,
validator_anchored,20260417,223,0.0000,2,stagnant,,DocumentAnalysisAgent,
validator_anchored,20260417,224,0.0000,2,stagnant,SchemaAgent,DocumentAnalysisAgent,1.0000
validator_anchored,20260417,225,0.0000,2,stagnant,QAAgent,LogParserAgent,1.0000
validator_anchored,20260417,226,0.0000,2,stagnant,BuilderAgent,DocumentAnalysisAgent,1.0000
validator_anchored,20260417,227,0.0000,2,stagnant,,SchemaAgent,
validator_anchored,20260417,228,0.0000,2,stagnant,,SchemaAgent,
validator_anchored,20260417,229,1.0000,2,complete,,DocumentAnalysisAgent,
validator_anchored,20260417,230,0.0000,2,stagnant,,DocumentAnalysisAgent,
validator_anchored,20260417,231,0.0000,2,stagnant,,DocumentAnalysisAgent,
validator_anchored,20260417,232,1.0000,2,complete,QAAgent,DocumentAnalysisAgent,1.0000
validator_anchored,20260417,233,0.0000,2,stagnant,,DocumentAnalysisAgent,
validator_anchored,20260417,234,1.0000,1,complete,ValidatorAgent,DocumentAnalysisAgent,1.0000
validator_anchored,20260417,235,0.0000,2,stagnant,,DocumentAnalysisAgent,
validator_anchored,20260417,236,0.0000,2,stagnant,ValidatorAgent,SchemaAgent,0.0000
validator_anchored,20260417,237,1.0000,2,complete,,DocumentAnalysisAgent,
validator_anchored,20260417,238,0.0000,2,stagnant,QAAgent,DocumentAnalysisAgent,1.0000
validator_anchored,20260417,239,0.0000,2,stagnant,,DocumentAnalysisAgent,
validator_anchored,20260417,240,0.0000,2,stagnant,,SchemaAgent,
validator_anchored,20260417,241,0.0000,2,stagnant,BuilderAgent,DocumentAnalysisAgent,1.0000
validator_anchored,20260417,242,0.0000,2,stagnant,,DocumentAnalysisAgent,
validator_anchored,20260417,243,0.0000,2,stagnant,,DocumentAnalysisAgent,
validator_anchored,20260417,244,1.0000,1,complete,,DocumentAnalysisAgent,
validator_anchored,20260417,245,0.0000,2,stagnant,,DocumentAnalysisAgent,
validator_anchored,20260417,246,0.0000,2,stagnant,,SchemaAgent,
validator_anchored,20260417,247,0.0000,2,stagnant,,DocumentAnalysisAgent,
validator_anchored,20260417,248,1.0000,1,complete,,DocumentAnalysisAgent,
validator_anchored,20260417,249,0.0000,2,stagnant,LogParserAgent,LogParserAgent,0.0000
validator_anchored,20260417,250,0.0000,2,stagnant,,SchemaAgent,
validator_anchored,20260417,251,0.0000,2,stagnant,QAAgent,SchemaAgent,0.0000
validator_anchored,20260417,252,0.0000,2,stagnant,,LogParserAgent,
validator_anchored,20260417,253,0.0000,2,stagnant,,DocumentAnalysisAgent,
validator_anchored,20260417,254,1.0000,1,complete,,DocumentAnalysisAgent,
validator_anchored,20260417,255,0.0000,2,stagnant,DocumentAnalysisAgent,DocumentAnalysisAgent,0.0000
validator_anchored,20260417,256,1.0000,1,complete,,DocumentAnalysisAgent,
validator_anchored,20260417,257,1.0000,2,complete,,DocumentAnalysisAgent,
validator_anchored,20260417,258,0.0000,2,stagnant,DocumentAnalysisAgent,DocumentAnalysisAgent,0.0000
validator_anchored,20260417,259,0.0000,2,stagnant,SchemaAgent,SchemaAgent,0.0000
validator_anchored,20260417,260,0.0000,2,stagnant,LogParserAgent,LogParserAgent,0.0000
validator_anchored,20260417,261,0.0000,2,stagnant,,DocumentAnalysisAgent,
validator_anchored,20260417,262,0.0000,2,stagnant,DocumentAnalysisAgent,DocumentAnalysisAgent,0.0000
validator_anchored,20260417,263,1.0000,2,complete,DocumentAnalysisAgent,DocumentAnalysisAgent,1.0000
validator_anchored,20260417,264,0.0000,2,stagnant,,SchemaAgent,
validator_anchored,20260417,265,0.0000,2,stagnant,,DocumentAnalysisAgent,
validator_anchored,20260417,266,0.0000,2,stagnant,,DocumentAnalysisAgent,
validator_anchored,20260417,267,0.0000,2,stagnant,DocumentAnalysisAgent,DocumentAnalysisAgent,0.0000
validator_anchored,20260417,268,0.0000,2,stagnant,,DocumentAnalysisAgent,
validator_anchored,20260417,269,0.0000,2,stagnant,ValidatorAgent,DocumentAnalysisAgent,0.0000
validator_anchored,20260417,270,0.0000,2,stagnant,QAAgent,DocumentAnalysisAgent,1.0000
validator_anchored,20260417,271,0.0000,2,stagnant,LogParserAgent,DocumentAnalysisAgent,0.0000
validator_anchored,20260417,272,0.0000,2,stagnant,QAAgent,DocumentAnalysisAgent,0.0000
validator_anchored,20260417,273,1.0000,2,complete,,DocumentAnalysisAgent,
validator_anchored,20260417,274,0.0000,2,stagnant,,LogParserAgent,
validator_anchored,20260417,275,1.0000,2,complete,,DocumentAnalysisAgent,
validator_anchored,20260417,276,0.0000,2,stagnant,ValidatorAgent,SchemaAgent,0.0000
validator_anchored,20260417,277,0.0000,2,stagnant,ValidatorAgent,SchemaAgent,0.0000
validator_anchored,20260417,278,0.0000,2,stagnant,LogParserAgent,LogParserAgent,0.0000
validator_anchored,20260417,279,0.0000,2,stagnant,LogParserAgent,LogParserAgent,0.0000
validator_anchored,20260417,280,0.0000,2,stagnant,SchemaAgent,DocumentAnalysisAgent,1.0000
validator_anchored,20260417,281,0.0000,2,stagnant,QAAgent,DocumentAnalysisAgent,1.0000
validator_anchored,20260417,282,0.0000,2,stagnant,,DocumentAnalysisAgent,
validator_anchored,20260417,283,0.0000,2,stagnant,DocumentAnalysisAgent,LogParserAgent,1.0000
validator_anchored,20260417,284,0.0000,2,stagnant,,SchemaAgent,
validator_anchored,20260417,285,0.0000,2,stagnant,ValidatorAgent,LogParserAgent,0.0000
validator_anchored,20260417,286,1.0000,1,complete,,DocumentAnalysisAgent,
validator_anchored,20260417,287,0.0000,2,stagnant,ValidatorAgent,SchemaAgent,0.0000
validator_anchored,20260417,288,0.0000,2,stagnant,DocumentAnalysisAgent,DocumentAnalysisAgent,0.0000
validator_anchored,20260417,289,0.0000,2,stagnant,LogParserAgent,LogParserAgent,0.0000
validator_anchored,20260417,290,0.0000,2,stagnant,LogParserAgent,LogParserAgent,0.0000
validator_anchored,20260417,291,0.0000,2,stagnant,,DocumentAnalysisAgent,
validator_anchored,20260417,292,0.0000,2,stagnant,QAAgent,SchemaAgent,0.0000
validator_anchored,20260417,293,0.0000,2,stagnant,,SchemaAgent,
validator_anchored,20260417,294,0.0000,2,stagnant,SchemaAgent,DocumentAnalysisAgent,1.0000
validator_anchored,20260417,295,0.0000,2,stagnant,BuilderAgent,DocumentAnalysisAgent,0.0000
validator_anchored,20260417,296,0.0000,2,stagnant,BuilderAgent,DocumentAnalysisAgent,1.0000
validator_anchored,20260417,297,1.0000,1,complete,QAAgent,DocumentAnalysisAgent,1.0000
validator_anchored,20260417,298,1.0000,2,complete,QAAgent,DocumentAnalysisAgent,1.0000
validator_anchored,20260417,299,0.0000,2,stagnant,ValidatorAgent,SchemaAgent,0.0000
validator_anchored,20260417,300,0.0000,2,stagnant,,DocumentAnalysisAgent,
validator_anchored,20260417,301,0.0000,2,stagnant,,DocumentAnalysisAgent,
validator_anchored,20260417,302,0.0000,2,stagnant,,DocumentAnalysisAgent,
validator_anchored,20260417,303,0.0000,2,stagnant,BuilderAgent,DocumentAnalysisAgent,0.0000
validator_anchored,20260417,304,1.0000,2,complete,BuilderAgent,DocumentAnalysisAgent,1.0000
validator_anchored,20260417,305,1.0000,1,complete,,DocumentAnalysisAgent,
validator_anchored,20260417,306,0.0000,2,stagnant,,DocumentAnalysisAgent,
validator_anchored,20260417,307,0.0000,2,stagnant,ValidatorAgent,SchemaAgent,0.0000
validator_anchored,20260417,308,0.0000,2,stagnant,,SchemaAgent,
validator_anchored,20260417,309,0.0000,2,stagnant,,DocumentAnalysisAgent,
validator_anchored,20260417,310,0.0000,2,stagnant,SchemaAgent,SchemaAgent,0.0000
validator_anchored,20260417,311,1.0000,2,complete,,DocumentAnalysisAgent,
validator_anchored,20260417,312,1.0000,1,complete,,DocumentAnalysisAgent,
validator_anchored,20260417,313,0.0000,2,stagnant,BuilderAgent,SchemaAgent,0.0000
validator_anchored,20260417,314,1.0000,2,complete,,DocumentAnalysisAgent,
validator_anchored,20260417,315,0.0000,2,stagnant,LogParserAgent,LogParserAgent,0.0000
validator_anchored,20260417,316,1.0000,2,complete,,DocumentAnalysisAgent,
validator_anchored,20260417,317,0.0000,2,stagnant,,LogParserAgent,
validator_anchored,20260417,318,0.0000,2,stagnant,,DocumentAnalysisAgent,
validator_anchored,20260417,319,0.0000,2,stagnant,SchemaAgent,DocumentAnalysisAgent,0.0000
validator_anchored,20260417,320,1.0000,1,complete,,DocumentAnalysisAgent,
validator_anchored,20260417,321,0.0000,2,stagnant,,SchemaAgent,
validator_anchored,20260417,322,1.0000,2,complete,,DocumentAnalysisAgent,
validator_anchored,20260417,323,0.0000,2,stagnant,DocumentAnalysisAgent,DocumentAnalysisAgent,0.0000
validator_anchored,20260417,324,1.0000,2,complete,,DocumentAnalysisAgent,
validator_anchored,20260417,325,1.0000,2,complete,,DocumentAnalysisAgent,
validator_anchored,20260417,326,0.0000,2,stagnant,,SchemaAgent,
validator_anchored,20260417,327,0.0000,2,stagnant,SchemaAgent,LogParserAgent,1.0000
validator_anchored,20260417,328,0.0000,2,stagnant,,DocumentAnalysisAgent,
validator_anchored,20260417,329,0.0000,2,stagnant,DocumentAnalysisAgent,DocumentAnalysisAgent,0.0000
validator_anchored,20260417,330,0.0000,2,stagnant,LogParserAgent,LogParserAgent,0.0000
validator_anchored,20260417,331,0.0000,2,stagnant,DocumentAnalysisAgent,DocumentAnalysisAgent,0.0000
validator_anchored,20260417,332,0.0000,2,stagnant,SchemaAgent,DocumentAnalysisAgent,1.0000
validator_anchored,20260417,333,1.0000,1,complete,,DocumentAnalysisAgent,
validator_anchored,20260417,334,1.0000,1,complete,,DocumentAnalysisAgent,
validator_anchored,20260417,335,0.0000,2,stagnant,,SchemaAgent,
validator_anchored,20260417,336,1.0000,1,complete,,DocumentAnalysisAgent,
validator_anchored,20260417,337,0.0000,2,stagnant,,DocumentAnalysisAgent,
validator_anchored,20260417,338,0.0000,2,stagnant,LogParserAgent,DocumentAnalysisAgent,0.0000
validator_anchored,20260417,339,0.0000,2,stagnant,LogParserAgent,LogParserAgent,0.0000
validator_anchored,20260417,340,1.0000,2,complete,,DocumentAnalysisAgent,
validator_anchored,20260417,341,0.0000,2,stagnant,LogParserAgent,DocumentAnalysisAgent,0.0000
validator_anchored,20260417,342,0.0000,2,stagnant,ValidatorAgent,LogParserAgent,0.0000
validator_anchored,20260417,343,1.0000,1,complete,,DocumentAnalysisAgent,
validator_anchored,20260417,344,0.0000,2,stagnant,,DocumentAnalysisAgent,
validator_anchored,20260417,345,0.0000,2,stagnant,,LogParserAgent,
validator_anchored,20260417,346,0.0000,2,stagnant,,LogParserAgent,
validator_anchored,20260417,347,0.0000,2,stagnant,ValidatorAgent,SchemaAgent,0.0000
validator_anchored,20260417,348,0.0000,2,stagnant,,DocumentAnalysisAgent,
validator_anchored,20260417,349,0.0000,2,stagnant,QAAgent,DocumentAnalysisAgent,1.0000
validator_anchored,20260417,350,0.0000,2,stagnant,,LogParserAgent,
validator_anchored,20260417,351,0.0000,2,stagnant,LogParserAgent,LogParserAgent,0.0000
validator_anchored,20260417,352,0.0000,2,stagnant,SchemaAgent,LogParserAgent,1.0000
validator_anchored,20260417,353,0.0000,2,stagnant,,DocumentAnalysisAgent,
validator_anchored,20260417,354,1.0000,1,complete,BuilderAgent,DocumentAnalysisAgent,1.0000
validator_anchored,20260417,355,0.0000,2,stagnant,,SchemaAgent,
validator_anchored,20260417,356,0.0000,2,stagnant,SchemaAgent,DocumentAnalysisAgent,1.0000
validator_anchored,20260417,357,0.0000,2,stagnant,LogParserAgent,LogParserAgent,0.0000
validator_anchored,20260417,358,0.0000,2,stagnant,,LogParserAgent,
validator_anchored,20260417,359,0.0000,2,stagnant,SchemaAgent,SchemaAgent,0.0000
validator_anchored,20260417,360,1.0000,1,complete,,DocumentAnalysisAgent,
validator_anchored,20260417,361,1.0000,2,complete,,DocumentAnalysisAgent,
validator_anchored,20260417,362,0.0000,2,stagnant,,DocumentAnalysisAgent,
validator_anchored,20260417,363,0.0000,2,stagnant,,DocumentAnalysisAgent,
validator_anchored,20260417,364,0.0000,2,stagnant,,DocumentAnalysisAgent,
validator_anchored,20260417,365,0.0000,2,stagnant,LogParserAgent,LogParserAgent,0.0000
validator_anchored,20260417,366,0.0000,2,stagnant,,DocumentAnalysisAgent,
validator_anchored,20260417,367,0.0000,2,stagnant,,DocumentAnalysisAgent,
validator_anchored,20260417,368,0.0000,2,stagnant,BuilderAgent,LogParserAgent,0.0000
validator_anchored,20260417,369,0.0000,2,stagnant,BuilderAgent,DocumentAnalysisAgent,0.0000
validator_anchored,20260417,370,1.0000,1,complete,,DocumentAnalysisAgent,
validator_anchored,20260417,371,0.0000,2,stagnant,DocumentAnalysisAgent,DocumentAnalysisAgent,0.0000
validator_anchored,20260417,372,0.0000,2,stagnant,,DocumentAnalysisAgent,
validator_anchored,20260417,373,0.0000,2,stagnant,QAAgent,SchemaAgent,0.0000
validator_anchored,20260417,374,1.0000,1,complete,,DocumentAnalysisAgent,
validator_anchored,20260417,375,0.0000,2,stagnant,SchemaAgent,DocumentAnalysisAgent,0.0000
validator_anchored,20260417,376,0.0000,2,stagnant,LogParserAgent,LogParserAgent,0.0000
validator_anchored,20260417,377,0.0000,2,stagnant,SchemaAgent,SchemaAgent,0.0000
validator_anchored,20260417,378,0.0000,2,stagnant,,DocumentAnalysisAgent,
validator_anchored,20260417,379,0.0000,2,stagnant,ValidatorAgent,SchemaAgent,0.0000
validator_anchored,20260417,380,1.0000,2,complete,,DocumentAnalysisAgent,
validator_anchored,20260417,381,0.0000,2,stagnant,,DocumentAnalysisAgent,
validator_anchored,20260417,382,1.0000,2,complete,,DocumentAnalysisAgent,
validator_anchored,20260417,383,0.0000,2,stagnant,,LogParserAgent,
validator_anchored,20260417,384,0.0000,2,stagnant,,SchemaAgent,
validator_anchored,20260417,385,0.0000,2,stagnant,LogParserAgent,LogParserAgent,0.0000
validator_anchored,20260417,386,0.0000,2,stagnant,,LogParserAgent,
validator_anchored,20260417,387,0.0000,2,stagnant,,LogParserAgent,
validator_anchored,20260417,388,0.0000,2,stagnant,,DocumentAnalysisAgent,
validator_anchored,20260417,389,0.0000,2,stagnant,,LogParserAgent,
validator_anchored,20260417,390,0.0000,2,stagnant,,LogParserAgent,
validator_anchored,20260417,391,0.0000,2,stagnant,LogParserAgent,LogParserAgent,0.0000
validator_anchored,20260417,392,0.0000,2,stagnant,BuilderAgent,LogParserAgent,0.0000
validator_anchored,20260417,393,1.0000,1,complete,,DocumentAnalysisAgent,
validator_anchored,20260417,394,0.0000,2,stagnant,SchemaAgent,DocumentAnalysisAgent,1.0000
validator_anchored,20260417,395,0.0000,2,stagnant,QAAgent,DocumentAnalysisAgent,1.0000
validator_anchored,20260417,396,0.0000,2,stagnant,DocumentAnalysisAgent,DocumentAnalysisAgent,0.0000
validator_anchored,20260417,397,0.0000,2,stagnant,LogParserAgent,DocumentAnalysisAgent,0.0000
validator_anchored,20260417,398,0.0000,2,stagnant,,DocumentAnalysisAgent,
validator_anchored,20260417,399,0.0000,2,stagnant,BuilderAgent,DocumentAnalysisAgent,1.0000
validator_anchored,20260418,0,0.0000,2,stagnant,,LogParserAgent,
validator_anchored,20260418,1,1.0000,1,complete,,DocumentAnalysisAgent,
validator_anchored,20260418,2,0.0000,2,stagnant,,DocumentAnalysisAgent,
validator_anchored,20260418,3,0.0000,2,stagnant,,LogParserAgent,
validator_anchored,20260418,4,0.0000,2,stagnant,BuilderAgent,DocumentAnalysisAgent,1.0000
validator_anchored,20260418,5,0.0000,2,stagnant,BuilderAgent,SchemaAgent,0.0000
validator_anchored,20260418,6,0.0000,2,stagnant,ValidatorAgent,SchemaAgent,0.0000
validator_anchored,20260418,7,0.0000,2,stagnant,QAAgent,SchemaAgent,0.0000
validator_anchored,20260418,8,0.0000,2,stagnant,DocumentAnalysisAgent,DocumentAnalysisAgent,0.0000
validator_anchored,20260418,9,0.0000,2,stagnant,,DocumentAnalysisAgent,
validator_anchored,20260418,10,0.0000,2,stagnant,DocumentAnalysisAgent,DocumentAnalysisAgent,0.0000
validator_anchored,20260418,11,0.0000,2,stagnant,,DocumentAnalysisAgent,
validator_anchored,20260418,12,0.0000,2,stagnant,BuilderAgent,SchemaAgent,0.0000
validator_anchored,20260418,13,0.0000,2,stagnant,,LogParserAgent,
validator_anchored,20260418,14,0.0000,2,stagnant,,LogParserAgent,
validator_anchored,20260418,15,1.0000,1,complete,,DocumentAnalysisAgent,
validator_anchored,20260418,16,0.0000,2,stagnant,,LogParserAgent,
validator_anchored,20260418,17,0.0000,2,stagnant,,DocumentAnalysisAgent,
validator_anchored,20260418,18,1.0000,1,complete,,DocumentAnalysisAgent,
validator_anchored,20260418,19,1.0000,1,complete,,DocumentAnalysisAgent,
validator_anchored,20260418,20,1.0000,1,complete,,DocumentAnalysisAgent,
validator_anchored,20260418,21,0.0000,2,stagnant,,SchemaAgent,
validator_anchored,20260418,22,1.0000,1,complete,,DocumentAnalysisAgent,
validator_anchored,20260418,23,0.0000,2,stagnant,DocumentAnalysisAgent,DocumentAnalysisAgent,0.0000
validator_anchored,20260418,24,0.0000,2,stagnant,DocumentAnalysisAgent,DocumentAnalysisAgent,0.0000
validator_anchored,20260418,25,1.0000,1,complete,,DocumentAnalysisAgent,
validator_anchored,20260418,26,1.0000,1,complete,,DocumentAnalysisAgent,
validator_anchored,20260418,27,0.0000,2,stagnant,BuilderAgent,SchemaAgent,0.0000
validator_anchored,20260418,28,1.0000,2,complete,,DocumentAnalysisAgent,
validator_anchored,20260418,29,0.0000,2,stagnant,,SchemaAgent,
validator_anchored,20260418,30,0.0000,2,stagnant,,DocumentAnalysisAgent,
validator_anchored,20260418,31,0.0000,2,stagnant,,SchemaAgent,
validator_anchored,20260418,32,1.0000,1,complete,,DocumentAnalysisAgent,
validator_anchored,20260418,33,0.0000,2,stagnant,SchemaAgent,DocumentAnalysisAgent,1.0000
validator_anchored,20260418,34,0.0000,2,stagnant,DocumentAnalysisAgent,DocumentAnalysisAgent,0.0000
validator_anchored,20260418,35,0.0000,2,stagnant,,DocumentAnalysisAgent,
validator_anchored,20260418,36,1.0000,1,complete,,DocumentAnalysisAgent,
validator_anchored,20260418,37,0.0000,2,stagnant,SchemaAgent,SchemaAgent,0.0000
validator_anchored,20260418,38,0.0000,2,stagnant,DocumentAnalysisAgent,DocumentAnalysisAgent,0.0000
validator_anchored,20260418,39,0.0000,2,stagnant,,DocumentAnalysisAgent,
validator_anchored,20260418,40,0.0000,2,stagnant,QAAgent,DocumentAnalysisAgent,1.0000
validator_anchored,20260418,41,0.0000,2,stagnant,DocumentAnalysisAgent,DocumentAnalysisAgent,0.0000
validator_anchored,20260418,42,0.0000,2,stagnant,,LogParserAgent,
validator_anchored,20260418,43,0.0000,2,stagnant,,DocumentAnalysisAgent,
validator_anchored,20260418,44,1.0000,2,complete,,DocumentAnalysisAgent,
validator_anchored,20260418,45,0.0000,2,stagnant,QAAgent,DocumentAnalysisAgent,1.0000
validator_anchored,20260418,46,1.0000,2,complete,LogParserAgent,DocumentAnalysisAgent,1.0000
validator_anchored,20260418,47,1.0000,1,complete,,DocumentAnalysisAgent,
validator_anchored,20260418,48,0.0000,2,stagnant,,LogParserAgent,
validator_anchored,20260418,49,0.0000,2,stagnant,,LogParserAgent,
validator_anchored,20260418,50,0.0000,2,stagnant,ValidatorAgent,SchemaAgent,0.0000
validator_anchored,20260418,51,0.0000,2,stagnant,,SchemaAgent,
validator_anchored,20260418,52,0.0000,2,stagnant,LogParserAgent,LogParserAgent,0.0000
validator_anchored,20260418,53,0.0000,2,stagnant,,LogParserAgent,
validator_anchored,20260418,54,0.0000,2,stagnant,,LogParserAgent,
validator_anchored,20260418,55,0.0000,2,stagnant,LogParserAgent,LogParserAgent,0.0000
validator_anchored,20260418,56,0.0000,2,stagnant,,LogParserAgent,
validator_anchored,20260418,57,0.0000,2,stagnant,,DocumentAnalysisAgent,
validator_anchored,20260418,58,0.0000,2,stagnant,,DocumentAnalysisAgent,
validator_anchored,20260418,59,1.0000,2,complete,,DocumentAnalysisAgent,
validator_anchored,20260418,60,0.0000,2,stagnant,,DocumentAnalysisAgent,
validator_anchored,20260418,61,0.0000,2,stagnant,ValidatorAgent,SchemaAgent,0.0000
validator_anchored,20260418,62,0.0000,2,stagnant,BuilderAgent,SchemaAgent,0.0000
validator_anchored,20260418,63,0.0000,2,stagnant,,SchemaAgent,
validator_anchored,20260418,64,0.0000,2,stagnant,,SchemaAgent,
validator_anchored,20260418,65,0.0000,2,stagnant,ValidatorAgent,SchemaAgent,0.0000
validator_anchored,20260418,66,1.0000,1,complete,,DocumentAnalysisAgent,
validator_anchored,20260418,67,0.0000,2,stagnant,,SchemaAgent,
validator_anchored,20260418,68,0.0000,2,stagnant,SchemaAgent,DocumentAnalysisAgent,1.0000
validator_anchored,20260418,69,0.0000,2,stagnant,SchemaAgent,DocumentAnalysisAgent,1.0000
validator_anchored,20260418,70,0.0000,2,stagnant,,DocumentAnalysisAgent,
validator_anchored,20260418,71,0.0000,2,stagnant,QAAgent,SchemaAgent,0.0000
validator_anchored,20260418,72,0.0000,2,stagnant,QAAgent,DocumentAnalysisAgent,1.0000
validator_anchored,20260418,73,0.0000,2,stagnant,LogParserAgent,DocumentAnalysisAgent,0.0000
validator_anchored,20260418,74,1.0000,1,complete,,DocumentAnalysisAgent,
validator_anchored,20260418,75,0.0000,2,stagnant,BuilderAgent,DocumentAnalysisAgent,1.0000
validator_anchored,20260418,76,0.0000,2,stagnant,,DocumentAnalysisAgent,
validator_anchored,20260418,77,0.0000,2,stagnant,,LogParserAgent,
validator_anchored,20260418,78,0.0000,2,stagnant,,LogParserAgent,
validator_anchored,20260418,79,0.0000,2,stagnant,,DocumentAnalysisAgent,
validator_anchored,20260418,80,0.0000,2,stagnant,QAAgent,DocumentAnalysisAgent,0.0000
validator_anchored,20260418,81,0.0000,2,stagnant,ValidatorAgent,SchemaAgent,0.0000
validator_anchored,20260418,82,0.0000,2,stagnant,BuilderAgent,SchemaAgent,0.0000
validator_anchored,20260418,83,0.0000,2,stagnant,,DocumentAnalysisAgent,
validator_anchored,20260418,84,1.0000,2,complete,,DocumentAnalysisAgent,
validator_anchored,20260418,85,0.0000,2,stagnant,,SchemaAgent,
validator_anchored,20260418,86,0.0000,2,stagnant,BuilderAgent,DocumentAnalysisAgent,1.0000
validator_anchored,20260418,87,0.0000,2,stagnant,,DocumentAnalysisAgent,
validator_anchored,20260418,88,1.0000,1,complete,,DocumentAnalysisAgent,
validator_anchored,20260418,89,0.0000,2,stagnant,BuilderAgent,SchemaAgent,0.0000
validator_anchored,20260418,90,0.0000,2,stagnant,ValidatorAgent,LogParserAgent,1.0000
validator_anchored,20260418,91,0.0000,2,stagnant,DocumentAnalysisAgent,DocumentAnalysisAgent,0.0000
validator_anchored,20260418,92,1.0000,1,complete,,DocumentAnalysisAgent,
validator_anchored,20260418,93,0.0000,2,stagnant,,DocumentAnalysisAgent,
validator_anchored,20260418,94,0.0000,2,stagnant,,DocumentAnalysisAgent,
validator_anchored,20260418,95,0.0000,2,stagnant,LogParserAgent,DocumentAnalysisAgent,0.0000
validator_anchored,20260418,96,0.0000,2,stagnant,SchemaAgent,LogParserAgent,1.0000
validator_anchored,20260418,97,0.0000,2,stagnant,DocumentAnalysisAgent,DocumentAnalysisAgent,0.0000
validator_anchored,20260418,98,0.0000,2,stagnant,SchemaAgent,LogParserAgent,0.0000
validator_anchored,20260418,99,0.0000,2,stagnant,,DocumentAnalysisAgent,
validator_anchored,20260418,100,0.0000,2,stagnant,,LogParserAgent,
validator_anchored,20260418,101,0.0000,2,stagnant,,SchemaAgent,
validator_anchored,20260418,102,0.0000,2,stagnant,,DocumentAnalysisAgent,
validator_anchored,20260418,103,0.0000,2,stagnant,,DocumentAnalysisAgent,
validator_anchored,20260418,104,1.0000,1,complete,,DocumentAnalysisAgent,
validator_anchored,20260418,105,1.0000,1,complete,,DocumentAnalysisAgent,
validator_anchored,20260418,106,0.0000,2,stagnant,,SchemaAgent,
validator_anchored,20260418,107,0.0000,2,stagnant,,SchemaAgent,
validator_anchored,20260418,108,0.0000,2,stagnant,ValidatorAgent,SchemaAgent,0.0000
validator_anchored,20260418,109,1.0000,1,complete,,DocumentAnalysisAgent,
validator_anchored,20260418,110,0.0000,2,stagnant,,LogParserAgent,
validator_anchored,20260418,111,0.0000,2,stagnant,,DocumentAnalysisAgent,
validator_anchored,20260418,112,0.0000,2,stagnant,BuilderAgent,LogParserAgent,1.0000
validator_anchored,20260418,113,0.0000,2,stagnant,,LogParserAgent,
validator_anchored,20260418,114,1.0000,1,complete,,DocumentAnalysisAgent,
validator_anchored,20260418,115,0.0000,2,stagnant,,DocumentAnalysisAgent,
validator_anchored,20260418,116,0.0000,2,stagnant,,DocumentAnalysisAgent,
validator_anchored,20260418,117,0.0000,2,stagnant,LogParserAgent,LogParserAgent,0.0000
validator_anchored,20260418,118,0.0000,2,stagnant,,DocumentAnalysisAgent,
validator_anchored,20260418,119,0.0000,2,stagnant,,SchemaAgent,
validator_anchored,20260418,120,0.0000,2,stagnant,,SchemaAgent,
validator_anchored,20260418,121,0.0000,2,stagnant,,SchemaAgent,
validator_anchored,20260418,122,0.0000,2,stagnant,BuilderAgent,SchemaAgent,0.0000
validator_anchored,20260418,123,0.0000,2,stagnant,,LogParserAgent,
validator_anchored,20260418,124,0.0000,2,stagnant,SchemaAgent,SchemaAgent,0.0000
validator_anchored,20260418,125,1.0000,2,complete,,DocumentAnalysisAgent,
validator_anchored,20260418,126,0.0000,2,stagnant,ValidatorAgent,SchemaAgent,0.0000
validator_anchored,20260418,127,0.0000,2,stagnant,ValidatorAgent,LogParserAgent,0.0000
validator_anchored,20260418,128,1.0000,1,complete,,DocumentAnalysisAgent,
validator_anchored,20260418,129,0.0000,2,stagnant,QAAgent,DocumentAnalysisAgent,1.0000
validator_anchored,20260418,130,0.0000,2,stagnant,,DocumentAnalysisAgent,
validator_anchored,20260418,131,0.0000,2,stagnant,QAAgent,DocumentAnalysisAgent,1.0000
validator_anchored,20260418,132,0.0000,2,stagnant,,SchemaAgent,
validator_anchored,20260418,133,1.0000,1,complete,,DocumentAnalysisAgent,
validator_anchored,20260418,134,0.0000,2,stagnant,,LogParserAgent,
validator_anchored,20260418,135,0.0000,2,stagnant,,DocumentAnalysisAgent,
validator_anchored,20260418,136,0.0000,2,stagnant,,DocumentAnalysisAgent,
validator_anchored,20260418,137,0.0000,2,stagnant,,DocumentAnalysisAgent,
validator_anchored,20260418,138,0.0000,2,stagnant,ValidatorAgent,SchemaAgent,0.0000
validator_anchored,20260418,139,0.0000,2,stagnant,,LogParserAgent,
validator_anchored,20260418,140,0.0000,2,stagnant,LogParserAgent,LogParserAgent,0.0000
validator_anchored,20260418,141,0.0000,2,stagnant,SchemaAgent,DocumentAnalysisAgent,0.0000
validator_anchored,20260418,142,0.0000,2,stagnant,LogParserAgent,LogParserAgent,0.0000
validator_anchored,20260418,143,0.0000,2,stagnant,BuilderAgent,DocumentAnalysisAgent,1.0000
validator_anchored,20260418,144,0.0000,2,stagnant,,SchemaAgent,
validator_anchored,20260418,145,0.0000,2,stagnant,,DocumentAnalysisAgent,
validator_anchored,20260418,146,1.0000,1,complete,,DocumentAnalysisAgent,
validator_anchored,20260418,147,0.0000,2,stagnant,SchemaAgent,DocumentAnalysisAgent,1.0000
validator_anchored,20260418,148,0.0000,2,stagnant,,SchemaAgent,
validator_anchored,20260418,149,0.0000,2,stagnant,,DocumentAnalysisAgent,
validator_anchored,20260418,150,0.0000,2,stagnant,SchemaAgent,SchemaAgent,0.0000
validator_anchored,20260418,151,0.0000,2,stagnant,,DocumentAnalysisAgent,
validator_anchored,20260418,152,1.0000,1,complete,,DocumentAnalysisAgent,
validator_anchored,20260418,153,0.0000,2,stagnant,SchemaAgent,DocumentAnalysisAgent,1.0000
validator_anchored,20260418,154,1.0000,2,complete,,DocumentAnalysisAgent,
validator_anchored,20260418,155,0.0000,2,stagnant,BuilderAgent,SchemaAgent,0.0000
validator_anchored,20260418,156,0.0000,2,stagnant,,DocumentAnalysisAgent,
validator_anchored,20260418,157,0.0000,2,stagnant,,DocumentAnalysisAgent,
validator_anchored,20260418,158,0.0000,2,stagnant,,DocumentAnalysisAgent,
validator_anchored,20260418,159,0.0000,2,stagnant,QAAgent,SchemaAgent,0.0000
validator_anchored,20260418,160,0.0000,2,stagnant,,DocumentAnalysisAgent,
validator_anchored,20260418,161,0.0000,2,stagnant,,SchemaAgent,
validator_anchored,20260418,162,0.0000,2,stagnant,,DocumentAnalysisAgent,
validator_anchored,20260418,163,0.0000,2,stagnant,QAAgent,DocumentAnalysisAgent,0.0000
validator_anchored,20260418,164,1.0000,1,complete,,DocumentAnalysisAgent,
validator_anchored,20260418,165,1.0000,1,complete,,DocumentAnalysisAgent,
validator_anchored,20260418,166,0.0000,2,stagnant,DocumentAnalysisAgent,DocumentAnalysisAgent,0.0000
validator_anchored,20260418,167,0.0000,2,stagnant,ValidatorAgent,SchemaAgent,0.0000
validator_anchored,20260418,168,0.0000,2,stagnant,QAAgent,LogParserAgent,0.0000
validator_anchored,20260418,169,0.0000,2,stagnant,,DocumentAnalysisAgent,
validator_anchored,20260418,170,0.0000,2,stagnant,QAAgent,LogParserAgent,0.0000
validator_anchored,20260418,171,0.0000,2,stagnant,,DocumentAnalysisAgent,
validator_anchored,20260418,172,0.0000,2,stagnant,BuilderAgent,LogParserAgent,1.0000
validator_anchored,20260418,173,0.0000,2,stagnant,ValidatorAgent,SchemaAgent,0.0000
validator_anchored,20260418,174,0.0000,2,stagnant,QAAgent,LogParserAgent,1.0000
validator_anchored,20260418,175,1.0000,1,complete,,DocumentAnalysisAgent,
validator_anchored,20260418,176,0.0000,2,stagnant,ValidatorAgent,DocumentAnalysisAgent,0.0000
validator_anchored,20260418,177,0.0000,2,stagnant,,DocumentAnalysisAgent,
validator_anchored,20260418,178,0.0000,2,stagnant,,DocumentAnalysisAgent,
validator_anchored,20260418,179,1.0000,2,complete,,DocumentAnalysisAgent,
validator_anchored,20260418,180,0.0000,2,stagnant,,SchemaAgent,
validator_anchored,20260418,181,0.0000,2,stagnant,,DocumentAnalysisAgent,
validator_anchored,20260418,182,0.0000,2,stagnant,,DocumentAnalysisAgent,
validator_anchored,20260418,183,0.0000,2,stagnant,,SchemaAgent,
validator_anchored,20260418,184,0.0000,2,stagnant,,DocumentAnalysisAgent,
validator_anchored,20260418,185,0.0000,2,stagnant,BuilderAgent,LogParserAgent,0.0000
validator_anchored,20260418,186,0.0000,2,stagnant,QAAgent,DocumentAnalysisAgent,1.0000
validator_anchored,20260418,187,0.0000,2,stagnant,,SchemaAgent,
validator_anchored,20260418,188,1.0000,1,complete,,DocumentAnalysisAgent,
validator_anchored,20260418,189,0.0000,2,stagnant,QAAgent,DocumentAnalysisAgent,1.0000
validator_anchored,20260418,190,0.0000,2,stagnant,,DocumentAnalysisAgent,
validator_anchored,20260418,191,0.0000,2,stagnant,,SchemaAgent,
validator_anchored,20260418,192,0.0000,2,stagnant,,DocumentAnalysisAgent,
validator_anchored,20260418,193,0.0000,2,stagnant,,DocumentAnalysisAgent,
validator_anchored,20260418,194,0.0000,2,stagnant,DocumentAnalysisAgent,DocumentAnalysisAgent,0.0000
validator_anchored,20260418,195,0.0000,2,stagnant,,LogParserAgent,
validator_anchored,20260418,196,0.0000,2,stagnant,SchemaAgent,DocumentAnalysisAgent,1.0000
validator_anchored,20260418,197,0.0000,2,stagnant,,DocumentAnalysisAgent,
validator_anchored,20260418,198,0.0000,2,stagnant,,LogParserAgent,
validator_anchored,20260418,199,0.0000,2,stagnant,,LogParserAgent,
validator_anchored,20260418,200,0.0000,2,stagnant,,DocumentAnalysisAgent,
validator_anchored,20260418,201,0.0000,2,stagnant,,SchemaAgent,
validator_anchored,20260418,202,0.0000,2,stagnant,ValidatorAgent,LogParserAgent,0.0000
validator_anchored,20260418,203,0.0000,2,stagnant,,SchemaAgent,
validator_anchored,20260418,204,1.0000,2,complete,,DocumentAnalysisAgent,
validator_anchored,20260418,205,0.0000,2,stagnant,,DocumentAnalysisAgent,
validator_anchored,20260418,206,0.0000,2,stagnant,,DocumentAnalysisAgent,
validator_anchored,20260418,207,1.0000,2,complete,,DocumentAnalysisAgent,
validator_anchored,20260418,208,0.0000,2,stagnant,BuilderAgent,DocumentAnalysisAgent,0.0000
validator_anchored,20260418,209,0.0000,2,stagnant,,DocumentAnalysisAgent,
validator_anchored,20260418,210,0.0000,2,stagnant,,LogParserAgent,
validator_anchored,20260418,211,1.0000,2,complete,,DocumentAnalysisAgent,
validator_anchored,20260418,212,1.0000,1,complete,,DocumentAnalysisAgent,
validator_anchored,20260418,213,0.0000,2,stagnant,BuilderAgent,DocumentAnalysisAgent,0.0000
validator_anchored,20260418,214,0.0000,2,stagnant,,DocumentAnalysisAgent,
validator_anchored,20260418,215,0.0000,2,stagnant,BuilderAgent,DocumentAnalysisAgent,1.0000
validator_anchored,20260418,216,0.0000,2,stagnant,,DocumentAnalysisAgent,
validator_anchored,20260418,217,0.0000,2,stagnant,,SchemaAgent,
validator_anchored,20260418,218,0.0000,2,stagnant,DocumentAnalysisAgent,DocumentAnalysisAgent,0.0000
validator_anchored,20260418,219,0.0000,2,stagnant,ValidatorAgent,SchemaAgent,0.0000
validator_anchored,20260418,220,0.0000,2,stagnant,,DocumentAnalysisAgent,
validator_anchored,20260418,221,0.0000,2,stagnant,,DocumentAnalysisAgent,
validator_anchored,20260418,222,0.0000,2,stagnant,SchemaAgent,DocumentAnalysisAgent,1.0000
validator_anchored,20260418,223,0.0000,2,stagnant,,DocumentAnalysisAgent,
validator_anchored,20260418,224,1.0000,1,complete,,DocumentAnalysisAgent,
validator_anchored,20260418,225,0.0000,2,stagnant,ValidatorAgent,SchemaAgent,0.0000
validator_anchored,20260418,226,0.0000,2,stagnant,LogParserAgent,DocumentAnalysisAgent,0.0000
validator_anchored,20260418,227,1.0000,1,complete,,DocumentAnalysisAgent,
validator_anchored,20260418,228,0.0000,2,stagnant,BuilderAgent,SchemaAgent,0.0000
validator_anchored,20260418,229,0.0000,2,stagnant,QAAgent,DocumentAnalysisAgent,1.0000
validator_anchored,20260418,230,0.0000,2,stagnant,ValidatorAgent,SchemaAgent,0.0000
validator_anchored,20260418,231,0.0000,2,stagnant,ValidatorAgent,SchemaAgent,0.0000
validator_anchored,20260418,232,0.0000,2,stagnant,,DocumentAnalysisAgent,
validator_anchored,20260418,233,0.0000,2,stagnant,,DocumentAnalysisAgent,
validator_anchored,20260418,234,0.0000,2,stagnant,ValidatorAgent,SchemaAgent,0.0000
validator_anchored,20260418,235,0.0000,2,stagnant,,DocumentAnalysisAgent,
validator_anchored,20260418,236,0.0000,2,stagnant,ValidatorAgent,SchemaAgent,0.0000
validator_anchored,20260418,237,1.0000,2,complete,,DocumentAnalysisAgent,
validator_anchored,20260418,238,0.0000,2,stagnant,,DocumentAnalysisAgent,
validator_anchored,20260418,239,0.0000,2,stagnant,,LogParserAgent,
validator_anchored,20260418,240,0.0000,2,stagnant,,DocumentAnalysisAgent,
validator_anchored,20260418,241,1.0000,1,complete,,DocumentAnalysisAgent,
validator_anchored,20260418,242,1.0000,1,complete,,DocumentAnalysisAgent,
validator_anchored,20260418,243,0.0000,2,stagnant,ValidatorAgent,LogParserAgent,0.0000
validator_anchored,20260418,244,0.0000,2,stagnant,,SchemaAgent,
validator_anchored,20260418,245,1.0000,1,complete,,DocumentAnalysisAgent,
validator_anchored,20260418,246,1.0000,2,complete,,DocumentAnalysisAgent,
validator_anchored,20260418,247,0.0000,2,stagnant,,DocumentAnalysisAgent,
validator_anchored,20260418,248,1.0000,1,complete,SchemaAgent,DocumentAnalysisAgent,1.0000
validator_anchored,20260418,249,0.0000,2,stagnant,,DocumentAnalysisAgent,
validator_anchored,20260418,250,0.0000,2,stagnant,,LogParserAgent,
validator_anchored,20260418,251,0.0000,2,stagnant,ValidatorAgent,LogParserAgent,0.0000
validator_anchored,20260418,252,0.0000,2,stagnant,QAAgent,DocumentAnalysisAgent,0.0000
validator_anchored,20260418,253,0.0000,2,stagnant,,LogParserAgent,
validator_anchored,20260418,254,0.0000,2,stagnant,QAAgent,SchemaAgent,0.0000
validator_anchored,20260418,255,0.0000,2,stagnant,LogParserAgent,LogParserAgent,0.0000
validator_anchored,20260418,256,0.0000,2,stagnant,,DocumentAnalysisAgent,
validator_anchored,20260418,257,0.0000,2,stagnant,,DocumentAnalysisAgent,
validator_anchored,20260418,258,1.0000,1,complete,,DocumentAnalysisAgent,
validator_anchored,20260418,259,0.0000,2,stagnant,SchemaAgent,DocumentAnalysisAgent,1.0000
validator_anchored,20260418,260,0.0000,2,stagnant,LogParserAgent,DocumentAnalysisAgent,0.0000
validator_anchored,20260418,261,1.0000,2,complete,,DocumentAnalysisAgent,
validator_anchored,20260418,262,0.0000,2,stagnant,,DocumentAnalysisAgent,
validator_anchored,20260418,263,0.0000,2,stagnant,LogParserAgent,LogParserAgent,0.0000
validator_anchored,20260418,264,0.0000,2,stagnant,SchemaAgent,SchemaAgent,0.0000
validator_anchored,20260418,265,0.0000,2,stagnant,SchemaAgent,DocumentAnalysisAgent,1.0000
validator_anchored,20260418,266,0.0000,2,stagnant,LogParserAgent,LogParserAgent,0.0000
validator_anchored,20260418,267,0.0000,2,stagnant,,DocumentAnalysisAgent,
validator_anchored,20260418,268,0.0000,2,stagnant,BuilderAgent,SchemaAgent,0.0000
validator_anchored,20260418,269,0.0000,2,stagnant,,SchemaAgent,
validator_anchored,20260418,270,0.0000,2,stagnant,,SchemaAgent,
validator_anchored,20260418,271,0.0000,2,stagnant,QAAgent,SchemaAgent,0.0000
validator_anchored,20260418,272,0.0000,2,stagnant,,DocumentAnalysisAgent,
validator_anchored,20260418,273,0.0000,2,stagnant,,SchemaAgent,
validator_anchored,20260418,274,0.0000,2,stagnant,,DocumentAnalysisAgent,
validator_anchored,20260418,275,0.0000,2,stagnant,,DocumentAnalysisAgent,
validator_anchored,20260418,276,0.0000,2,stagnant,,DocumentAnalysisAgent,
validator_anchored,20260418,277,0.0000,2,stagnant,,DocumentAnalysisAgent,
validator_anchored,20260418,278,0.0000,2,stagnant,LogParserAgent,LogParserAgent,0.0000
validator_anchored,20260418,279,1.0000,2,complete,,DocumentAnalysisAgent,
validator_anchored,20260418,280,0.0000,2,stagnant,,LogParserAgent,
validator_anchored,20260418,281,0.0000,2,stagnant,SchemaAgent,LogParserAgent,1.0000
validator_anchored,20260418,282,0.0000,2,stagnant,,DocumentAnalysisAgent,
validator_anchored,20260418,283,0.0000,2,stagnant,,DocumentAnalysisAgent,
validator_anchored,20260418,284,0.0000,2,stagnant,,SchemaAgent,
validator_anchored,20260418,285,0.0000,2,stagnant,BuilderAgent,LogParserAgent,0.0000
validator_anchored,20260418,286,0.0000,2,stagnant,SchemaAgent,DocumentAnalysisAgent,0.0000
validator_anchored,20260418,287,1.0000,2,complete,,DocumentAnalysisAgent,
validator_anchored,20260418,288,0.0000,2,stagnant,ValidatorAgent,SchemaAgent,0.0000
validator_anchored,20260418,289,0.0000,2,stagnant,,DocumentAnalysisAgent,
validator_anchored,20260418,290,0.0000,2,stagnant,,DocumentAnalysisAgent,
validator_anchored,20260418,291,1.0000,1,complete,,DocumentAnalysisAgent,
validator_anchored,20260418,292,0.0000,2,stagnant,DocumentAnalysisAgent,DocumentAnalysisAgent,0.0000
validator_anchored,20260418,293,0.0000,2,stagnant,,DocumentAnalysisAgent,
validator_anchored,20260418,294,0.0000,2,stagnant,DocumentAnalysisAgent,DocumentAnalysisAgent,0.0000
validator_anchored,20260418,295,0.0000,2,stagnant,SchemaAgent,DocumentAnalysisAgent,1.0000
validator_anchored,20260418,296,0.0000,2,stagnant,QAAgent,LogParserAgent,1.0000
validator_anchored,20260418,297,1.0000,2,complete,,DocumentAnalysisAgent,
validator_anchored,20260418,298,0.0000,2,stagnant,QAAgent,LogParserAgent,1.0000
validator_anchored,20260418,299,0.0000,2,stagnant,BuilderAgent,DocumentAnalysisAgent,1.0000
validator_anchored,20260418,300,0.0000,2,stagnant,,SchemaAgent,
validator_anchored,20260418,301,0.0000,2,stagnant,LogParserAgent,DocumentAnalysisAgent,0.0000
validator_anchored,20260418,302,0.0000,2,stagnant,,SchemaAgent,
validator_anchored,20260418,303,0.0000,2,stagnant,DocumentAnalysisAgent,DocumentAnalysisAgent,0.0000
validator_anchored,20260418,304,0.0000,2,stagnant,,LogParserAgent,
validator_anchored,20260418,305,0.0000,2,stagnant,,DocumentAnalysisAgent,
validator_anchored,20260418,306,0.0000,2,stagnant,SchemaAgent,DocumentAnalysisAgent,1.0000
validator_anchored,20260418,307,0.0000,2,stagnant,,LogParserAgent,
validator_anchored,20260418,308,0.0000,2,stagnant,BuilderAgent,LogParserAgent,0.0000
validator_anchored,20260418,309,1.0000,1,complete,,DocumentAnalysisAgent,
validator_anchored,20260418,310,1.0000,1,complete,,DocumentAnalysisAgent,
validator_anchored,20260418,311,1.0000,1,complete,,DocumentAnalysisAgent,
validator_anchored,20260418,312,0.0000,2,stagnant,QAAgent,SchemaAgent,0.0000
validator_anchored,20260418,313,0.0000,2,stagnant,BuilderAgent,SchemaAgent,0.0000
validator_anchored,20260418,314,0.0000,2,stagnant,DocumentAnalysisAgent,DocumentAnalysisAgent,0.0000
validator_anchored,20260418,315,0.0000,2,stagnant,,SchemaAgent,
validator_anchored,20260418,316,0.0000,2,stagnant,BuilderAgent,SchemaAgent,0.0000
validator_anchored,20260418,317,0.0000,2,stagnant,QAAgent,LogParserAgent,0.0000
validator_anchored,20260418,318,0.0000,2,stagnant,BuilderAgent,DocumentAnalysisAgent,0.0000
validator_anchored,20260418,319,0.0000,2,stagnant,,SchemaAgent,
validator_anchored,20260418,320,0.0000,2,stagnant,BuilderAgent,LogParserAgent,1.0000
validator_anchored,20260418,321,0.0000,2,stagnant,QAAgent,LogParserAgent,1.0000
validator_anchored,20260418,322,0.0000,2,stagnant,LogParserAgent,DocumentAnalysisAgent,0.0000
validator_anchored,20260418,323,0.0000,2,stagnant,,SchemaAgent,
validator_anchored,20260418,324,0.0000,2,stagnant,,DocumentAnalysisAgent,
validator_anchored,20260418,325,0.0000,2,stagnant,,LogParserAgent,
validator_anchored,20260418,326,0.0000,2,stagnant,,DocumentAnalysisAgent,
validator_anchored,20260418,327,0.0000,2,stagnant,,DocumentAnalysisAgent,
validator_anchored,20260418,328,1.0000,2,complete,,DocumentAnalysisAgent,
validator_anchored,20260418,329,1.0000,1,complete,,DocumentAnalysisAgent,
validator_anchored,20260418,330,0.0000,2,stagnant,LogParserAgent,LogParserAgent,0.0000
validator_anchored,20260418,331,0.0000,2,stagnant,ValidatorAgent,SchemaAgent,0.0000
validator_anchored,20260418,332,0.0000,2,stagnant,DocumentAnalysisAgent,DocumentAnalysisAgent,0.0000
validator_anchored,20260418,333,0.0000,2,stagnant,,DocumentAnalysisAgent,
validator_anchored,20260418,334,0.0000,2,stagnant,BuilderAgent,DocumentAnalysisAgent,1.0000
validator_anchored,20260418,335,0.0000,2,stagnant,BuilderAgent,DocumentAnalysisAgent,1.0000
validator_anchored,20260418,336,0.0000,2,stagnant,ValidatorAgent,DocumentAnalysisAgent,0.0000
validator_anchored,20260418,337,1.0000,2,complete,,DocumentAnalysisAgent,
validator_anchored,20260418,338,0.0000,2,stagnant,,DocumentAnalysisAgent,
validator_anchored,20260418,339,1.0000,1,complete,,DocumentAnalysisAgent,
validator_anchored,20260418,340,1.0000,2,complete,,DocumentAnalysisAgent,
validator_anchored,20260418,341,0.0000,2,stagnant,,DocumentAnalysisAgent,
validator_anchored,20260418,342,0.0000,2,stagnant,ValidatorAgent,SchemaAgent,0.0000
validator_anchored,20260418,343,0.0000,2,stagnant,,LogParserAgent,
validator_anchored,20260418,344,1.0000,1,complete,ValidatorAgent,DocumentAnalysisAgent,1.0000
validator_anchored,20260418,345,1.0000,1,complete,,DocumentAnalysisAgent,
validator_anchored,20260418,346,1.0000,2,complete,,DocumentAnalysisAgent,
validator_anchored,20260418,347,0.0000,2,stagnant,LogParserAgent,DocumentAnalysisAgent,0.0000
validator_anchored,20260418,348,0.0000,2,stagnant,,DocumentAnalysisAgent,
validator_anchored,20260418,349,0.0000,2,stagnant,,DocumentAnalysisAgent,
validator_anchored,20260418,350,1.0000,2,complete,,DocumentAnalysisAgent,
validator_anchored,20260418,351,0.0000,2,stagnant,BuilderAgent,DocumentAnalysisAgent,1.0000
validator_anchored,20260418,352,0.0000,2,stagnant,SchemaAgent,LogParserAgent,0.0000
validator_anchored,20260418,353,0.0000,2,stagnant,,LogParserAgent,
validator_anchored,20260418,354,1.0000,2,complete,,DocumentAnalysisAgent,
validator_anchored,20260418,355,0.0000,2,stagnant,SchemaAgent,SchemaAgent,0.0000
validator_anchored,20260418,356,0.0000,2,stagnant,LogParserAgent,LogParserAgent,0.0000
validator_anchored,20260418,357,0.0000,2,stagnant,,DocumentAnalysisAgent,
validator_anchored,20260418,358,1.0000,1,complete,,DocumentAnalysisAgent,
validator_anchored,20260418,359,0.0000,2,stagnant,BuilderAgent,SchemaAgent,0.0000
validator_anchored,20260418,360,1.0000,1,complete,,DocumentAnalysisAgent,
validator_anchored,20260418,361,0.0000,2,stagnant,,LogParserAgent,
validator_anchored,20260418,362,0.0000,2,stagnant,QAAgent,SchemaAgent,0.0000
validator_anchored,20260418,363,0.0000,2,stagnant,QAAgent,DocumentAnalysisAgent,1.0000
validator_anchored,20260418,364,0.0000,2,stagnant,DocumentAnalysisAgent,DocumentAnalysisAgent,0.0000
validator_anchored,20260418,365,0.0000,2,stagnant,SchemaAgent,DocumentAnalysisAgent,1.0000
validator_anchored,20260418,366,0.0000,2,stagnant,,DocumentAnalysisAgent,
validator_anchored,20260418,367,1.0000,1,complete,,DocumentAnalysisAgent,
validator_anchored,20260418,368,0.0000,2,stagnant,,SchemaAgent,
validator_anchored,20260418,369,0.0000,2,stagnant,ValidatorAgent,LogParserAgent,0.0000
validator_anchored,20260418,370,0.0000,2,stagnant,LogParserAgent,LogParserAgent,0.0000
validator_anchored,20260418,371,1.0000,2,complete,,DocumentAnalysisAgent,
validator_anchored,20260418,372,0.0000,2,stagnant,BuilderAgent,LogParserAgent,1.0000
validator_anchored,20260418,373,1.0000,1,complete,,DocumentAnalysisAgent,
validator_anchored,20260418,374,0.0000,2,stagnant,LogParserAgent,DocumentAnalysisAgent,0.0000
validator_anchored,20260418,375,0.0000,2,stagnant,,DocumentAnalysisAgent,
validator_anchored,20260418,376,0.0000,2,stagnant,,DocumentAnalysisAgent,
validator_anchored,20260418,377,0.0000,2,stagnant,,DocumentAnalysisAgent,
validator_anchored,20260418,378,0.0000,2,stagnant,SchemaAgent,LogParserAgent,1.0000
validator_anchored,20260418,379,1.0000,1,complete,,DocumentAnalysisAgent,
validator_anchored,20260418,380,0.0000,2,stagnant,QAAgent,SchemaAgent,0.0000
validator_anchored,20260418,381,1.0000,1,complete,,DocumentAnalysisAgent,
validator_anchored,20260418,382,1.0000,2,complete,,DocumentAnalysisAgent,
validator_anchored,20260418,383,0.0000,2,stagnant,,SchemaAgent,
validator_anchored,20260418,384,0.0000,2,stagnant,,DocumentAnalysisAgent,
validator_anchored,20260418,385,0.0000,2,stagnant,,SchemaAgent,
validator_anchored,20260418,386,1.0000,1,complete,,DocumentAnalysisAgent,
validator_anchored,20260418,387,0.0000,2,stagnant,QAAgent,DocumentAnalysisAgent,1.0000
validator_anchored,20260418,388,1.0000,1,complete,,DocumentAnalysisAgent,
validator_anchored,20260418,389,0.0000,2,stagnant,ValidatorAgent,SchemaAgent,0.0000
validator_anchored,20260418,390,0.0000,2,stagnant,,DocumentAnalysisAgent,
validator_anchored,20260418,391,0.0000,2,stagnant,ValidatorAgent,LogParserAgent,1.0000
validator_anchored,20260418,392,0.0000,2,stagnant,DocumentAnalysisAgent,DocumentAnalysisAgent,0.0000
validator_anchored,20260418,393,1.0000,1,complete,,DocumentAnalysisAgent,
validator_anchored,20260418,394,1.0000,2,complete,,DocumentAnalysisAgent,
validator_anchored,20260418,395,0.0000,2,stagnant,QAAgent,SchemaAgent,0.0000
validator_anchored,20260418,396,1.0000,1,complete,,DocumentAnalysisAgent,
validator_anchored,20260418,397,0.0000,2,stagnant,SchemaAgent,LogParserAgent,1.0000
validator_anchored,20260418,398,0.0000,2,stagnant,LogParserAgent,LogParserAgent,0.0000
validator_anchored,20260418,399,1.0000,1,complete,,DocumentAnalysisAgent,
validator_anchored,20260419,0,0.0000,2,stagnant,,SchemaAgent,
validator_anchored,20260419,1,0.0000,2,stagnant,,DocumentAnalysisAgent,
validator_anchored,20260419,2,0.0000,2,stagnant,,DocumentAnalysisAgent,
validator_anchored,20260419,3,0.0000,2,stagnant,QAAgent,DocumentAnalysisAgent,1.0000
validator_anchored,20260419,4,0.0000,2,stagnant,BuilderAgent,SchemaAgent,0.0000
validator_anchored,20260419,5,0.0000,2,stagnant,DocumentAnalysisAgent,DocumentAnalysisAgent,0.0000
validator_anchored,20260419,6,0.0000,2,stagnant,,DocumentAnalysisAgent,
validator_anchored,20260419,7,1.0000,1,complete,,DocumentAnalysisAgent,
validator_anchored,20260419,8,0.0000,2,stagnant,,LogParserAgent,
validator_anchored,20260419,9,0.0000,2,stagnant,,DocumentAnalysisAgent,
validator_anchored,20260419,10,1.0000,1,complete,,DocumentAnalysisAgent,
validator_anchored,20260419,11,0.0000,2,stagnant,,SchemaAgent,
validator_anchored,20260419,12,0.0000,2,stagnant,BuilderAgent,DocumentAnalysisAgent,1.0000
validator_anchored,20260419,13,0.0000,2,stagnant,,DocumentAnalysisAgent,
validator_anchored,20260419,14,1.0000,2,complete,,DocumentAnalysisAgent,
validator_anchored,20260419,15,0.0000,2,stagnant,DocumentAnalysisAgent,DocumentAnalysisAgent,0.0000
validator_anchored,20260419,16,1.0000,2,complete,,DocumentAnalysisAgent,
validator_anchored,20260419,17,0.0000,2,stagnant,QAAgent,SchemaAgent,0.0000
validator_anchored,20260419,18,0.0000,2,stagnant,SchemaAgent,DocumentAnalysisAgent,1.0000
validator_anchored,20260419,19,0.0000,2,stagnant,SchemaAgent,DocumentAnalysisAgent,0.0000
validator_anchored,20260419,20,0.0000,2,stagnant,,LogParserAgent,
validator_anchored,20260419,21,0.0000,2,stagnant,,LogParserAgent,
validator_anchored,20260419,22,0.0000,2,stagnant,,DocumentAnalysisAgent,
validator_anchored,20260419,23,0.0000,2,stagnant,,DocumentAnalysisAgent,
validator_anchored,20260419,24,0.0000,2,stagnant,ValidatorAgent,LogParserAgent,0.0000
validator_anchored,20260419,25,0.0000,2,stagnant,,LogParserAgent,
validator_anchored,20260419,26,0.0000,2,stagnant,SchemaAgent,DocumentAnalysisAgent,1.0000
validator_anchored,20260419,27,0.0000,2,stagnant,BuilderAgent,DocumentAnalysisAgent,0.0000
validator_anchored,20260419,28,1.0000,2,complete,,DocumentAnalysisAgent,
validator_anchored,20260419,29,1.0000,1,complete,,DocumentAnalysisAgent,
validator_anchored,20260419,30,0.0000,2,stagnant,,DocumentAnalysisAgent,
validator_anchored,20260419,31,1.0000,2,complete,,DocumentAnalysisAgent,
validator_anchored,20260419,32,0.0000,2,stagnant,QAAgent,DocumentAnalysisAgent,1.0000
validator_anchored,20260419,33,0.0000,2,stagnant,SchemaAgent,LogParserAgent,1.0000
validator_anchored,20260419,34,1.0000,2,complete,,DocumentAnalysisAgent,
validator_anchored,20260419,35,0.0000,2,stagnant,LogParserAgent,LogParserAgent,0.0000
validator_anchored,20260419,36,0.0000,2,stagnant,,DocumentAnalysisAgent,
validator_anchored,20260419,37,0.0000,2,stagnant,,DocumentAnalysisAgent,
validator_anchored,20260419,38,0.0000,2,stagnant,BuilderAgent,DocumentAnalysisAgent,1.0000
validator_anchored,20260419,39,0.0000,2,stagnant,,DocumentAnalysisAgent,
validator_anchored,20260419,40,1.0000,2,complete,,DocumentAnalysisAgent,
validator_anchored,20260419,41,1.0000,2,complete,,DocumentAnalysisAgent,
validator_anchored,20260419,42,0.0000,2,stagnant,,DocumentAnalysisAgent,
validator_anchored,20260419,43,0.0000,2,stagnant,BuilderAgent,DocumentAnalysisAgent,1.0000
validator_anchored,20260419,44,1.0000,1,complete,,DocumentAnalysisAgent,
validator_anchored,20260419,45,1.0000,2,complete,,DocumentAnalysisAgent,
validator_anchored,20260419,46,0.0000,2,stagnant,ValidatorAgent,SchemaAgent,0.0000
validator_anchored,20260419,47,0.0000,2,stagnant,LogParserAgent,LogParserAgent,0.0000
validator_anchored,20260419,48,0.0000,2,stagnant,,SchemaAgent,
validator_anchored,20260419,49,0.0000,2,stagnant,,DocumentAnalysisAgent,
validator_anchored,20260419,50,0.0000,2,stagnant,ValidatorAgent,DocumentAnalysisAgent,0.0000
validator_anchored,20260419,51,0.0000,2,stagnant,,DocumentAnalysisAgent,
validator_anchored,20260419,52,0.0000,2,stagnant,,LogParserAgent,
validator_anchored,20260419,53,0.0000,2,stagnant,,DocumentAnalysisAgent,
validator_anchored,20260419,54,0.0000,2,stagnant,DocumentAnalysisAgent,DocumentAnalysisAgent,0.0000
validator_anchored,20260419,55,0.0000,2,stagnant,,DocumentAnalysisAgent,
validator_anchored,20260419,56,0.0000,2,stagnant,,DocumentAnalysisAgent,
validator_anchored,20260419,57,0.0000,2,stagnant,,DocumentAnalysisAgent,
validator_anchored,20260419,58,0.0000,2,stagnant,SchemaAgent,SchemaAgent,0.0000
validator_anchored,20260419,59,0.0000,2,stagnant,ValidatorAgent,DocumentAnalysisAgent,0.0000
validator_anchored,20260419,60,0.0000,2,stagnant,,DocumentAnalysisAgent,
validator_anchored,20260419,61,0.0000,2,stagnant,SchemaAgent,DocumentAnalysisAgent,1.0000
validator_anchored,20260419,62,0.0000,2,stagnant,,DocumentAnalysisAgent,
validator_anchored,20260419,63,0.0000,2,stagnant,,SchemaAgent,
validator_anchored,20260419,64,0.0000,2,stagnant,LogParserAgent,DocumentAnalysisAgent,0.0000
validator_anchored,20260419,65,0.0000,2,stagnant,LogParserAgent,LogParserAgent,0.0000
validator_anchored,20260419,66,0.0000,2,stagnant,SchemaAgent,DocumentAnalysisAgent,1.0000
validator_anchored,20260419,67,1.0000,1,complete,,DocumentAnalysisAgent,
validator_anchored,20260419,68,0.0000,2,stagnant,QAAgent,SchemaAgent,0.0000
validator_anchored,20260419,69,0.0000,2,stagnant,,DocumentAnalysisAgent,
validator_anchored,20260419,70,0.0000,2,stagnant,,LogParserAgent,
validator_anchored,20260419,71,0.0000,2,stagnant,,LogParserAgent,
validator_anchored,20260419,72,0.0000,2,stagnant,,DocumentAnalysisAgent,
validator_anchored,20260419,73,0.0000,2,stagnant,ValidatorAgent,DocumentAnalysisAgent,1.0000
validator_anchored,20260419,74,0.0000,2,stagnant,QAAgent,DocumentAnalysisAgent,1.0000
validator_anchored,20260419,75,0.0000,2,stagnant,,DocumentAnalysisAgent,
validator_anchored,20260419,76,0.0000,2,stagnant,,DocumentAnalysisAgent,
validator_anchored,20260419,77,0.0000,2,stagnant,DocumentAnalysisAgent,DocumentAnalysisAgent,0.0000
validator_anchored,20260419,78,0.0000,2,stagnant,LogParserAgent,DocumentAnalysisAgent,0.0000
validator_anchored,20260419,79,0.0000,2,stagnant,SchemaAgent,LogParserAgent,1.0000
validator_anchored,20260419,80,0.0000,2,stagnant,,LogParserAgent,
validator_anchored,20260419,81,0.0000,2,stagnant,SchemaAgent,LogParserAgent,1.0000
validator_anchored,20260419,82,1.0000,1,complete,,DocumentAnalysisAgent,
validator_anchored,20260419,83,0.0000,2,stagnant,ValidatorAgent,SchemaAgent,0.0000
validator_anchored,20260419,84,0.0000,2,stagnant,ValidatorAgent,SchemaAgent,0.0000
validator_anchored,20260419,85,1.0000,2,complete,,DocumentAnalysisAgent,
validator_anchored,20260419,86,0.0000,2,stagnant,,DocumentAnalysisAgent,
validator_anchored,20260419,87,0.0000,2,stagnant,,DocumentAnalysisAgent,
validator_anchored,20260419,88,1.0000,2,complete,,DocumentAnalysisAgent,
validator_anchored,20260419,89,0.0000,2,stagnant,QAAgent,DocumentAnalysisAgent,1.0000
validator_anchored,20260419,90,0.0000,2,stagnant,,DocumentAnalysisAgent,
validator_anchored,20260419,91,1.0000,2,complete,,DocumentAnalysisAgent,
validator_anchored,20260419,92,1.0000,2,complete,,DocumentAnalysisAgent,
validator_anchored,20260419,93,1.0000,1,complete,,DocumentAnalysisAgent,
validator_anchored,20260419,94,0.0000,2,stagnant,QAAgent,LogParserAgent,1.0000
validator_anchored,20260419,95,0.0000,2,stagnant,ValidatorAgent,SchemaAgent,0.0000
validator_anchored,20260419,96,0.0000,2,stagnant,QAAgent,SchemaAgent,0.0000
validator_anchored,20260419,97,0.0000,2,stagnant,ValidatorAgent,SchemaAgent,0.0000
validator_anchored,20260419,98,0.0000,2,stagnant,,DocumentAnalysisAgent,
validator_anchored,20260419,99,0.0000,2,stagnant,SchemaAgent,DocumentAnalysisAgent,1.0000
validator_anchored,20260419,100,0.0000,2,stagnant,,DocumentAnalysisAgent,
validator_anchored,20260419,101,0.0000,2,stagnant,,DocumentAnalysisAgent,
validator_anchored,20260419,102,0.0000,2,stagnant,,SchemaAgent,
validator_anchored,20260419,103,0.0000,2,stagnant,BuilderAgent,DocumentAnalysisAgent,0.0000
validator_anchored,20260419,104,0.0000,2,stagnant,,DocumentAnalysisAgent,
validator_anchored,20260419,105,1.0000,2,complete,,DocumentAnalysisAgent,
validator_anchored,20260419,106,0.0000,2,stagnant,QAAgent,DocumentAnalysisAgent,1.0000
validator_anchored,20260419,107,0.0000,2,stagnant,SchemaAgent,LogParserAgent,0.0000
validator_anchored,20260419,108,0.0000,2,stagnant,BuilderAgent,LogParserAgent,1.0000
validator_anchored,20260419,109,1.0000,1,complete,,DocumentAnalysisAgent,
validator_anchored,20260419,110,1.0000,1,complete,,DocumentAnalysisAgent,
validator_anchored,20260419,111,0.0000,2,stagnant,,DocumentAnalysisAgent,
validator_anchored,20260419,112,0.0000,2,stagnant,,SchemaAgent,
validator_anchored,20260419,113,0.0000,2,stagnant,BuilderAgent,SchemaAgent,0.0000
validator_anchored,20260419,114,0.0000,2,stagnant,ValidatorAgent,DocumentAnalysisAgent,0.0000
validator_anchored,20260419,115,0.0000,2,stagnant,DocumentAnalysisAgent,DocumentAnalysisAgent,0.0000
validator_anchored,20260419,116,0.0000,2,stagnant,,DocumentAnalysisAgent,
validator_anchored,20260419,117,0.0000,2,stagnant,QAAgent,DocumentAnalysisAgent,1.0000
validator_anchored,20260419,118,1.0000,1,complete,,DocumentAnalysisAgent,
validator_anchored,20260419,119,0.0000,2,stagnant,,SchemaAgent,
validator_anchored,20260419,120,0.0000,2,stagnant,,LogParserAgent,
validator_anchored,20260419,121,1.0000,2,complete,,DocumentAnalysisAgent,
validator_anchored,20260419,122,1.0000,1,complete,,DocumentAnalysisAgent,
validator_anchored,20260419,123,1.0000,2,complete,,DocumentAnalysisAgent,
validator_anchored,20260419,124,1.0000,1,complete,,DocumentAnalysisAgent,
validator_anchored,20260419,125,0.0000,2,stagnant,ValidatorAgent,SchemaAgent,0.0000
validator_anchored,20260419,126,0.0000,2,stagnant,LogParserAgent,LogParserAgent,0.0000
validator_anchored,20260419,127,1.0000,2,complete,,DocumentAnalysisAgent,
validator_anchored,20260419,128,1.0000,2,complete,,DocumentAnalysisAgent,
validator_anchored,20260419,129,1.0000,1,complete,,DocumentAnalysisAgent,
validator_anchored,20260419,130,0.0000,2,stagnant,QAAgent,DocumentAnalysisAgent,1.0000
validator_anchored,20260419,131,0.0000,2,stagnant,,LogParserAgent,
validator_anchored,20260419,132,1.0000,1,complete,,DocumentAnalysisAgent,
validator_anchored,20260419,133,0.0000,2,stagnant,,LogParserAgent,
validator_anchored,20260419,134,0.0000,2,stagnant,,LogParserAgent,
validator_anchored,20260419,135,1.0000,1,complete,,DocumentAnalysisAgent,
validator_anchored,20260419,136,0.0000,2,stagnant,QAAgent,DocumentAnalysisAgent,1.0000
validator_anchored,20260419,137,0.0000,2,stagnant,,DocumentAnalysisAgent,
validator_anchored,20260419,138,0.0000,2,stagnant,DocumentAnalysisAgent,DocumentAnalysisAgent,0.0000
validator_anchored,20260419,139,0.0000,2,stagnant,,DocumentAnalysisAgent,
validator_anchored,20260419,140,1.0000,1,complete,,DocumentAnalysisAgent,
validator_anchored,20260419,141,0.0000,2,stagnant,QAAgent,DocumentAnalysisAgent,1.0000
validator_anchored,20260419,142,0.0000,2,stagnant,LogParserAgent,LogParserAgent,0.0000
validator_anchored,20260419,143,1.0000,2,complete,,DocumentAnalysisAgent,
validator_anchored,20260419,144,0.0000,2,stagnant,,SchemaAgent,
validator_anchored,20260419,145,1.0000,2,complete,,DocumentAnalysisAgent,
validator_anchored,20260419,146,1.0000,2,complete,,DocumentAnalysisAgent,
validator_anchored,20260419,147,0.0000,2,stagnant,QAAgent,SchemaAgent,0.0000
validator_anchored,20260419,148,1.0000,2,complete,,DocumentAnalysisAgent,
validator_anchored,20260419,149,0.0000,2,stagnant,,SchemaAgent,
validator_anchored,20260419,150,0.0000,2,stagnant,QAAgent,DocumentAnalysisAgent,1.0000
validator_anchored,20260419,151,0.0000,2,stagnant,,DocumentAnalysisAgent,
validator_anchored,20260419,152,1.0000,1,complete,,DocumentAnalysisAgent,
validator_anchored,20260419,153,0.0000,2,stagnant,SchemaAgent,SchemaAgent,0.0000
validator_anchored,20260419,154,1.0000,1,complete,,DocumentAnalysisAgent,
validator_anchored,20260419,155,1.0000,1,complete,,DocumentAnalysisAgent,
validator_anchored,20260419,156,0.0000,2,stagnant,,SchemaAgent,
validator_anchored,20260419,157,0.0000,2,stagnant,SchemaAgent,DocumentAnalysisAgent,1.0000
validator_anchored,20260419,158,0.0000,2,stagnant,,DocumentAnalysisAgent,
validator_anchored,20260419,159,0.0000,2,stagnant,SchemaAgent,LogParserAgent,1.0000
validator_anchored,20260419,160,0.0000,2,stagnant,,SchemaAgent,
validator_anchored,20260419,161,0.0000,2,stagnant,,DocumentAnalysisAgent,
validator_anchored,20260419,162,0.0000,2,stagnant,ValidatorAgent,SchemaAgent,0.0000
validator_anchored,20260419,163,0.0000,2,stagnant,,SchemaAgent,
validator_anchored,20260419,164,1.0000,2,complete,,DocumentAnalysisAgent,
validator_anchored,20260419,165,0.0000,2,stagnant,SchemaAgent,SchemaAgent,0.0000
validator_anchored,20260419,166,0.0000,2,stagnant,BuilderAgent,DocumentAnalysisAgent,1.0000
validator_anchored,20260419,167,0.0000,2,stagnant,BuilderAgent,SchemaAgent,0.0000
validator_anchored,20260419,168,1.0000,2,complete,,DocumentAnalysisAgent,
validator_anchored,20260419,169,1.0000,1,complete,,DocumentAnalysisAgent,
validator_anchored,20260419,170,0.0000,2,stagnant,LogParserAgent,LogParserAgent,0.0000
validator_anchored,20260419,171,0.0000,2,stagnant,,DocumentAnalysisAgent,
validator_anchored,20260419,172,0.0000,2,stagnant,SchemaAgent,SchemaAgent,0.0000
validator_anchored,20260419,173,0.0000,2,stagnant,BuilderAgent,SchemaAgent,0.0000
validator_anchored,20260419,174,0.0000,2,stagnant,,LogParserAgent,
validator_anchored,20260419,175,1.0000,2,complete,,DocumentAnalysisAgent,
validator_anchored,20260419,176,1.0000,2,complete,,DocumentAnalysisAgent,
validator_anchored,20260419,177,0.0000,2,stagnant,BuilderAgent,DocumentAnalysisAgent,1.0000
validator_anchored,20260419,178,0.0000,2,stagnant,,SchemaAgent,
validator_anchored,20260419,179,0.0000,2,stagnant,ValidatorAgent,SchemaAgent,0.0000
validator_anchored,20260419,180,0.0000,2,stagnant,ValidatorAgent,DocumentAnalysisAgent,0.0000
validator_anchored,20260419,181,1.0000,1,complete,,DocumentAnalysisAgent,
validator_anchored,20260419,182,0.0000,2,stagnant,,LogParserAgent,
validator_anchored,20260419,183,0.0000,2,stagnant,,SchemaAgent,
validator_anchored,20260419,184,1.0000,1,complete,,DocumentAnalysisAgent,
validator_anchored,20260419,185,0.0000,2,stagnant,,SchemaAgent,
validator_anchored,20260419,186,0.0000,2,stagnant,,DocumentAnalysisAgent,
validator_anchored,20260419,187,0.0000,2,stagnant,,SchemaAgent,
validator_anchored,20260419,188,0.0000,2,stagnant,,LogParserAgent,
validator_anchored,20260419,189,0.0000,2,stagnant,BuilderAgent,DocumentAnalysisAgent,1.0000
validator_anchored,20260419,190,1.0000,1,complete,,DocumentAnalysisAgent,
validator_anchored,20260419,191,1.0000,1,complete,,DocumentAnalysisAgent,
validator_anchored,20260419,192,1.0000,1,complete,,DocumentAnalysisAgent,
validator_anchored,20260419,193,0.0000,2,stagnant,QAAgent,LogParserAgent,1.0000
validator_anchored,20260419,194,0.0000,2,stagnant,LogParserAgent,LogParserAgent,0.0000
validator_anchored,20260419,195,0.0000,2,stagnant,,DocumentAnalysisAgent,
validator_anchored,20260419,196,0.0000,2,stagnant,BuilderAgent,LogParserAgent,0.0000
validator_anchored,20260419,197,1.0000,1,complete,,DocumentAnalysisAgent,
validator_anchored,20260419,198,0.0000,2,stagnant,DocumentAnalysisAgent,DocumentAnalysisAgent,0.0000
validator_anchored,20260419,199,1.0000,1,complete,,DocumentAnalysisAgent,
validator_anchored,20260419,200,0.0000,2,stagnant,BuilderAgent,SchemaAgent,0.0000
validator_anchored,20260419,201,0.0000,2,stagnant,SchemaAgent,SchemaAgent,0.0000
validator_anchored,20260419,202,0.0000,2,stagnant,SchemaAgent,LogParserAgent,0.0000
validator_anchored,20260419,203,1.0000,1,complete,QAAgent,DocumentAnalysisAgent,1.0000
validator_anchored,20260419,204,1.0000,1,complete,,DocumentAnalysisAgent,
validator_anchored,20260419,205,0.0000,2,stagnant,ValidatorAgent,SchemaAgent,0.0000
validator_anchored,20260419,206,0.0000,2,stagnant,LogParserAgent,LogParserAgent,0.0000
validator_anchored,20260419,207,0.0000,2,stagnant,,DocumentAnalysisAgent,
validator_anchored,20260419,208,1.0000,1,complete,,DocumentAnalysisAgent,
validator_anchored,20260419,209,1.0000,2,complete,,DocumentAnalysisAgent,
validator_anchored,20260419,210,0.0000,2,stagnant,QAAgent,DocumentAnalysisAgent,1.0000
validator_anchored,20260419,211,0.0000,2,stagnant,,DocumentAnalysisAgent,
validator_anchored,20260419,212,0.0000,2,stagnant,ValidatorAgent,SchemaAgent,0.0000
validator_anchored,20260419,213,1.0000,2,complete,,DocumentAnalysisAgent,
validator_anchored,20260419,214,0.0000,2,stagnant,BuilderAgent,SchemaAgent,0.0000
validator_anchored,20260419,215,0.0000,2,stagnant,ValidatorAgent,SchemaAgent,0.0000
validator_anchored,20260419,216,0.0000,2,stagnant,,SchemaAgent,
validator_anchored,20260419,217,1.0000,2,complete,,DocumentAnalysisAgent,
validator_anchored,20260419,218,0.0000,2,stagnant,SchemaAgent,SchemaAgent,0.0000
validator_anchored,20260419,219,0.0000,2,stagnant,LogParserAgent,LogParserAgent,0.0000
validator_anchored,20260419,220,0.0000,2,stagnant,,LogParserAgent,
validator_anchored,20260419,221,0.0000,2,stagnant,,DocumentAnalysisAgent,
validator_anchored,20260419,222,1.0000,2,complete,,DocumentAnalysisAgent,
validator_anchored,20260419,223,0.0000,2,stagnant,,LogParserAgent,
validator_anchored,20260419,224,0.0000,2,stagnant,,DocumentAnalysisAgent,
validator_anchored,20260419,225,0.0000,2,stagnant,BuilderAgent,LogParserAgent,1.0000
validator_anchored,20260419,226,0.0000,2,stagnant,,DocumentAnalysisAgent,
validator_anchored,20260419,227,0.0000,2,stagnant,DocumentAnalysisAgent,DocumentAnalysisAgent,0.0000
validator_anchored,20260419,228,0.0000,2,stagnant,BuilderAgent,DocumentAnalysisAgent,1.0000
validator_anchored,20260419,229,0.0000,2,stagnant,,DocumentAnalysisAgent,
validator_anchored,20260419,230,0.0000,2,stagnant,,DocumentAnalysisAgent,
validator_anchored,20260419,231,0.0000,2,stagnant,LogParserAgent,LogParserAgent,0.0000
validator_anchored,20260419,232,0.0000,2,stagnant,,DocumentAnalysisAgent,
validator_anchored,20260419,233,0.0000,2,stagnant,SchemaAgent,DocumentAnalysisAgent,0.0000
validator_anchored,20260419,234,0.0000,2,stagnant,,SchemaAgent,
validator_anchored,20260419,235,0.0000,2,stagnant,BuilderAgent,DocumentAnalysisAgent,1.0000
validator_anchored,20260419,236,1.0000,2,complete,,DocumentAnalysisAgent,
validator_anchored,20260419,237,0.0000,2,stagnant,,SchemaAgent,
validator_anchored,20260419,238,0.0000,2,stagnant,,SchemaAgent,
validator_anchored,20260419,239,0.0000,2,stagnant,,LogParserAgent,
validator_anchored,20260419,240,1.0000,2,complete,,DocumentAnalysisAgent,
validator_anchored,20260419,241,0.0000,2,stagnant,,DocumentAnalysisAgent,
validator_anchored,20260419,242,1.0000,2,complete,,DocumentAnalysisAgent,
validator_anchored,20260419,243,0.0000,2,stagnant,SchemaAgent,LogParserAgent,0.0000
validator_anchored,20260419,244,0.0000,2,stagnant,QAAgent,LogParserAgent,1.0000
validator_anchored,20260419,245,0.0000,2,stagnant,,LogParserAgent,
validator_anchored,20260419,246,1.0000,1,complete,,DocumentAnalysisAgent,
validator_anchored,20260419,247,1.0000,1,complete,,DocumentAnalysisAgent,
validator_anchored,20260419,248,1.0000,1,complete,SchemaAgent,DocumentAnalysisAgent,1.0000
validator_anchored,20260419,249,0.0000,2,stagnant,,LogParserAgent,
validator_anchored,20260419,250,0.0000,2,stagnant,SchemaAgent,LogParserAgent,1.0000
validator_anchored,20260419,251,0.0000,2,stagnant,,DocumentAnalysisAgent,
validator_anchored,20260419,252,0.0000,2,stagnant,,LogParserAgent,
validator_anchored,20260419,253,0.0000,2,stagnant,,DocumentAnalysisAgent,
validator_anchored,20260419,254,0.0000,2,stagnant,,DocumentAnalysisAgent,
validator_anchored,20260419,255,0.0000,2,stagnant,SchemaAgent,SchemaAgent,0.0000
validator_anchored,20260419,256,0.0000,2,stagnant,,DocumentAnalysisAgent,
validator_anchored,20260419,257,0.0000,2,stagnant,BuilderAgent,SchemaAgent,0.0000
validator_anchored,20260419,258,0.0000,2,stagnant,LogParserAgent,DocumentAnalysisAgent,0.0000
validator_anchored,20260419,259,0.0000,2,stagnant,,DocumentAnalysisAgent,
validator_anchored,20260419,260,0.0000,2,stagnant,DocumentAnalysisAgent,DocumentAnalysisAgent,0.0000
validator_anchored,20260419,261,0.0000,2,stagnant,,DocumentAnalysisAgent,
validator_anchored,20260419,262,0.0000,2,stagnant,QAAgent,DocumentAnalysisAgent,1.0000
validator_anchored,20260419,263,0.0000,2,stagnant,,LogParserAgent,
validator_anchored,20260419,264,1.0000,1,complete,,DocumentAnalysisAgent,
validator_anchored,20260419,265,0.0000,2,stagnant,,DocumentAnalysisAgent,
validator_anchored,20260419,266,0.0000,2,stagnant,LogParserAgent,LogParserAgent,0.0000
validator_anchored,20260419,267,1.0000,1,complete,,DocumentAnalysisAgent,
validator_anchored,20260419,268,0.0000,2,stagnant,LogParserAgent,LogParserAgent,0.0000
validator_anchored,20260419,269,0.0000,2,stagnant,,SchemaAgent,
validator_anchored,20260419,270,0.0000,2,stagnant,QAAgent,DocumentAnalysisAgent,1.0000
validator_anchored,20260419,271,0.0000,2,stagnant,,DocumentAnalysisAgent,
validator_anchored,20260419,272,0.0000,2,stagnant,,DocumentAnalysisAgent,
validator_anchored,20260419,273,0.0000,2,stagnant,SchemaAgent,DocumentAnalysisAgent,0.0000
validator_anchored,20260419,274,0.0000,2,stagnant,SchemaAgent,LogParserAgent,1.0000
validator_anchored,20260419,275,0.0000,2,stagnant,QAAgent,SchemaAgent,0.0000
validator_anchored,20260419,276,0.0000,2,stagnant,QAAgent,DocumentAnalysisAgent,1.0000
validator_anchored,20260419,277,0.0000,2,stagnant,DocumentAnalysisAgent,DocumentAnalysisAgent,0.0000
validator_anchored,20260419,278,0.0000,2,stagnant,ValidatorAgent,SchemaAgent,0.0000
validator_anchored,20260419,279,1.0000,1,complete,,DocumentAnalysisAgent,
validator_anchored,20260419,280,0.0000,2,stagnant,,LogParserAgent,
validator_anchored,20260419,281,1.0000,1,complete,,DocumentAnalysisAgent,
validator_anchored,20260419,282,1.0000,2,complete,,DocumentAnalysisAgent,
validator_anchored,20260419,283,0.0000,2,stagnant,DocumentAnalysisAgent,DocumentAnalysisAgent,0.0000
validator_anchored,20260419,284,0.0000,2,stagnant,,DocumentAnalysisAgent,
validator_anchored,20260419,285,1.0000,1,complete,,DocumentAnalysisAgent,
validator_anchored,20260419,286,0.0000,2,stagnant,BuilderAgent,DocumentAnalysisAgent,1.0000
validator_anchored,20260419,287,0.0000,2,stagnant,BuilderAgent,DocumentAnalysisAgent,0.0000
validator_anchored,20260419,288,0.0000,2,stagnant,BuilderAgent,SchemaAgent,0.0000
validator_anchored,20260419,289,1.0000,2,complete,,DocumentAnalysisAgent,
validator_anchored,20260419,290,0.0000,2,stagnant,ValidatorAgent,LogParserAgent,0.0000
validator_anchored,20260419,291,0.0000,2,stagnant,,DocumentAnalysisAgent,
validator_anchored,20260419,292,1.0000,1,complete,,DocumentAnalysisAgent,
validator_anchored,20260419,293,0.0000,2,stagnant,ValidatorAgent,SchemaAgent,0.0000
validator_anchored,20260419,294,0.0000,2,stagnant,DocumentAnalysisAgent,DocumentAnalysisAgent,0.0000
validator_anchored,20260419,295,1.0000,1,complete,,DocumentAnalysisAgent,
validator_anchored,20260419,296,0.0000,2,stagnant,ValidatorAgent,SchemaAgent,0.0000
validator_anchored,20260419,297,1.0000,1,complete,,DocumentAnalysisAgent,
validator_anchored,20260419,298,1.0000,2,complete,,DocumentAnalysisAgent,
validator_anchored,20260419,299,0.0000,2,stagnant,LogParserAgent,LogParserAgent,0.0000
validator_anchored,20260419,300,0.0000,2,stagnant,,DocumentAnalysisAgent,
validator_anchored,20260419,301,0.0000,2,stagnant,LogParserAgent,LogParserAgent,0.0000
validator_anchored,20260419,302,0.0000,2,stagnant,,LogParserAgent,
validator_anchored,20260419,303,0.0000,2,stagnant,,LogParserAgent,
validator_anchored,20260419,304,0.0000,2,stagnant,,SchemaAgent,
validator_anchored,20260419,305,1.0000,2,complete,,DocumentAnalysisAgent,
validator_anchored,20260419,306,0.0000,2,stagnant,,DocumentAnalysisAgent,
validator_anchored,20260419,307,1.0000,1,complete,,DocumentAnalysisAgent,
validator_anchored,20260419,308,0.0000,2,stagnant,DocumentAnalysisAgent,DocumentAnalysisAgent,0.0000
validator_anchored,20260419,309,0.0000,2,stagnant,DocumentAnalysisAgent,DocumentAnalysisAgent,0.0000
validator_anchored,20260419,310,0.0000,2,stagnant,,SchemaAgent,
validator_anchored,20260419,311,0.0000,2,stagnant,DocumentAnalysisAgent,DocumentAnalysisAgent,0.0000
validator_anchored,20260419,312,0.0000,2,stagnant,,LogParserAgent,
validator_anchored,20260419,313,0.0000,2,stagnant,LogParserAgent,SchemaAgent,1.0000
validator_anchored,20260419,314,0.0000,2,stagnant,,DocumentAnalysisAgent,
validator_anchored,20260419,315,1.0000,2,complete,,DocumentAnalysisAgent,
validator_anchored,20260419,316,0.0000,2,stagnant,LogParserAgent,LogParserAgent,0.0000
validator_anchored,20260419,317,0.0000,2,stagnant,SchemaAgent,DocumentAnalysisAgent,0.0000
validator_anchored,20260419,318,0.0000,2,stagnant,,SchemaAgent,
validator_anchored,20260419,319,0.0000,2,stagnant,ValidatorAgent,SchemaAgent,0.0000
validator_anchored,20260419,320,1.0000,2,complete,,DocumentAnalysisAgent,
validator_anchored,20260419,321,0.0000,2,stagnant,LogParserAgent,LogParserAgent,0.0000
validator_anchored,20260419,322,1.0000,2,complete,,DocumentAnalysisAgent,
validator_anchored,20260419,323,0.0000,2,stagnant,SchemaAgent,SchemaAgent,0.0000
validator_anchored,20260419,324,0.0000,2,stagnant,SchemaAgent,DocumentAnalysisAgent,1.0000
validator_anchored,20260419,325,0.0000,2,stagnant,SchemaAgent,DocumentAnalysisAgent,1.0000
validator_anchored,20260419,326,0.0000,2,stagnant,,DocumentAnalysisAgent,
validator_anchored,20260419,327,0.0000,2,stagnant,,SchemaAgent,
validator_anchored,20260419,328,0.0000,2,stagnant,LogParserAgent,DocumentAnalysisAgent,0.0000
validator_anchored,20260419,329,1.0000,1,complete,,DocumentAnalysisAgent,
validator_anchored,20260419,330,1.0000,2,complete,,DocumentAnalysisAgent,
validator_anchored,20260419,331,0.0000,2,stagnant,QAAgent,SchemaAgent,0.0000
validator_anchored,20260419,332,0.0000,2,stagnant,BuilderAgent,SchemaAgent,0.0000
validator_anchored,20260419,333,1.0000,2,complete,,DocumentAnalysisAgent,
validator_anchored,20260419,334,0.0000,2,stagnant,LogParserAgent,LogParserAgent,0.0000
validator_anchored,20260419,335,1.0000,2,complete,,DocumentAnalysisAgent,
validator_anchored,20260419,336,1.0000,1,complete,,DocumentAnalysisAgent,
validator_anchored,20260419,337,1.0000,1,complete,,DocumentAnalysisAgent,
validator_anchored,20260419,338,0.0000,2,stagnant,LogParserAgent,LogParserAgent,0.0000
validator_anchored,20260419,339,0.0000,2,stagnant,DocumentAnalysisAgent,DocumentAnalysisAgent,0.0000
validator_anchored,20260419,340,0.0000,2,stagnant,BuilderAgent,LogParserAgent,0.0000
validator_anchored,20260419,341,1.0000,2,complete,,DocumentAnalysisAgent,
validator_anchored,20260419,342,1.0000,1,complete,,DocumentAnalysisAgent,
validator_anchored,20260419,343,0.0000,2,stagnant,,LogParserAgent,
validator_anchored,20260419,344,0.0000,2,stagnant,DocumentAnalysisAgent,DocumentAnalysisAgent,0.0000
validator_anchored,20260419,345,0.0000,2,stagnant,ValidatorAgent,LogParserAgent,0.0000
validator_anchored,20260419,346,0.0000,2,stagnant,ValidatorAgent,SchemaAgent,0.0000
validator_anchored,20260419,347,1.0000,1,complete,,DocumentAnalysisAgent,
validator_anchored,20260419,348,1.0000,2,complete,,DocumentAnalysisAgent,
validator_anchored,20260419,349,0.0000,2,stagnant,ValidatorAgent,DocumentAnalysisAgent,0.0000
validator_anchored,20260419,350,1.0000,1,complete,BuilderAgent,DocumentAnalysisAgent,1.0000
validator_anchored,20260419,351,0.0000,2,stagnant,BuilderAgent,DocumentAnalysisAgent,1.0000
validator_anchored,20260419,352,1.0000,1,complete,DocumentAnalysisAgent,DocumentAnalysisAgent,1.0000
validator_anchored,20260419,353,0.0000,2,stagnant,,DocumentAnalysisAgent,
validator_anchored,20260419,354,0.0000,2,stagnant,,DocumentAnalysisAgent,
validator_anchored,20260419,355,0.0000,2,stagnant,LogParserAgent,LogParserAgent,0.0000
validator_anchored,20260419,356,1.0000,2,complete,,DocumentAnalysisAgent,
validator_anchored,20260419,357,1.0000,2,complete,,DocumentAnalysisAgent,
validator_anchored,20260419,358,0.0000,2,stagnant,QAAgent,DocumentAnalysisAgent,1.0000
validator_anchored,20260419,359,0.0000,2,stagnant,,SchemaAgent,
validator_anchored,20260419,360,0.0000,2,stagnant,DocumentAnalysisAgent,DocumentAnalysisAgent,0.0000
validator_anchored,20260419,361,0.0000,2,stagnant,,DocumentAnalysisAgent,
validator_anchored,20260419,362,0.0000,2,stagnant,,DocumentAnalysisAgent,
validator_anchored,20260419,363,0.0000,2,stagnant,,LogParserAgent,
validator_anchored,20260419,364,1.0000,1,complete,,DocumentAnalysisAgent,
validator_anchored,20260419,365,1.0000,2,complete,,DocumentAnalysisAgent,
validator_anchored,20260419,366,1.0000,1,complete,,DocumentAnalysisAgent,
validator_anchored,20260419,367,0.0000,2,stagnant,SchemaAgent,LogParserAgent,0.0000
validator_anchored,20260419,368,0.0000,2,stagnant,QAAgent,DocumentAnalysisAgent,1.0000
validator_anchored,20260419,369,0.0000,2,stagnant,DocumentAnalysisAgent,DocumentAnalysisAgent,0.0000
validator_anchored,20260419,370,0.0000,2,stagnant,,DocumentAnalysisAgent,
validator_anchored,20260419,371,0.0000,2,stagnant,,LogParserAgent,
validator_anchored,20260419,372,0.0000,2,stagnant,DocumentAnalysisAgent,DocumentAnalysisAgent,0.0000
validator_anchored,20260419,373,0.0000,2,stagnant,ValidatorAgent,DocumentAnalysisAgent,1.0000
validator_anchored,20260419,374,0.0000,2,stagnant,DocumentAnalysisAgent,DocumentAnalysisAgent,0.0000
validator_anchored,20260419,375,1.0000,2,complete,,DocumentAnalysisAgent,
validator_anchored,20260419,376,0.0000,2,stagnant,,DocumentAnalysisAgent,
validator_anchored,20260419,377,1.0000,1,complete,,DocumentAnalysisAgent,
validator_anchored,20260419,378,0.0000,2,stagnant,ValidatorAgent,SchemaAgent,0.0000
validator_anchored,20260419,379,0.0000,2,stagnant,DocumentAnalysisAgent,DocumentAnalysisAgent,0.0000
validator_anchored,20260419,380,1.0000,1,complete,,DocumentAnalysisAgent,
validator_anchored,20260419,381,0.0000,2,stagnant,QAAgent,SchemaAgent,0.0000
validator_anchored,20260419,382,0.0000,2,stagnant,DocumentAnalysisAgent,DocumentAnalysisAgent,0.0000
validator_anchored,20260419,383,0.0000,2,stagnant,,SchemaAgent,
validator_anchored,20260419,384,1.0000,2,complete,,DocumentAnalysisAgent,
validator_anchored,20260419,385,0.0000,2,stagnant,LogParserAgent,DocumentAnalysisAgent,1.0000
validator_anchored,20260419,386,0.0000,2,stagnant,QAAgent,DocumentAnalysisAgent,1.0000
validator_anchored,20260419,387,1.0000,1,complete,,DocumentAnalysisAgent,
validator_anchored,20260419,388,0.0000,2,stagnant,LogParserAgent,DocumentAnalysisAgent,0.0000
validator_anchored,20260419,389,0.0000,2,stagnant,,DocumentAnalysisAgent,
validator_anchored,20260419,390,0.0000,2,stagnant,SchemaAgent,LogParserAgent,0.0000
validator_anchored,20260419,391,0.0000,2,stagnant,,DocumentAnalysisAgent,
validator_anchored,20260419,392,1.0000,1,complete,,DocumentAnalysisAgent,
validator_anchored,20260419,393,1.0000,1,complete,,DocumentAnalysisAgent,
validator_anchored,20260419,394,0.0000,2,stagnant,LogParserAgent,LogParserAgent,0.0000
validator_anchored,20260419,395,0.0000,2,stagnant,,DocumentAnalysisAgent,
validator_anchored,20260419,396,0.0000,2,stagnant,QAAgent,SchemaAgent,0.0000
validator_anchored,20260419,397,1.0000,1,complete,,DocumentAnalysisAgent,
validator_anchored,20260419,398,0.0000,2,stagnant,,SchemaAgent,
validator_anchored,20260419,399,0.0000,2,stagnant,SchemaAgent,DocumentAnalysisAgent,1.0000
validator_anchored,20260420,0,0.0000,2,stagnant,QAAgent,DocumentAnalysisAgent,1.0000
validator_anchored,20260420,1,0.0000,2,stagnant,,SchemaAgent,
validator_anchored,20260420,2,0.0000,2,stagnant,,DocumentAnalysisAgent,
validator_anchored,20260420,3,0.0000,2,stagnant,QAAgent,SchemaAgent,0.0000
validator_anchored,20260420,4,0.0000,2,stagnant,ValidatorAgent,SchemaAgent,0.0000
validator_anchored,20260420,5,0.0000,2,stagnant,,DocumentAnalysisAgent,
validator_anchored,20260420,6,0.0000,2,stagnant,,LogParserAgent,
validator_anchored,20260420,7,0.0000,2,stagnant,BuilderAgent,LogParserAgent,0.0000
validator_anchored,20260420,8,0.0000,2,stagnant,SchemaAgent,DocumentAnalysisAgent,0.0000
validator_anchored,20260420,9,0.0000,2,stagnant,,DocumentAnalysisAgent,
validator_anchored,20260420,10,0.0000,2,stagnant,,DocumentAnalysisAgent,
validator_anchored,20260420,11,0.0000,2,stagnant,QAAgent,LogParserAgent,1.0000
validator_anchored,20260420,12,0.0000,2,stagnant,,DocumentAnalysisAgent,
validator_anchored,20260420,13,0.0000,2,stagnant,,DocumentAnalysisAgent,
validator_anchored,20260420,14,0.0000,2,stagnant,QAAgent,DocumentAnalysisAgent,1.0000
validator_anchored,20260420,15,0.0000,2,stagnant,ValidatorAgent,SchemaAgent,0.0000
validator_anchored,20260420,16,1.0000,2,complete,,DocumentAnalysisAgent,
validator_anchored,20260420,17,0.0000,2,stagnant,QAAgent,DocumentAnalysisAgent,1.0000
validator_anchored,20260420,18,0.0000,2,stagnant,,LogParserAgent,
validator_anchored,20260420,19,1.0000,1,complete,,DocumentAnalysisAgent,
validator_anchored,20260420,20,0.0000,2,stagnant,,SchemaAgent,
validator_anchored,20260420,21,0.0000,2,stagnant,LogParserAgent,LogParserAgent,0.0000
validator_anchored,20260420,22,1.0000,2,complete,SchemaAgent,DocumentAnalysisAgent,1.0000
validator_anchored,20260420,23,0.0000,2,stagnant,BuilderAgent,DocumentAnalysisAgent,0.0000
validator_anchored,20260420,24,1.0000,2,complete,,DocumentAnalysisAgent,
validator_anchored,20260420,25,1.0000,1,complete,,DocumentAnalysisAgent,
validator_anchored,20260420,26,0.0000,2,stagnant,DocumentAnalysisAgent,DocumentAnalysisAgent,0.0000
validator_anchored,20260420,27,0.0000,2,stagnant,,DocumentAnalysisAgent,
validator_anchored,20260420,28,0.0000,2,stagnant,ValidatorAgent,SchemaAgent,0.0000
validator_anchored,20260420,29,0.0000,2,stagnant,DocumentAnalysisAgent,DocumentAnalysisAgent,0.0000
validator_anchored,20260420,30,0.0000,2,stagnant,BuilderAgent,DocumentAnalysisAgent,1.0000
validator_anchored,20260420,31,0.0000,2,stagnant,,DocumentAnalysisAgent,
validator_anchored,20260420,32,0.0000,2,stagnant,QAAgent,LogParserAgent,1.0000
validator_anchored,20260420,33,0.0000,2,stagnant,,DocumentAnalysisAgent,
validator_anchored,20260420,34,1.0000,2,complete,,DocumentAnalysisAgent,
validator_anchored,20260420,35,0.0000,2,stagnant,DocumentAnalysisAgent,DocumentAnalysisAgent,0.0000
validator_anchored,20260420,36,0.0000,2,stagnant,LogParserAgent,LogParserAgent,0.0000
validator_anchored,20260420,37,0.0000,2,stagnant,ValidatorAgent,LogParserAgent,0.0000
validator_anchored,20260420,38,1.0000,1,complete,,DocumentAnalysisAgent,
validator_anchored,20260420,39,0.0000,2,stagnant,ValidatorAgent,DocumentAnalysisAgent,0.0000
validator_anchored,20260420,40,0.0000,2,stagnant,DocumentAnalysisAgent,DocumentAnalysisAgent,0.0000
validator_anchored,20260420,41,0.0000,2,stagnant,,DocumentAnalysisAgent,
validator_anchored,20260420,42,0.0000,2,stagnant,,DocumentAnalysisAgent,
validator_anchored,20260420,43,0.0000,2,stagnant,DocumentAnalysisAgent,DocumentAnalysisAgent,0.0000
validator_anchored,20260420,44,0.0000,2,stagnant,,LogParserAgent,
validator_anchored,20260420,45,0.0000,2,stagnant,,LogParserAgent,
validator_anchored,20260420,46,0.0000,2,stagnant,DocumentAnalysisAgent,DocumentAnalysisAgent,0.0000
validator_anchored,20260420,47,0.0000,2,stagnant,,LogParserAgent,
validator_anchored,20260420,48,0.0000,2,stagnant,,SchemaAgent,
validator_anchored,20260420,49,0.0000,2,stagnant,ValidatorAgent,SchemaAgent,0.0000
validator_anchored,20260420,50,0.0000,2,stagnant,ValidatorAgent,DocumentAnalysisAgent,1.0000
validator_anchored,20260420,51,1.0000,1,complete,,DocumentAnalysisAgent,
validator_anchored,20260420,52,0.0000,2,stagnant,,DocumentAnalysisAgent,
validator_anchored,20260420,53,0.0000,2,stagnant,,LogParserAgent,
validator_anchored,20260420,54,0.0000,2,stagnant,QAAgent,SchemaAgent,0.0000
validator_anchored,20260420,55,0.0000,2,stagnant,DocumentAnalysisAgent,DocumentAnalysisAgent,0.0000
validator_anchored,20260420,56,0.0000,2,stagnant,,LogParserAgent,
validator_anchored,20260420,57,0.0000,2,stagnant,ValidatorAgent,SchemaAgent,0.0000
validator_anchored,20260420,58,1.0000,2,complete,,DocumentAnalysisAgent,
validator_anchored,20260420,59,0.0000,2,stagnant,,SchemaAgent,
validator_anchored,20260420,60,0.0000,2,stagnant,QAAgent,DocumentAnalysisAgent,1.0000
validator_anchored,20260420,61,0.0000,2,stagnant,DocumentAnalysisAgent,DocumentAnalysisAgent,0.0000
validator_anchored,20260420,62,0.0000,2,stagnant,,LogParserAgent,
validator_anchored,20260420,63,1.0000,2,complete,,DocumentAnalysisAgent,
validator_anchored,20260420,64,1.0000,1,complete,,DocumentAnalysisAgent,
validator_anchored,20260420,65,0.0000,2,stagnant,DocumentAnalysisAgent,DocumentAnalysisAgent,0.0000
validator_anchored,20260420,66,0.0000,2,stagnant,,DocumentAnalysisAgent,
validator_anchored,20260420,67,1.0000,2,complete,,DocumentAnalysisAgent,
validator_anchored,20260420,68,1.0000,2,complete,,DocumentAnalysisAgent,
validator_anchored,20260420,69,1.0000,1,complete,,DocumentAnalysisAgent,
validator_anchored,20260420,70,0.0000,2,stagnant,DocumentAnalysisAgent,DocumentAnalysisAgent,0.0000
validator_anchored,20260420,71,0.0000,2,stagnant,QAAgent,DocumentAnalysisAgent,1.0000
validator_anchored,20260420,72,0.0000,2,stagnant,QAAgent,DocumentAnalysisAgent,1.0000
validator_anchored,20260420,73,0.0000,2,stagnant,,DocumentAnalysisAgent,
validator_anchored,20260420,74,0.0000,2,stagnant,BuilderAgent,DocumentAnalysisAgent,0.0000
validator_anchored,20260420,75,0.0000,2,stagnant,,DocumentAnalysisAgent,
validator_anchored,20260420,76,0.0000,2,stagnant,,DocumentAnalysisAgent,
validator_anchored,20260420,77,0.0000,2,stagnant,QAAgent,SchemaAgent,0.0000
validator_anchored,20260420,78,0.0000,2,stagnant,ValidatorAgent,LogParserAgent,0.0000
validator_anchored,20260420,79,0.0000,2,stagnant,ValidatorAgent,LogParserAgent,0.0000
validator_anchored,20260420,80,0.0000,2,stagnant,,DocumentAnalysisAgent,
validator_anchored,20260420,81,0.0000,2,stagnant,DocumentAnalysisAgent,DocumentAnalysisAgent,0.0000
validator_anchored,20260420,82,1.0000,1,complete,,DocumentAnalysisAgent,
validator_anchored,20260420,83,1.0000,2,complete,,DocumentAnalysisAgent,
validator_anchored,20260420,84,1.0000,2,complete,,DocumentAnalysisAgent,
validator_anchored,20260420,85,0.0000,2,stagnant,,LogParserAgent,
validator_anchored,20260420,86,0.0000,2,stagnant,SchemaAgent,DocumentAnalysisAgent,1.0000
validator_anchored,20260420,87,1.0000,2,complete,,DocumentAnalysisAgent,
validator_anchored,20260420,88,0.0000,2,stagnant,LogParserAgent,DocumentAnalysisAgent,0.0000
validator_anchored,20260420,89,0.0000,2,stagnant,,DocumentAnalysisAgent,
validator_anchored,20260420,90,0.0000,2,stagnant,QAAgent,DocumentAnalysisAgent,1.0000
validator_anchored,20260420,91,0.0000,2,stagnant,DocumentAnalysisAgent,DocumentAnalysisAgent,1.0000
validator_anchored,20260420,92,0.0000,2,stagnant,BuilderAgent,SchemaAgent,0.0000
validator_anchored,20260420,93,1.0000,1,complete,DocumentAnalysisAgent,DocumentAnalysisAgent,1.0000
validator_anchored,20260420,94,0.0000,2,stagnant,,SchemaAgent,
validator_anchored,20260420,95,1.0000,2,complete,,DocumentAnalysisAgent,
validator_anchored,20260420,96,1.0000,1,complete,,DocumentAnalysisAgent,
validator_anchored,20260420,97,0.0000,2,stagnant,,DocumentAnalysisAgent,
validator_anchored,20260420,98,1.0000,1,complete,,DocumentAnalysisAgent,
validator_anchored,20260420,99,0.0000,2,stagnant,,LogParserAgent,
validator_anchored,20260420,100,1.0000,1,complete,,DocumentAnalysisAgent,
validator_anchored,20260420,101,0.0000,2,stagnant,,DocumentAnalysisAgent,
validator_anchored,20260420,102,1.0000,1,complete,,DocumentAnalysisAgent,
validator_anchored,20260420,103,1.0000,2,complete,,DocumentAnalysisAgent,
validator_anchored,20260420,104,0.0000,2,stagnant,ValidatorAgent,SchemaAgent,0.0000
validator_anchored,20260420,105,0.0000,2,stagnant,,DocumentAnalysisAgent,
validator_anchored,20260420,106,0.0000,2,stagnant,,DocumentAnalysisAgent,
validator_anchored,20260420,107,0.0000,2,stagnant,,DocumentAnalysisAgent,
validator_anchored,20260420,108,0.0000,2,stagnant,,DocumentAnalysisAgent,
validator_anchored,20260420,109,0.0000,2,stagnant,BuilderAgent,SchemaAgent,0.0000
validator_anchored,20260420,110,0.0000,2,stagnant,,SchemaAgent,
validator_anchored,20260420,111,0.0000,2,stagnant,BuilderAgent,DocumentAnalysisAgent,1.0000
validator_anchored,20260420,112,0.0000,2,stagnant,SchemaAgent,SchemaAgent,0.0000
validator_anchored,20260420,113,1.0000,1,complete,,DocumentAnalysisAgent,
validator_anchored,20260420,114,1.0000,2,complete,,DocumentAnalysisAgent,
validator_anchored,20260420,115,1.0000,2,complete,,DocumentAnalysisAgent,
validator_anchored,20260420,116,0.0000,2,stagnant,BuilderAgent,SchemaAgent,0.0000
validator_anchored,20260420,117,1.0000,1,complete,,DocumentAnalysisAgent,
validator_anchored,20260420,118,1.0000,1,complete,,DocumentAnalysisAgent,
validator_anchored,20260420,119,0.0000,2,stagnant,,DocumentAnalysisAgent,
validator_anchored,20260420,120,1.0000,2,complete,,DocumentAnalysisAgent,
validator_anchored,20260420,121,0.0000,2,stagnant,ValidatorAgent,SchemaAgent,0.0000
validator_anchored,20260420,122,1.0000,1,complete,,DocumentAnalysisAgent,
validator_anchored,20260420,123,1.0000,2,complete,,DocumentAnalysisAgent,
validator_anchored,20260420,124,0.0000,2,stagnant,,LogParserAgent,
validator_anchored,20260420,125,0.0000,2,stagnant,SchemaAgent,SchemaAgent,0.0000
validator_anchored,20260420,126,0.0000,2,stagnant,,LogParserAgent,
validator_anchored,20260420,127,0.0000,2,stagnant,ValidatorAgent,SchemaAgent,0.0000
validator_anchored,20260420,128,0.0000,2,stagnant,,DocumentAnalysisAgent,
validator_anchored,20260420,129,1.0000,1,complete,,DocumentAnalysisAgent,
validator_anchored,20260420,130,0.0000,2,stagnant,ValidatorAgent,SchemaAgent,0.0000
validator_anchored,20260420,131,1.0000,2,complete,,DocumentAnalysisAgent,
validator_anchored,20260420,132,0.0000,2,stagnant,,DocumentAnalysisAgent,
validator_anchored,20260420,133,0.0000,2,stagnant,BuilderAgent,SchemaAgent,0.0000
validator_anchored,20260420,134,1.0000,2,complete,,DocumentAnalysisAgent,
validator_anchored,20260420,135,0.0000,2,stagnant,,SchemaAgent,
validator_anchored,20260420,136,1.0000,1,complete,,DocumentAnalysisAgent,
validator_anchored,20260420,137,1.0000,2,complete,,DocumentAnalysisAgent,
validator_anchored,20260420,138,0.0000,2,stagnant,BuilderAgent,DocumentAnalysisAgent,1.0000
validator_anchored,20260420,139,0.0000,2,stagnant,QAAgent,LogParserAgent,1.0000
validator_anchored,20260420,140,0.0000,2,stagnant,,DocumentAnalysisAgent,
validator_anchored,20260420,141,0.0000,2,stagnant,SchemaAgent,DocumentAnalysisAgent,1.0000
validator_anchored,20260420,142,0.0000,2,stagnant,,DocumentAnalysisAgent,
validator_anchored,20260420,143,1.0000,2,complete,,DocumentAnalysisAgent,
validator_anchored,20260420,144,1.0000,2,complete,,DocumentAnalysisAgent,
validator_anchored,20260420,145,1.0000,2,complete,,DocumentAnalysisAgent,
validator_anchored,20260420,146,1.0000,1,complete,,DocumentAnalysisAgent,
validator_anchored,20260420,147,0.0000,2,stagnant,LogParserAgent,DocumentAnalysisAgent,0.0000
validator_anchored,20260420,148,1.0000,1,complete,,DocumentAnalysisAgent,
validator_anchored,20260420,149,0.0000,2,stagnant,,DocumentAnalysisAgent,
validator_anchored,20260420,150,0.0000,2,stagnant,LogParserAgent,LogParserAgent,0.0000
validator_anchored,20260420,151,0.0000,2,stagnant,,DocumentAnalysisAgent,
validator_anchored,20260420,152,0.0000,2,stagnant,,SchemaAgent,
validator_anchored,20260420,153,0.0000,2,stagnant,,SchemaAgent,
validator_anchored,20260420,154,0.0000,2,stagnant,BuilderAgent,SchemaAgent,0.0000
validator_anchored,20260420,155,0.0000,2,stagnant,,SchemaAgent,
validator_anchored,20260420,156,0.0000,2,stagnant,QAAgent,DocumentAnalysisAgent,1.0000
validator_anchored,20260420,157,1.0000,1,complete,,DocumentAnalysisAgent,
validator_anchored,20260420,158,0.0000,2,stagnant,,LogParserAgent,
validator_anchored,20260420,159,0.0000,2,stagnant,LogParserAgent,LogParserAgent,0.0000
validator_anchored,20260420,160,0.0000,2,stagnant,,LogParserAgent,
validator_anchored,20260420,161,0.0000,2,stagnant,,DocumentAnalysisAgent,
validator_anchored,20260420,162,0.0000,2,stagnant,,DocumentAnalysisAgent,
validator_anchored,20260420,163,0.0000,2,stagnant,,SchemaAgent,
validator_anchored,20260420,164,1.0000,1,complete,,DocumentAnalysisAgent,
validator_anchored,20260420,165,0.0000,2,stagnant,LogParserAgent,LogParserAgent,0.0000
validator_anchored,20260420,166,0.0000,2,stagnant,SchemaAgent,SchemaAgent,0.0000
validator_anchored,20260420,167,0.0000,2,stagnant,,DocumentAnalysisAgent,
validator_anchored,20260420,168,0.0000,2,stagnant,,DocumentAnalysisAgent,
validator_anchored,20260420,169,0.0000,2,stagnant,SchemaAgent,DocumentAnalysisAgent,1.0000
validator_anchored,20260420,170,0.0000,2,stagnant,DocumentAnalysisAgent,DocumentAnalysisAgent,0.0000
validator_anchored,20260420,171,1.0000,1,complete,,DocumentAnalysisAgent,
validator_anchored,20260420,172,0.0000,2,stagnant,,SchemaAgent,
validator_anchored,20260420,173,0.0000,2,stagnant,,SchemaAgent,
validator_anchored,20260420,174,0.0000,2,stagnant,,SchemaAgent,
validator_anchored,20260420,175,0.0000,2,stagnant,,DocumentAnalysisAgent,
validator_anchored,20260420,176,0.0000,2,stagnant,,DocumentAnalysisAgent,
validator_anchored,20260420,177,0.0000,2,stagnant,,SchemaAgent,
validator_anchored,20260420,178,0.0000,2,stagnant,BuilderAgent,LogParserAgent,1.0000
validator_anchored,20260420,179,0.0000,2,stagnant,ValidatorAgent,SchemaAgent,0.0000
validator_anchored,20260420,180,0.0000,2,stagnant,,DocumentAnalysisAgent,
validator_anchored,20260420,181,0.0000,2,stagnant,,DocumentAnalysisAgent,
validator_anchored,20260420,182,1.0000,2,complete,,DocumentAnalysisAgent,
validator_anchored,20260420,183,1.0000,2,complete,,DocumentAnalysisAgent,
validator_anchored,20260420,184,0.0000,2,stagnant,,DocumentAnalysisAgent,
validator_anchored,20260420,185,0.0000,2,stagnant,,LogParserAgent,
validator_anchored,20260420,186,1.0000,1,complete,,DocumentAnalysisAgent,
validator_anchored,20260420,187,0.0000,2,stagnant,,DocumentAnalysisAgent,
validator_anchored,20260420,188,0.0000,2,stagnant,,DocumentAnalysisAgent,
validator_anchored,20260420,189,0.0000,2,stagnant,LogParserAgent,DocumentAnalysisAgent,0.0000
validator_anchored,20260420,190,1.0000,1,complete,,DocumentAnalysisAgent,
validator_anchored,20260420,191,1.0000,1,complete,,DocumentAnalysisAgent,
validator_anchored,20260420,192,1.0000,2,complete,,DocumentAnalysisAgent,
validator_anchored,20260420,193,0.0000,2,stagnant,,SchemaAgent,
validator_anchored,20260420,194,0.0000,2,stagnant,QAAgent,SchemaAgent,0.0000
validator_anchored,20260420,195,0.0000,2,stagnant,,DocumentAnalysisAgent,
validator_anchored,20260420,196,1.0000,2,complete,,DocumentAnalysisAgent,
validator_anchored,20260420,197,0.0000,2,stagnant,,DocumentAnalysisAgent,
validator_anchored,20260420,198,0.0000,2,stagnant,DocumentAnalysisAgent,DocumentAnalysisAgent,0.0000
validator_anchored,20260420,199,1.0000,1,complete,,DocumentAnalysisAgent,
validator_anchored,20260420,200,0.0000,2,stagnant,,LogParserAgent,
validator_anchored,20260420,201,1.0000,1,complete,,DocumentAnalysisAgent,
validator_anchored,20260420,202,0.0000,2,stagnant,,LogParserAgent,
validator_anchored,20260420,203,0.0000,2,stagnant,,DocumentAnalysisAgent,
validator_anchored,20260420,204,0.0000,2,stagnant,QAAgent,DocumentAnalysisAgent,1.0000
validator_anchored,20260420,205,0.0000,2,stagnant,,LogParserAgent,
validator_anchored,20260420,206,0.0000,2,stagnant,SchemaAgent,SchemaAgent,0.0000
validator_anchored,20260420,207,0.0000,2,stagnant,BuilderAgent,LogParserAgent,0.0000
validator_anchored,20260420,208,0.0000,2,stagnant,,DocumentAnalysisAgent,
validator_anchored,20260420,209,1.0000,1,complete,,DocumentAnalysisAgent,
validator_anchored,20260420,210,0.0000,2,stagnant,DocumentAnalysisAgent,DocumentAnalysisAgent,0.0000
validator_anchored,20260420,211,0.0000,2,stagnant,,LogParserAgent,
validator_anchored,20260420,212,0.0000,2,stagnant,BuilderAgent,DocumentAnalysisAgent,1.0000
validator_anchored,20260420,213,0.0000,2,stagnant,,DocumentAnalysisAgent,
validator_anchored,20260420,214,0.0000,2,stagnant,,SchemaAgent,
validator_anchored,20260420,215,0.0000,2,stagnant,SchemaAgent,SchemaAgent,0.0000
validator_anchored,20260420,216,0.0000,2,stagnant,,DocumentAnalysisAgent,
validator_anchored,20260420,217,1.0000,1,complete,,DocumentAnalysisAgent,
validator_anchored,20260420,218,0.0000,2,stagnant,DocumentAnalysisAgent,DocumentAnalysisAgent,0.0000
validator_anchored,20260420,219,0.0000,2,stagnant,LogParserAgent,DocumentAnalysisAgent,1.0000
validator_anchored,20260420,220,0.0000,2,stagnant,,DocumentAnalysisAgent,
validator_anchored,20260420,221,0.0000,2,stagnant,ValidatorAgent,LogParserAgent,0.0000
validator_anchored,20260420,222,0.0000,2,stagnant,,DocumentAnalysisAgent,
validator_anchored,20260420,223,0.0000,2,stagnant,DocumentAnalysisAgent,DocumentAnalysisAgent,0.0000
validator_anchored,20260420,224,0.0000,2,stagnant,,DocumentAnalysisAgent,
validator_anchored,20260420,225,1.0000,2,complete,,DocumentAnalysisAgent,
validator_anchored,20260420,226,0.0000,2,stagnant,LogParserAgent,SchemaAgent,1.0000
validator_anchored,20260420,227,0.0000,2,stagnant,ValidatorAgent,SchemaAgent,0.0000
validator_anchored,20260420,228,0.0000,2,stagnant,QAAgent,SchemaAgent,0.0000
validator_anchored,20260420,229,0.0000,2,stagnant,BuilderAgent,SchemaAgent,0.0000
validator_anchored,20260420,230,0.0000,2,stagnant,,DocumentAnalysisAgent,
validator_anchored,20260420,231,0.0000,2,stagnant,,DocumentAnalysisAgent,
validator_anchored,20260420,232,1.0000,2,complete,,DocumentAnalysisAgent,
validator_anchored,20260420,233,0.0000,2,stagnant,BuilderAgent,SchemaAgent,0.0000
validator_anchored,20260420,234,0.0000,2,stagnant,ValidatorAgent,SchemaAgent,0.0000
validator_anchored,20260420,235,0.0000,2,stagnant,,LogParserAgent,
validator_anchored,20260420,236,0.0000,2,stagnant,QAAgent,LogParserAgent,1.0000
validator_anchored,20260420,237,0.0000,2,stagnant,QAAgent,DocumentAnalysisAgent,1.0000
validator_anchored,20260420,238,0.0000,2,stagnant,,LogParserAgent,
validator_anchored,20260420,239,0.0000,2,stagnant,,DocumentAnalysisAgent,
validator_anchored,20260420,240,0.0000,2,stagnant,,DocumentAnalysisAgent,
validator_anchored,20260420,241,0.0000,2,stagnant,LogParserAgent,DocumentAnalysisAgent,0.0000
validator_anchored,20260420,242,0.0000,2,stagnant,,SchemaAgent,
validator_anchored,20260420,243,0.0000,2,stagnant,SchemaAgent,DocumentAnalysisAgent,1.0000
validator_anchored,20260420,244,0.0000,2,stagnant,,SchemaAgent,
validator_anchored,20260420,245,0.0000,2,stagnant,ValidatorAgent,DocumentAnalysisAgent,0.0000
validator_anchored,20260420,246,1.0000,2,complete,,DocumentAnalysisAgent,
validator_anchored,20260420,247,0.0000,2,stagnant,LogParserAgent,LogParserAgent,0.0000
validator_anchored,20260420,248,1.0000,2,complete,,DocumentAnalysisAgent,
validator_anchored,20260420,249,0.0000,2,stagnant,SchemaAgent,DocumentAnalysisAgent,1.0000
validator_anchored,20260420,250,0.0000,2,stagnant,LogParserAgent,DocumentAnalysisAgent,0.0000
validator_anchored,20260420,251,0.0000,2,stagnant,SchemaAgent,DocumentAnalysisAgent,0.0000
validator_anchored,20260420,252,0.0000,2,stagnant,,LogParserAgent,
validator_anchored,20260420,253,0.0000,2,stagnant,QAAgent,DocumentAnalysisAgent,1.0000
validator_anchored,20260420,254,0.0000,2,stagnant,DocumentAnalysisAgent,DocumentAnalysisAgent,0.0000
validator_anchored,20260420,255,0.0000,2,stagnant,,DocumentAnalysisAgent,
validator_anchored,20260420,256,0.0000,2,stagnant,SchemaAgent,SchemaAgent,0.0000
validator_anchored,20260420,257,0.0000,2,stagnant,,DocumentAnalysisAgent,
validator_anchored,20260420,258,0.0000,2,stagnant,BuilderAgent,DocumentAnalysisAgent,1.0000
validator_anchored,20260420,259,1.0000,2,complete,,DocumentAnalysisAgent,
validator_anchored,20260420,260,0.0000,2,stagnant,QAAgent,SchemaAgent,0.0000
validator_anchored,20260420,261,0.0000,2,stagnant,,DocumentAnalysisAgent,
validator_anchored,20260420,262,1.0000,2,complete,,DocumentAnalysisAgent,
validator_anchored,20260420,263,1.0000,1,complete,,DocumentAnalysisAgent,
validator_anchored,20260420,264,1.0000,1,complete,,DocumentAnalysisAgent,
validator_anchored,20260420,265,0.0000,2,stagnant,DocumentAnalysisAgent,DocumentAnalysisAgent,0.0000
validator_anchored,20260420,266,0.0000,2,stagnant,,DocumentAnalysisAgent,
validator_anchored,20260420,267,0.0000,2,stagnant,,DocumentAnalysisAgent,
validator_anchored,20260420,268,0.0000,2,stagnant,LogParserAgent,LogParserAgent,0.0000
validator_anchored,20260420,269,0.0000,2,stagnant,BuilderAgent,DocumentAnalysisAgent,1.0000
validator_anchored,20260420,270,1.0000,1,complete,,DocumentAnalysisAgent,
validator_anchored,20260420,271,0.0000,2,stagnant,QAAgent,LogParserAgent,0.0000
validator_anchored,20260420,272,1.0000,1,complete,,DocumentAnalysisAgent,
validator_anchored,20260420,273,0.0000,2,stagnant,,LogParserAgent,
validator_anchored,20260420,274,0.0000,2,stagnant,QAAgent,DocumentAnalysisAgent,0.0000
validator_anchored,20260420,275,0.0000,2,stagnant,,DocumentAnalysisAgent,
validator_anchored,20260420,276,1.0000,2,complete,,DocumentAnalysisAgent,
validator_anchored,20260420,277,0.0000,2,stagnant,,DocumentAnalysisAgent,
validator_anchored,20260420,278,0.0000,2,stagnant,QAAgent,DocumentAnalysisAgent,1.0000
validator_anchored,20260420,279,1.0000,1,complete,,DocumentAnalysisAgent,
validator_anchored,20260420,280,0.0000,2,stagnant,,DocumentAnalysisAgent,
validator_anchored,20260420,281,0.0000,2,stagnant,DocumentAnalysisAgent,DocumentAnalysisAgent,0.0000
validator_anchored,20260420,282,0.0000,2,stagnant,,DocumentAnalysisAgent,
validator_anchored,20260420,283,1.0000,2,complete,,DocumentAnalysisAgent,
validator_anchored,20260420,284,0.0000,2,stagnant,DocumentAnalysisAgent,DocumentAnalysisAgent,0.0000
validator_anchored,20260420,285,0.0000,2,stagnant,ValidatorAgent,LogParserAgent,0.0000
validator_anchored,20260420,286,1.0000,1,complete,,DocumentAnalysisAgent,
validator_anchored,20260420,287,0.0000,2,stagnant,SchemaAgent,DocumentAnalysisAgent,0.0000
validator_anchored,20260420,288,0.0000,2,stagnant,,DocumentAnalysisAgent,
validator_anchored,20260420,289,0.0000,2,stagnant,,LogParserAgent,
validator_anchored,20260420,290,0.0000,2,stagnant,ValidatorAgent,LogParserAgent,0.0000
validator_anchored,20260420,291,0.0000,2,stagnant,,SchemaAgent,
validator_anchored,20260420,292,0.0000,2,stagnant,BuilderAgent,LogParserAgent,1.0000
validator_anchored,20260420,293,0.0000,2,stagnant,,DocumentAnalysisAgent,
validator_anchored,20260420,294,0.0000,2,stagnant,,SchemaAgent,
validator_anchored,20260420,295,1.0000,2,complete,,DocumentAnalysisAgent,
validator_anchored,20260420,296,1.0000,1,complete,,DocumentAnalysisAgent,
validator_anchored,20260420,297,1.0000,1,complete,,DocumentAnalysisAgent,
validator_anchored,20260420,298,1.0000,1,complete,,DocumentAnalysisAgent,
validator_anchored,20260420,299,0.0000,2,stagnant,,SchemaAgent,
validator_anchored,20260420,300,0.0000,2,stagnant,,LogParserAgent,
validator_anchored,20260420,301,0.0000,2,stagnant,SchemaAgent,DocumentAnalysisAgent,1.0000
validator_anchored,20260420,302,0.0000,2,stagnant,,SchemaAgent,
validator_anchored,20260420,303,0.0000,2,stagnant,,DocumentAnalysisAgent,
validator_anchored,20260420,304,0.0000,2,stagnant,BuilderAgent,DocumentAnalysisAgent,0.0000
validator_anchored,20260420,305,0.0000,2,stagnant,,SchemaAgent,
validator_anchored,20260420,306,0.0000,2,stagnant,LogParserAgent,LogParserAgent,0.0000
validator_anchored,20260420,307,0.0000,2,stagnant,,SchemaAgent,
validator_anchored,20260420,308,0.0000,2,stagnant,,DocumentAnalysisAgent,
validator_anchored,20260420,309,1.0000,2,complete,,DocumentAnalysisAgent,
validator_anchored,20260420,310,0.0000,2,stagnant,DocumentAnalysisAgent,DocumentAnalysisAgent,0.0000
validator_anchored,20260420,311,0.0000,2,stagnant,,LogParserAgent,
validator_anchored,20260420,312,0.0000,2,stagnant,,DocumentAnalysisAgent,
validator_anchored,20260420,313,0.0000,2,stagnant,QAAgent,SchemaAgent,0.0000
validator_anchored,20260420,314,0.0000,2,stagnant,LogParserAgent,LogParserAgent,0.0000
validator_anchored,20260420,315,0.0000,2,stagnant,,DocumentAnalysisAgent,
validator_anchored,20260420,316,1.0000,1,complete,,DocumentAnalysisAgent,
validator_anchored,20260420,317,0.0000,2,stagnant,ValidatorAgent,DocumentAnalysisAgent,1.0000
validator_anchored,20260420,318,0.0000,2,stagnant,DocumentAnalysisAgent,DocumentAnalysisAgent,0.0000
validator_anchored,20260420,319,1.0000,2,complete,BuilderAgent,DocumentAnalysisAgent,1.0000
validator_anchored,20260420,320,1.0000,2,complete,,DocumentAnalysisAgent,
validator_anchored,20260420,321,0.0000,2,stagnant,,SchemaAgent,
validator_anchored,20260420,322,0.0000,2,stagnant,DocumentAnalysisAgent,DocumentAnalysisAgent,0.0000
validator_anchored,20260420,323,0.0000,2,stagnant,SchemaAgent,SchemaAgent,0.0000
validator_anchored,20260420,324,0.0000,2,stagnant,BuilderAgent,DocumentAnalysisAgent,1.0000
validator_anchored,20260420,325,0.0000,2,stagnant,,SchemaAgent,
validator_anchored,20260420,326,0.0000,2,stagnant,SchemaAgent,LogParserAgent,1.0000
validator_anchored,20260420,327,0.0000,2,stagnant,SchemaAgent,LogParserAgent,1.0000
validator_anchored,20260420,328,0.0000,2,stagnant,,DocumentAnalysisAgent,
validator_anchored,20260420,329,0.0000,2,stagnant,ValidatorAgent,SchemaAgent,0.0000
validator_anchored,20260420,330,0.0000,2,stagnant,,LogParserAgent,
validator_anchored,20260420,331,0.0000,2,stagnant,,DocumentAnalysisAgent,
validator_anchored,20260420,332,0.0000,2,stagnant,,DocumentAnalysisAgent,
validator_anchored,20260420,333,0.0000,2,stagnant,QAAgent,SchemaAgent,0.0000
validator_anchored,20260420,334,0.0000,2,stagnant,ValidatorAgent,SchemaAgent,0.0000
validator_anchored,20260420,335,0.0000,2,stagnant,QAAgent,SchemaAgent,0.0000
validator_anchored,20260420,336,0.0000,2,stagnant,,SchemaAgent,
validator_anchored,20260420,337,0.0000,2,stagnant,,SchemaAgent,
validator_anchored,20260420,338,0.0000,2,stagnant,,SchemaAgent,
validator_anchored,20260420,339,0.0000,2,stagnant,SchemaAgent,DocumentAnalysisAgent,1.0000
validator_anchored,20260420,340,0.0000,2,stagnant,SchemaAgent,DocumentAnalysisAgent,1.0000
validator_anchored,20260420,341,0.0000,2,stagnant,,DocumentAnalysisAgent,
validator_anchored,20260420,342,0.0000,2,stagnant,DocumentAnalysisAgent,DocumentAnalysisAgent,0.0000
validator_anchored,20260420,343,0.0000,2,stagnant,,DocumentAnalysisAgent,
validator_anchored,20260420,344,1.0000,2,complete,,DocumentAnalysisAgent,
validator_anchored,20260420,345,1.0000,2,complete,,DocumentAnalysisAgent,
validator_anchored,20260420,346,1.0000,2,complete,,DocumentAnalysisAgent,
validator_anchored,20260420,347,0.0000,2,stagnant,SchemaAgent,DocumentAnalysisAgent,1.0000
validator_anchored,20260420,348,1.0000,1,complete,,DocumentAnalysisAgent,
validator_anchored,20260420,349,0.0000,2,stagnant,,DocumentAnalysisAgent,
validator_anchored,20260420,350,0.0000,2,stagnant,LogParserAgent,LogParserAgent,0.0000
validator_anchored,20260420,351,0.0000,2,stagnant,ValidatorAgent,SchemaAgent,0.0000
validator_anchored,20260420,352,0.0000,2,stagnant,QAAgent,LogParserAgent,1.0000
validator_anchored,20260420,353,0.0000,2,stagnant,LogParserAgent,LogParserAgent,0.0000
validator_anchored,20260420,354,0.0000,2,stagnant,,SchemaAgent,
validator_anchored,20260420,355,1.0000,1,complete,,DocumentAnalysisAgent,
validator_anchored,20260420,356,0.0000,2,stagnant,,DocumentAnalysisAgent,
validator_anchored,20260420,357,1.0000,2,complete,,DocumentAnalysisAgent,
validator_anchored,20260420,358,0.0000,2,stagnant,,DocumentAnalysisAgent,
validator_anchored,20260420,359,1.0000,2,complete,,DocumentAnalysisAgent,
validator_anchored,20260420,360,0.0000,2,stagnant,ValidatorAgent,LogParserAgent,0.0000
validator_anchored,20260420,361,0.0000,2,stagnant,BuilderAgent,SchemaAgent,0.0000
validator_anchored,20260420,362,0.0000,2,stagnant,DocumentAnalysisAgent,DocumentAnalysisAgent,0.0000
validator_anchored,20260420,363,0.0000,2,stagnant,,DocumentAnalysisAgent,
validator_anchored,20260420,364,0.0000,2,stagnant,,DocumentAnalysisAgent,
validator_anchored,20260420,365,1.0000,1,complete,,DocumentAnalysisAgent,
validator_anchored,20260420,366,0.0000,2,stagnant,,DocumentAnalysisAgent,
validator_anchored,20260420,367,0.0000,2,stagnant,DocumentAnalysisAgent,DocumentAnalysisAgent,0.0000
validator_anchored,20260420,368,0.0000,2,stagnant,DocumentAnalysisAgent,DocumentAnalysisAgent,0.0000
validator_anchored,20260420,369,0.0000,2,stagnant,LogParserAgent,DocumentAnalysisAgent,1.0000
validator_anchored,20260420,370,1.0000,1,complete,,DocumentAnalysisAgent,
validator_anchored,20260420,371,1.0000,2,complete,,DocumentAnalysisAgent,
validator_anchored,20260420,372,0.0000,2,stagnant,,DocumentAnalysisAgent,
validator_anchored,20260420,373,0.0000,2,stagnant,DocumentAnalysisAgent,DocumentAnalysisAgent,0.0000
validator_anchored,20260420,374,1.0000,2,complete,,DocumentAnalysisAgent,
validator_anchored,20260420,375,0.0000,2,stagnant,,SchemaAgent,
validator_anchored,20260420,376,0.0000,2,stagnant,SchemaAgent,DocumentAnalysisAgent,1.0000
validator_anchored,20260420,377,0.0000,2,stagnant,,SchemaAgent,
validator_anchored,20260420,378,1.0000,1,complete,,DocumentAnalysisAgent,
validator_anchored,20260420,379,0.0000,2,stagnant,DocumentAnalysisAgent,DocumentAnalysisAgent,0.0000
validator_anchored,20260420,380,0.0000,2,stagnant,,LogParserAgent,
validator_anchored,20260420,381,0.0000,2,stagnant,BuilderAgent,SchemaAgent,0.0000
validator_anchored,20260420,382,1.0000,2,complete,,DocumentAnalysisAgent,
validator_anchored,20260420,383,0.0000,2,stagnant,ValidatorAgent,SchemaAgent,0.0000
validator_anchored,20260420,384,1.0000,1,complete,,DocumentAnalysisAgent,
validator_anchored,20260420,385,0.0000,2,stagnant,LogParserAgent,LogParserAgent,0.0000
validator_anchored,20260420,386,0.0000,2,stagnant,,DocumentAnalysisAgent,
validator_anchored,20260420,387,1.0000,1,complete,,DocumentAnalysisAgent,
validator_anchored,20260420,388,0.0000,2,stagnant,QAAgent,DocumentAnalysisAgent,1.0000
validator_anchored,20260420,389,1.0000,2,complete,,DocumentAnalysisAgent,
validator_anchored,20260420,390,0.0000,2,stagnant,,DocumentAnalysisAgent,
validator_anchored,20260420,391,0.0000,2,stagnant,,SchemaAgent,
validator_anchored,20260420,392,0.0000,2,stagnant,SchemaAgent,DocumentAnalysisAgent,1.0000
validator_anchored,20260420,393,0.0000,2,stagnant,,SchemaAgent,
validator_anchored,20260420,394,1.0000,1,complete,,DocumentAnalysisAgent,
validator_anchored,20260420,395,0.0000,2,stagnant,,DocumentAnalysisAgent,
validator_anchored,20260420,396,0.0000,2,stagnant,,DocumentAnalysisAgent,
validator_anchored,20260420,397,1.0000,1,complete,,DocumentAnalysisAgent,
validator_anchored,20260420,398,0.0000,2,stagnant,,SchemaAgent,
validator_anchored,20260420,399,0.0000,2,stagnant,,DocumentAnalysisAgent,
validator_anchored,20260421,0,1.0000,1,complete,,DocumentAnalysisAgent,
validator_anchored,20260421,1,0.0000,2,stagnant,,LogParserAgent,
validator_anchored,20260421,2,0.0000,2,stagnant,,LogParserAgent,
validator_anchored,20260421,3,0.0000,2,stagnant,,SchemaAgent,
validator_anchored,20260421,4,0.0000,2,stagnant,,LogParserAgent,
validator_anchored,20260421,5,0.0000,2,stagnant,DocumentAnalysisAgent,DocumentAnalysisAgent,0.0000
validator_anchored,20260421,6,1.0000,2,complete,,DocumentAnalysisAgent,
validator_anchored,20260421,7,0.0000,2,stagnant,SchemaAgent,DocumentAnalysisAgent,1.0000
validator_anchored,20260421,8,1.0000,1,complete,,DocumentAnalysisAgent,
validator_anchored,20260421,9,1.0000,2,complete,,DocumentAnalysisAgent,
validator_anchored,20260421,10,0.0000,2,stagnant,BuilderAgent,DocumentAnalysisAgent,0.0000
validator_anchored,20260421,11,0.0000,2,stagnant,,SchemaAgent,
validator_anchored,20260421,12,0.0000,2,stagnant,SchemaAgent,SchemaAgent,0.0000
validator_anchored,20260421,13,0.0000,2,stagnant,,LogParserAgent,
validator_anchored,20260421,14,0.0000,2,stagnant,,SchemaAgent,
validator_anchored,20260421,15,0.0000,2,stagnant,,DocumentAnalysisAgent,
validator_anchored,20260421,16,0.0000,2,stagnant,,DocumentAnalysisAgent,
validator_anchored,20260421,17,1.0000,1,complete,,DocumentAnalysisAgent,
validator_anchored,20260421,18,0.0000,2,stagnant,DocumentAnalysisAgent,DocumentAnalysisAgent,0.0000
validator_anchored,20260421,19,0.0000,2,stagnant,,SchemaAgent,
validator_anchored,20260421,20,0.0000,2,stagnant,SchemaAgent,DocumentAnalysisAgent,1.0000
validator_anchored,20260421,21,0.0000,2,stagnant,DocumentAnalysisAgent,DocumentAnalysisAgent,0.0000
validator_anchored,20260421,22,0.0000,2,stagnant,,DocumentAnalysisAgent,
validator_anchored,20260421,23,1.0000,1,complete,,DocumentAnalysisAgent,
validator_anchored,20260421,24,0.0000,2,stagnant,SchemaAgent,DocumentAnalysisAgent,1.0000
validator_anchored,20260421,25,0.0000,2,stagnant,,DocumentAnalysisAgent,
validator_anchored,20260421,26,0.0000,2,stagnant,DocumentAnalysisAgent,DocumentAnalysisAgent,0.0000
validator_anchored,20260421,27,0.0000,2,stagnant,,DocumentAnalysisAgent,
validator_anchored,20260421,28,0.0000,2,stagnant,DocumentAnalysisAgent,DocumentAnalysisAgent,0.0000
validator_anchored,20260421,29,0.0000,2,stagnant,QAAgent,LogParserAgent,1.0000
validator_anchored,20260421,30,0.0000,2,stagnant,SchemaAgent,DocumentAnalysisAgent,1.0000
validator_anchored,20260421,31,0.0000,2,stagnant,,DocumentAnalysisAgent,
validator_anchored,20260421,32,0.0000,2,stagnant,BuilderAgent,DocumentAnalysisAgent,1.0000
validator_anchored,20260421,33,0.0000,2,stagnant,,DocumentAnalysisAgent,
validator_anchored,20260421,34,1.0000,2,complete,,DocumentAnalysisAgent,
validator_anchored,20260421,35,0.0000,2,stagnant,SchemaAgent,SchemaAgent,0.0000
validator_anchored,20260421,36,0.0000,2,stagnant,SchemaAgent,LogParserAgent,1.0000
validator_anchored,20260421,37,0.0000,2,stagnant,,LogParserAgent,
validator_anchored,20260421,38,0.0000,2,stagnant,,DocumentAnalysisAgent,
validator_anchored,20260421,39,0.0000,2,stagnant,DocumentAnalysisAgent,DocumentAnalysisAgent,0.0000
validator_anchored,20260421,40,0.0000,2,stagnant,,SchemaAgent,
validator_anchored,20260421,41,0.0000,2,stagnant,,DocumentAnalysisAgent,
validator_anchored,20260421,42,0.0000,2,stagnant,,DocumentAnalysisAgent,
validator_anchored,20260421,43,0.0000,2,stagnant,,SchemaAgent,
validator_anchored,20260421,44,0.0000,2,stagnant,DocumentAnalysisAgent,DocumentAnalysisAgent,0.0000
validator_anchored,20260421,45,0.0000,2,stagnant,ValidatorAgent,LogParserAgent,0.0000
validator_anchored,20260421,46,0.0000,2,stagnant,QAAgent,DocumentAnalysisAgent,1.0000
validator_anchored,20260421,47,0.0000,2,stagnant,,LogParserAgent,
validator_anchored,20260421,48,0.0000,2,stagnant,,SchemaAgent,
validator_anchored,20260421,49,0.0000,2,stagnant,,DocumentAnalysisAgent,
validator_anchored,20260421,50,0.0000,2,stagnant,SchemaAgent,DocumentAnalysisAgent,1.0000
validator_anchored,20260421,51,0.0000,2,stagnant,,DocumentAnalysisAgent,
validator_anchored,20260421,52,1.0000,1,complete,,DocumentAnalysisAgent,
validator_anchored,20260421,53,0.0000,2,stagnant,,SchemaAgent,
validator_anchored,20260421,54,1.0000,2,complete,,DocumentAnalysisAgent,
validator_anchored,20260421,55,1.0000,1,complete,,DocumentAnalysisAgent,
validator_anchored,20260421,56,0.0000,2,stagnant,QAAgent,LogParserAgent,1.0000
validator_anchored,20260421,57,0.0000,2,stagnant,QAAgent,LogParserAgent,1.0000
validator_anchored,20260421,58,0.0000,2,stagnant,DocumentAnalysisAgent,DocumentAnalysisAgent,0.0000
validator_anchored,20260421,59,0.0000,2,stagnant,DocumentAnalysisAgent,DocumentAnalysisAgent,0.0000
validator_anchored,20260421,60,0.0000,2,stagnant,,LogParserAgent,
validator_anchored,20260421,61,0.0000,2,stagnant,ValidatorAgent,SchemaAgent,0.0000
validator_anchored,20260421,62,0.0000,2,stagnant,QAAgent,DocumentAnalysisAgent,1.0000
validator_anchored,20260421,63,0.0000,2,stagnant,,DocumentAnalysisAgent,
validator_anchored,20260421,64,0.0000,2,stagnant,LogParserAgent,DocumentAnalysisAgent,0.0000
validator_anchored,20260421,65,1.0000,1,complete,,DocumentAnalysisAgent,
validator_anchored,20260421,66,0.0000,2,stagnant,SchemaAgent,DocumentAnalysisAgent,0.0000
validator_anchored,20260421,67,0.0000,2,stagnant,,DocumentAnalysisAgent,
validator_anchored,20260421,68,0.0000,2,stagnant,QAAgent,DocumentAnalysisAgent,0.0000
validator_anchored,20260421,69,0.0000,2,stagnant,,DocumentAnalysisAgent,
validator_anchored,20260421,70,0.0000,2,stagnant,,SchemaAgent,
validator_anchored,20260421,71,0.0000,2,stagnant,,SchemaAgent,
validator_anchored,20260421,72,0.0000,2,stagnant,,DocumentAnalysisAgent,
validator_anchored,20260421,73,0.0000,2,stagnant,,LogParserAgent,
validator_anchored,20260421,74,0.0000,2,stagnant,,DocumentAnalysisAgent,
validator_anchored,20260421,75,0.0000,2,stagnant,ValidatorAgent,LogParserAgent,0.0000
validator_anchored,20260421,76,0.0000,2,stagnant,BuilderAgent,DocumentAnalysisAgent,1.0000
validator_anchored,20260421,77,0.0000,2,stagnant,,LogParserAgent,
validator_anchored,20260421,78,0.0000,2,stagnant,SchemaAgent,DocumentAnalysisAgent,1.0000
validator_anchored,20260421,79,1.0000,2,complete,,DocumentAnalysisAgent,
validator_anchored,20260421,80,1.0000,1,complete,,DocumentAnalysisAgent,
validator_anchored,20260421,81,0.0000,2,stagnant,QAAgent,DocumentAnalysisAgent,0.0000
validator_anchored,20260421,82,0.0000,2,stagnant,,DocumentAnalysisAgent,
validator_anchored,20260421,83,0.0000,2,stagnant,LogParserAgent,LogParserAgent,0.0000
validator_anchored,20260421,84,0.0000,2,stagnant,,LogParserAgent,
validator_anchored,20260421,85,0.0000,2,stagnant,,DocumentAnalysisAgent,
validator_anchored,20260421,86,1.0000,1,complete,,DocumentAnalysisAgent,
validator_anchored,20260421,87,0.0000,2,stagnant,,LogParserAgent,
validator_anchored,20260421,88,0.0000,2,stagnant,QAAgent,DocumentAnalysisAgent,1.0000
validator_anchored,20260421,89,1.0000,1,complete,,DocumentAnalysisAgent,
validator_anchored,20260421,90,0.0000,2,stagnant,SchemaAgent,DocumentAnalysisAgent,1.0000
validator_anchored,20260421,91,0.0000,2,stagnant,,DocumentAnalysisAgent,
validator_anchored,20260421,92,0.0000,2,stagnant,,SchemaAgent,
validator_anchored,20260421,93,0.0000,2,stagnant,SchemaAgent,DocumentAnalysisAgent,1.0000
validator_anchored,20260421,94,0.0000,2,stagnant,,LogParserAgent,
validator_anchored,20260421,95,0.0000,2,stagnant,,LogParserAgent,
validator_anchored,20260421,96,0.0000,2,stagnant,,DocumentAnalysisAgent,
validator_anchored,20260421,97,0.0000,2,stagnant,,DocumentAnalysisAgent,
validator_anchored,20260421,98,0.0000,2,stagnant,QAAgent,SchemaAgent,0.0000
validator_anchored,20260421,99,0.0000,2,stagnant,LogParserAgent,LogParserAgent,0.0000
validator_anchored,20260421,100,0.0000,2,stagnant,,DocumentAnalysisAgent,
validator_anchored,20260421,101,0.0000,2,stagnant,DocumentAnalysisAgent,DocumentAnalysisAgent,0.0000
validator_anchored,20260421,102,0.0000,2,stagnant,,SchemaAgent,
validator_anchored,20260421,103,0.0000,2,stagnant,,SchemaAgent,
validator_anchored,20260421,104,0.0000,2,stagnant,,LogParserAgent,
validator_anchored,20260421,105,0.0000,2,stagnant,,DocumentAnalysisAgent,
validator_anchored,20260421,106,0.0000,2,stagnant,DocumentAnalysisAgent,DocumentAnalysisAgent,0.0000
validator_anchored,20260421,107,0.0000,2,stagnant,,LogParserAgent,
validator_anchored,20260421,108,0.0000,2,stagnant,,LogParserAgent,
validator_anchored,20260421,109,0.0000,2,stagnant,,DocumentAnalysisAgent,
validator_anchored,20260421,110,0.0000,2,stagnant,,SchemaAgent,
validator_anchored,20260421,111,0.0000,2,stagnant,,LogParserAgent,
validator_anchored,20260421,112,1.0000,2,complete,,DocumentAnalysisAgent,
validator_anchored,20260421,113,0.0000,2,stagnant,LogParserAgent,LogParserAgent,0.0000
validator_anchored,20260421,114,0.0000,2,stagnant,,SchemaAgent,
validator_anchored,20260421,115,0.0000,2,stagnant,,DocumentAnalysisAgent,
validator_anchored,20260421,116,0.0000,2,stagnant,,DocumentAnalysisAgent,
validator_anchored,20260421,117,0.0000,2,stagnant,,DocumentAnalysisAgent,
validator_anchored,20260421,118,1.0000,2,complete,,DocumentAnalysisAgent,
validator_anchored,20260421,119,0.0000,2,stagnant,,DocumentAnalysisAgent,
validator_anchored,20260421,120,0.0000,2,stagnant,BuilderAgent,LogParserAgent,0.0000
validator_anchored,20260421,121,0.0000,2,stagnant,LogParserAgent,DocumentAnalysisAgent,0.0000
validator_anchored,20260421,122,1.0000,2,complete,,DocumentAnalysisAgent,
validator_anchored,20260421,123,0.0000,2,stagnant,LogParserAgent,DocumentAnalysisAgent,0.0000
validator_anchored,20260421,124,0.0000,2,stagnant,,LogParserAgent,
validator_anchored,20260421,125,0.0000,2,stagnant,QAAgent,DocumentAnalysisAgent,1.0000
validator_anchored,20260421,126,0.0000,2,stagnant,BuilderAgent,DocumentAnalysisAgent,1.0000
validator_anchored,20260421,127,1.0000,2,complete,,DocumentAnalysisAgent,
validator_anchored,20260421,128,0.0000,2,stagnant,,LogParserAgent,
validator_anchored,20260421,129,0.0000,2,stagnant,BuilderAgent,LogParserAgent,0.0000
validator_anchored,20260421,130,0.0000,2,stagnant,BuilderAgent,SchemaAgent,0.0000
validator_anchored,20260421,131,1.0000,1,complete,,DocumentAnalysisAgent,
validator_anchored,20260421,132,0.0000,2,stagnant,,DocumentAnalysisAgent,
validator_anchored,20260421,133,1.0000,1,complete,,DocumentAnalysisAgent,
validator_anchored,20260421,134,1.0000,2,complete,,DocumentAnalysisAgent,
validator_anchored,20260421,135,0.0000,2,stagnant,BuilderAgent,SchemaAgent,0.0000
validator_anchored,20260421,136,0.0000,2,stagnant,BuilderAgent,LogParserAgent,1.0000
validator_anchored,20260421,137,1.0000,1,complete,,DocumentAnalysisAgent,
validator_anchored,20260421,138,0.0000,2,stagnant,QAAgent,SchemaAgent,0.0000
validator_anchored,20260421,139,1.0000,1,complete,,DocumentAnalysisAgent,
validator_anchored,20260421,140,0.0000,2,stagnant,ValidatorAgent,SchemaAgent,0.0000
validator_anchored,20260421,141,1.0000,1,complete,,DocumentAnalysisAgent,
validator_anchored,20260421,142,0.0000,2,stagnant,SchemaAgent,DocumentAnalysisAgent,1.0000
validator_anchored,20260421,143,0.0000,2,stagnant,,DocumentAnalysisAgent,
validator_anchored,20260421,144,0.0000,2,stagnant,,LogParserAgent,
validator_anchored,20260421,145,0.0000,2,stagnant,,DocumentAnalysisAgent,
validator_anchored,20260421,146,1.0000,1,complete,,DocumentAnalysisAgent,
validator_anchored,20260421,147,0.0000,2,stagnant,SchemaAgent,LogParserAgent,0.0000
validator_anchored,20260421,148,0.0000,2,stagnant,LogParserAgent,DocumentAnalysisAgent,0.0000
validator_anchored,20260421,149,0.0000,2,stagnant,,DocumentAnalysisAgent,
validator_anchored,20260421,150,0.0000,2,stagnant,SchemaAgent,DocumentAnalysisAgent,1.0000
validator_anchored,20260421,151,0.0000,2,stagnant,BuilderAgent,DocumentAnalysisAgent,1.0000
validator_anchored,20260421,152,0.0000,2,stagnant,,DocumentAnalysisAgent,
validator_anchored,20260421,153,0.0000,2,stagnant,,LogParserAgent,
validator_anchored,20260421,154,0.0000,2,stagnant,SchemaAgent,DocumentAnalysisAgent,1.0000
validator_anchored,20260421,155,0.0000,2,stagnant,,DocumentAnalysisAgent,
validator_anchored,20260421,156,1.0000,2,complete,,DocumentAnalysisAgent,
validator_anchored,20260421,157,1.0000,1,complete,,DocumentAnalysisAgent,
validator_anchored,20260421,158,0.0000,2,stagnant,BuilderAgent,SchemaAgent,0.0000
validator_anchored,20260421,159,0.0000,2,stagnant,,DocumentAnalysisAgent,
validator_anchored,20260421,160,1.0000,1,complete,,DocumentAnalysisAgent,
validator_anchored,20260421,161,1.0000,1,complete,,DocumentAnalysisAgent,
validator_anchored,20260421,162,0.0000,2,stagnant,ValidatorAgent,SchemaAgent,0.0000
validator_anchored,20260421,163,0.0000,2,stagnant,QAAgent,DocumentAnalysisAgent,1.0000
validator_anchored,20260421,164,0.0000,2,stagnant,BuilderAgent,LogParserAgent,0.0000
validator_anchored,20260421,165,0.0000,2,stagnant,,SchemaAgent,
validator_anchored,20260421,166,0.0000,2,stagnant,ValidatorAgent,SchemaAgent,0.0000
validator_anchored,20260421,167,0.0000,2,stagnant,,DocumentAnalysisAgent,
validator_anchored,20260421,168,1.0000,1,complete,,DocumentAnalysisAgent,
validator_anchored,20260421,169,0.0000,2,stagnant,,DocumentAnalysisAgent,
validator_anchored,20260421,170,1.0000,1,complete,,DocumentAnalysisAgent,
validator_anchored,20260421,171,0.0000,2,stagnant,,LogParserAgent,
validator_anchored,20260421,172,0.0000,2,stagnant,DocumentAnalysisAgent,DocumentAnalysisAgent,0.0000
validator_anchored,20260421,173,0.0000,2,stagnant,,SchemaAgent,
validator_anchored,20260421,174,0.0000,2,stagnant,,SchemaAgent,
validator_anchored,20260421,175,0.0000,2,stagnant,SchemaAgent,DocumentAnalysisAgent,1.0000
validator_anchored,20260421,176,0.0000,2,stagnant,QAAgent,DocumentAnalysisAgent,1.0000
validator_anchored,20260421,177,0.0000,2,stagnant,,DocumentAnalysisAgent,
validator_anchored,20260421,178,0.0000,2,stagnant,ValidatorAgent,DocumentAnalysisAgent,0.0000
validator_anchored,20260421,179,1.0000,2,complete,,DocumentAnalysisAgent,
validator_anchored,20260421,180,0.0000,2,stagnant,,SchemaAgent,
validator_anchored,20260421,181,0.0000,2,stagnant,,LogParserAgent,
validator_anchored,20260421,182,1.0000,2,complete,,DocumentAnalysisAgent,
validator_anchored,20260421,183,1.0000,1,complete,,DocumentAnalysisAgent,
validator_anchored,20260421,184,0.0000,2,stagnant,,DocumentAnalysisAgent,
validator_anchored,20260421,185,0.0000,2,stagnant,,LogParserAgent,
validator_anchored,20260421,186,0.0000,2,stagnant,,DocumentAnalysisAgent,
validator_anchored,20260421,187,0.0000,2,stagnant,,DocumentAnalysisAgent,
validator_anchored,20260421,188,0.0000,2,stagnant,,LogParserAgent,
validator_anchored,20260421,189,0.0000,2,stagnant,QAAgent,SchemaAgent,0.0000
validator_anchored,20260421,190,0.0000,2,stagnant,SchemaAgent,DocumentAnalysisAgent,0.0000
validator_anchored,20260421,191,1.0000,2,complete,LogParserAgent,DocumentAnalysisAgent,1.0000
validator_anchored,20260421,192,0.0000,2,stagnant,,DocumentAnalysisAgent,
validator_anchored,20260421,193,0.0000,2,stagnant,DocumentAnalysisAgent,DocumentAnalysisAgent,0.0000
validator_anchored,20260421,194,0.0000,2,stagnant,LogParserAgent,LogParserAgent,0.0000
validator_anchored,20260421,195,0.0000,2,stagnant,SchemaAgent,LogParserAgent,0.0000
validator_anchored,20260421,196,0.0000,2,stagnant,,DocumentAnalysisAgent,
validator_anchored,20260421,197,0.0000,2,stagnant,,DocumentAnalysisAgent,
validator_anchored,20260421,198,0.0000,2,stagnant,SchemaAgent,LogParserAgent,0.0000
validator_anchored,20260421,199,0.0000,2,stagnant,BuilderAgent,LogParserAgent,0.0000
validator_anchored,20260421,200,0.0000,2,stagnant,DocumentAnalysisAgent,DocumentAnalysisAgent,0.0000
validator_anchored,20260421,201,0.0000,2,stagnant,,SchemaAgent,
validator_anchored,20260421,202,0.0000,2,stagnant,SchemaAgent,DocumentAnalysisAgent,0.0000
validator_anchored,20260421,203,0.0000,2,stagnant,,SchemaAgent,
validator_anchored,20260421,204,0.0000,2,stagnant,,DocumentAnalysisAgent,
validator_anchored,20260421,205,0.0000,2,stagnant,,LogParserAgent,
validator_anchored,20260421,206,0.0000,2,stagnant,DocumentAnalysisAgent,DocumentAnalysisAgent,0.0000
validator_anchored,20260421,207,0.0000,2,stagnant,LogParserAgent,LogParserAgent,0.0000
validator_anchored,20260421,208,0.0000,2,stagnant,,DocumentAnalysisAgent,
validator_anchored,20260421,209,1.0000,2,complete,,DocumentAnalysisAgent,
validator_anchored,20260421,210,0.0000,2,stagnant,BuilderAgent,SchemaAgent,0.0000
validator_anchored,20260421,211,0.0000,2,stagnant,ValidatorAgent,SchemaAgent,0.0000
validator_anchored,20260421,212,0.0000,2,stagnant,,LogParserAgent,
validator_anchored,20260421,213,1.0000,1,complete,,DocumentAnalysisAgent,
validator_anchored,20260421,214,0.0000,2,stagnant,,LogParserAgent,
validator_anchored,20260421,215,0.0000,2,stagnant,,DocumentAnalysisAgent,
validator_anchored,20260421,216,0.0000,2,stagnant,,SchemaAgent,
validator_anchored,20260421,217,0.0000,2,stagnant,QAAgent,DocumentAnalysisAgent,1.0000
validator_anchored,20260421,218,0.0000,2,stagnant,ValidatorAgent,SchemaAgent,0.0000
validator_anchored,20260421,219,1.0000,1,complete,,DocumentAnalysisAgent,
validator_anchored,20260421,220,0.0000,2,stagnant,ValidatorAgent,LogParserAgent,0.0000
validator_anchored,20260421,221,0.0000,2,stagnant,QAAgent,DocumentAnalysisAgent,1.0000
validator_anchored,20260421,222,0.0000,2,stagnant,,DocumentAnalysisAgent,
validator_anchored,20260421,223,0.0000,2,stagnant,LogParserAgent,DocumentAnalysisAgent,0.0000
validator_anchored,20260421,224,0.0000,2,stagnant,,DocumentAnalysisAgent,
validator_anchored,20260421,225,0.0000,2,stagnant,BuilderAgent,LogParserAgent,0.0000
validator_anchored,20260421,226,0.0000,2,stagnant,,DocumentAnalysisAgent,
validator_anchored,20260421,227,1.0000,1,complete,,DocumentAnalysisAgent,
validator_anchored,20260421,228,0.0000,2,stagnant,,SchemaAgent,
validator_anchored,20260421,229,1.0000,1,complete,,DocumentAnalysisAgent,
validator_anchored,20260421,230,0.0000,2,stagnant,,LogParserAgent,
validator_anchored,20260421,231,0.0000,2,stagnant,SchemaAgent,LogParserAgent,0.0000
validator_anchored,20260421,232,0.0000,2,stagnant,,SchemaAgent,
validator_anchored,20260421,233,0.0000,2,stagnant,,DocumentAnalysisAgent,
validator_anchored,20260421,234,1.0000,2,complete,,DocumentAnalysisAgent,
validator_anchored,20260421,235,0.0000,2,stagnant,,DocumentAnalysisAgent,
validator_anchored,20260421,236,0.0000,2,stagnant,QAAgent,DocumentAnalysisAgent,1.0000
validator_anchored,20260421,237,1.0000,2,complete,,DocumentAnalysisAgent,
validator_anchored,20260421,238,0.0000,2,stagnant,,DocumentAnalysisAgent,
validator_anchored,20260421,239,1.0000,1,complete,,DocumentAnalysisAgent,
validator_anchored,20260421,240,1.0000,1,complete,,DocumentAnalysisAgent,
validator_anchored,20260421,241,0.0000,2,stagnant,QAAgent,DocumentAnalysisAgent,1.0000
validator_anchored,20260421,242,0.0000,2,stagnant,,DocumentAnalysisAgent,
validator_anchored,20260421,243,1.0000,1,complete,,DocumentAnalysisAgent,
validator_anchored,20260421,244,1.0000,1,complete,,DocumentAnalysisAgent,
validator_anchored,20260421,245,0.0000,2,stagnant,,DocumentAnalysisAgent,
validator_anchored,20260421,246,0.0000,2,stagnant,BuilderAgent,DocumentAnalysisAgent,1.0000
validator_anchored,20260421,247,0.0000,2,stagnant,ValidatorAgent,SchemaAgent,0.0000
validator_anchored,20260421,248,0.0000,2,stagnant,SchemaAgent,DocumentAnalysisAgent,1.0000
validator_anchored,20260421,249,1.0000,2,complete,,DocumentAnalysisAgent,
validator_anchored,20260421,250,0.0000,2,stagnant,,DocumentAnalysisAgent,
validator_anchored,20260421,251,0.0000,2,stagnant,,DocumentAnalysisAgent,
validator_anchored,20260421,252,1.0000,1,complete,,DocumentAnalysisAgent,
validator_anchored,20260421,253,0.0000,2,stagnant,,SchemaAgent,
validator_anchored,20260421,254,0.0000,2,stagnant,LogParserAgent,LogParserAgent,0.0000
validator_anchored,20260421,255,0.0000,2,stagnant,LogParserAgent,LogParserAgent,0.0000
validator_anchored,20260421,256,0.0000,2,stagnant,BuilderAgent,SchemaAgent,0.0000
validator_anchored,20260421,257,0.0000,2,stagnant,QAAgent,DocumentAnalysisAgent,1.0000
validator_anchored,20260421,258,0.0000,2,stagnant,,DocumentAnalysisAgent,
validator_anchored,20260421,259,0.0000,2,stagnant,DocumentAnalysisAgent,DocumentAnalysisAgent,0.0000
validator_anchored,20260421,260,0.0000,2,stagnant,LogParserAgent,LogParserAgent,0.0000
validator_anchored,20260421,261,0.0000,2,stagnant,QAAgent,DocumentAnalysisAgent,1.0000
validator_anchored,20260421,262,0.0000,2,stagnant,,DocumentAnalysisAgent,
validator_anchored,20260421,263,0.0000,2,stagnant,QAAgent,DocumentAnalysisAgent,1.0000
validator_anchored,20260421,264,0.0000,2,stagnant,,LogParserAgent,
validator_anchored,20260421,265,0.0000,2,stagnant,,DocumentAnalysisAgent,
validator_anchored,20260421,266,1.0000,2,complete,,DocumentAnalysisAgent,
validator_anchored,20260421,267,0.0000,2,stagnant,DocumentAnalysisAgent,DocumentAnalysisAgent,0.0000
validator_anchored,20260421,268,0.0000,2,stagnant,DocumentAnalysisAgent,DocumentAnalysisAgent,0.0000
validator_anchored,20260421,269,0.0000,2,stagnant,,DocumentAnalysisAgent,
validator_anchored,20260421,270,1.0000,2,complete,,DocumentAnalysisAgent,
validator_anchored,20260421,271,0.0000,2,stagnant,,DocumentAnalysisAgent,
validator_anchored,20260421,272,0.0000,2,stagnant,,SchemaAgent,
validator_anchored,20260421,273,0.0000,2,stagnant,ValidatorAgent,SchemaAgent,0.0000
validator_anchored,20260421,274,0.0000,2,stagnant,QAAgent,DocumentAnalysisAgent,0.0000
validator_anchored,20260421,275,0.0000,2,stagnant,,DocumentAnalysisAgent,
validator_anchored,20260421,276,0.0000,2,stagnant,ValidatorAgent,SchemaAgent,0.0000
validator_anchored,20260421,277,0.0000,2,stagnant,,SchemaAgent,
validator_anchored,20260421,278,0.0000,2,stagnant,,SchemaAgent,
validator_anchored,20260421,279,0.0000,2,stagnant,LogParserAgent,DocumentAnalysisAgent,0.0000
validator_anchored,20260421,280,0.0000,2,stagnant,BuilderAgent,SchemaAgent,0.0000
validator_anchored,20260421,281,1.0000,2,complete,,DocumentAnalysisAgent,
validator_anchored,20260421,282,0.0000,2,stagnant,,LogParserAgent,
validator_anchored,20260421,283,1.0000,1,complete,,DocumentAnalysisAgent,
validator_anchored,20260421,284,0.0000,2,stagnant,,LogParserAgent,
validator_anchored,20260421,285,0.0000,2,stagnant,,LogParserAgent,
validator_anchored,20260421,286,0.0000,2,stagnant,,LogParserAgent,
validator_anchored,20260421,287,0.0000,2,stagnant,LogParserAgent,DocumentAnalysisAgent,0.0000
validator_anchored,20260421,288,0.0000,2,stagnant,BuilderAgent,DocumentAnalysisAgent,1.0000
validator_anchored,20260421,289,0.0000,2,stagnant,ValidatorAgent,SchemaAgent,0.0000
validator_anchored,20260421,290,0.0000,2,stagnant,SchemaAgent,DocumentAnalysisAgent,1.0000
validator_anchored,20260421,291,0.0000,2,stagnant,,LogParserAgent,
validator_anchored,20260421,292,0.0000,2,stagnant,,SchemaAgent,
validator_anchored,20260421,293,0.0000,2,stagnant,QAAgent,DocumentAnalysisAgent,1.0000
validator_anchored,20260421,294,0.0000,2,stagnant,,LogParserAgent,
validator_anchored,20260421,295,0.0000,2,stagnant,BuilderAgent,DocumentAnalysisAgent,1.0000
validator_anchored,20260421,296,1.0000,2,complete,,DocumentAnalysisAgent,
validator_anchored,20260421,297,0.0000,2,stagnant,ValidatorAgent,DocumentAnalysisAgent,0.0000
validator_anchored,20260421,298,0.0000,2,stagnant,QAAgent,DocumentAnalysisAgent,0.0000
validator_anchored,20260421,299,1.0000,1,complete,,DocumentAnalysisAgent,
validator_anchored,20260421,300,0.0000,2,stagnant,,DocumentAnalysisAgent,
validator_anchored,20260421,301,0.0000,2,stagnant,,DocumentAnalysisAgent,
validator_anchored,20260421,302,0.0000,2,stagnant,,SchemaAgent,
validator_anchored,20260421,303,0.0000,2,stagnant,ValidatorAgent,DocumentAnalysisAgent,0.0000
validator_anchored,20260421,304,0.0000,2,stagnant,SchemaAgent,SchemaAgent,0.0000
validator_anchored,20260421,305,0.0000,2,stagnant,LogParserAgent,LogParserAgent,0.0000
validator_anchored,20260421,306,0.0000,2,stagnant,DocumentAnalysisAgent,DocumentAnalysisAgent,0.0000
validator_anchored,20260421,307,1.0000,1,complete,,DocumentAnalysisAgent,
validator_anchored,20260421,308,0.0000,2,stagnant,BuilderAgent,DocumentAnalysisAgent,1.0000
validator_anchored,20260421,309,0.0000,2,stagnant,LogParserAgent,LogParserAgent,0.0000
validator_anchored,20260421,310,1.0000,2,complete,,DocumentAnalysisAgent,
validator_anchored,20260421,311,0.0000,2,stagnant,SchemaAgent,DocumentAnalysisAgent,0.0000
validator_anchored,20260421,312,0.0000,2,stagnant,BuilderAgent,SchemaAgent,0.0000
validator_anchored,20260421,313,1.0000,1,complete,,DocumentAnalysisAgent,
validator_anchored,20260421,314,0.0000,2,stagnant,SchemaAgent,DocumentAnalysisAgent,1.0000
validator_anchored,20260421,315,0.0000,2,stagnant,,LogParserAgent,
validator_anchored,20260421,316,1.0000,2,complete,ValidatorAgent,DocumentAnalysisAgent,1.0000
validator_anchored,20260421,317,1.0000,1,complete,,DocumentAnalysisAgent,
validator_anchored,20260421,318,0.0000,2,stagnant,ValidatorAgent,SchemaAgent,0.0000
validator_anchored,20260421,319,0.0000,2,stagnant,,LogParserAgent,
validator_anchored,20260421,320,0.0000,2,stagnant,,DocumentAnalysisAgent,
validator_anchored,20260421,321,0.0000,2,stagnant,ValidatorAgent,DocumentAnalysisAgent,0.0000
validator_anchored,20260421,322,0.0000,2,stagnant,QAAgent,DocumentAnalysisAgent,1.0000
validator_anchored,20260421,323,1.0000,1,complete,BuilderAgent,DocumentAnalysisAgent,1.0000
validator_anchored,20260421,324,0.0000,2,stagnant,,SchemaAgent,
validator_anchored,20260421,325,0.0000,2,stagnant,BuilderAgent,SchemaAgent,0.0000
validator_anchored,20260421,326,0.0000,2,stagnant,SchemaAgent,DocumentAnalysisAgent,1.0000
validator_anchored,20260421,327,0.0000,2,stagnant,ValidatorAgent,SchemaAgent,0.0000
validator_anchored,20260421,328,0.0000,2,stagnant,,SchemaAgent,
validator_anchored,20260421,329,1.0000,2,complete,,DocumentAnalysisAgent,
validator_anchored,20260421,330,0.0000,2,stagnant,BuilderAgent,DocumentAnalysisAgent,1.0000
validator_anchored,20260421,331,0.0000,2,stagnant,,DocumentAnalysisAgent,
validator_anchored,20260421,332,0.0000,2,stagnant,DocumentAnalysisAgent,DocumentAnalysisAgent,0.0000
validator_anchored,20260421,333,0.0000,2,stagnant,LogParserAgent,LogParserAgent,0.0000
validator_anchored,20260421,334,0.0000,2,stagnant,LogParserAgent,LogParserAgent,0.0000
validator_anchored,20260421,335,0.0000,2,stagnant,,LogParserAgent,
validator_anchored,20260421,336,0.0000,2,stagnant,LogParserAgent,LogParserAgent,0.0000
validator_anchored,20260421,337,0.0000,2,stagnant,LogParserAgent,DocumentAnalysisAgent,0.0000
validator_anchored,20260421,338,0.0000,2,stagnant,,DocumentAnalysisAgent,
validator_anchored,20260421,339,0.0000,2,stagnant,ValidatorAgent,SchemaAgent,0.0000
validator_anchored,20260421,340,0.0000,2,stagnant,LogParserAgent,LogParserAgent,0.0000
validator_anchored,20260421,341,0.0000,2,stagnant,,LogParserAgent,
validator_anchored,20260421,342,0.0000,2,stagnant,,LogParserAgent,
validator_anchored,20260421,343,1.0000,1,complete,,DocumentAnalysisAgent,
validator_anchored,20260421,344,1.0000,2,complete,,DocumentAnalysisAgent,
validator_anchored,20260421,345,0.0000,2,stagnant,,LogParserAgent,
validator_anchored,20260421,346,0.0000,2,stagnant,BuilderAgent,SchemaAgent,0.0000
validator_anchored,20260421,347,0.0000,2,stagnant,BuilderAgent,DocumentAnalysisAgent,1.0000
validator_anchored,20260421,348,0.0000,2,stagnant,SchemaAgent,DocumentAnalysisAgent,1.0000
validator_anchored,20260421,349,1.0000,1,complete,,DocumentAnalysisAgent,
validator_anchored,20260421,350,0.0000,2,stagnant,,SchemaAgent,
validator_anchored,20260421,351,0.0000,2,stagnant,LogParserAgent,LogParserAgent,0.0000
validator_anchored,20260421,352,0.0000,2,stagnant,QAAgent,DocumentAnalysisAgent,1.0000
validator_anchored,20260421,353,0.0000,2,stagnant,,SchemaAgent,
validator_anchored,20260421,354,0.0000,2,stagnant,SchemaAgent,SchemaAgent,0.0000
validator_anchored,20260421,355,0.0000,2,stagnant,ValidatorAgent,SchemaAgent,0.0000
validator_anchored,20260421,356,0.0000,2,stagnant,DocumentAnalysisAgent,DocumentAnalysisAgent,0.0000
validator_anchored,20260421,357,0.0000,2,stagnant,QAAgent,DocumentAnalysisAgent,1.0000
validator_anchored,20260421,358,0.0000,2,stagnant,,SchemaAgent,
validator_anchored,20260421,359,0.0000,2,stagnant,ValidatorAgent,SchemaAgent,0.0000
validator_anchored,20260421,360,0.0000,2,stagnant,,DocumentAnalysisAgent,
validator_anchored,20260421,361,0.0000,2,stagnant,LogParserAgent,LogParserAgent,0.0000
validator_anchored,20260421,362,0.0000,2,stagnant,SchemaAgent,LogParserAgent,0.0000
validator_anchored,20260421,363,1.0000,2,complete,,DocumentAnalysisAgent,
validator_anchored,20260421,364,0.0000,2,stagnant,ValidatorAgent,SchemaAgent,0.0000
validator_anchored,20260421,365,0.0000,2,stagnant,LogParserAgent,LogParserAgent,0.0000
validator_anchored,20260421,366,0.0000,2,stagnant,,DocumentAnalysisAgent,
validator_anchored,20260421,367,1.0000,2,complete,,DocumentAnalysisAgent,
validator_anchored,20260421,368,0.0000,2,stagnant,,DocumentAnalysisAgent,
validator_anchored,20260421,369,0.0000,2,stagnant,QAAgent,DocumentAnalysisAgent,0.0000
validator_anchored,20260421,370,0.0000,2,stagnant,LogParserAgent,LogParserAgent,0.0000
validator_anchored,20260421,371,0.0000,2,stagnant,,DocumentAnalysisAgent,
validator_anchored,20260421,372,0.0000,2,stagnant,,LogParserAgent,
validator_anchored,20260421,373,1.0000,2,complete,,DocumentAnalysisAgent,
validator_anchored,20260421,374,1.0000,1,complete,,DocumentAnalysisAgent,
validator_anchored,20260421,375,0.0000,2,stagnant,SchemaAgent,SchemaAgent,0.0000
validator_anchored,20260421,376,0.0000,2,stagnant,SchemaAgent,SchemaAgent,0.0000
validator_anchored,20260421,377,0.0000,2,stagnant,,DocumentAnalysisAgent,
validator_anchored,20260421,378,0.0000,2,stagnant,,LogParserAgent,
validator_anchored,20260421,379,0.0000,2,stagnant,,LogParserAgent,
validator_anchored,20260421,380,1.0000,2,complete,,DocumentAnalysisAgent,
validator_anchored,20260421,381,1.0000,2,complete,,DocumentAnalysisAgent,
validator_anchored,20260421,382,0.0000,2,stagnant,,LogParserAgent,
validator_anchored,20260421,383,0.0000,2,stagnant,,DocumentAnalysisAgent,
validator_anchored,20260421,384,1.0000,1,complete,,DocumentAnalysisAgent,
validator_anchored,20260421,385,0.0000,2,stagnant,SchemaAgent,DocumentAnalysisAgent,1.0000
validator_anchored,20260421,386,0.0000,2,stagnant,,DocumentAnalysisAgent,
validator_anchored,20260421,387,0.0000,2,stagnant,,DocumentAnalysisAgent,
validator_anchored,20260421,388,0.0000,2,stagnant,,DocumentAnalysisAgent,
validator_anchored,20260421,389,0.0000,2,stagnant,SchemaAgent,DocumentAnalysisAgent,1.0000
validator_anchored,20260421,390,1.0000,2,complete,,DocumentAnalysisAgent,
validator_anchored,20260421,391,0.0000,2,stagnant,,LogParserAgent,
validator_anchored,20260421,392,0.0000,2,stagnant,,DocumentAnalysisAgent,
validator_anchored,20260421,393,1.0000,1,complete,,DocumentAnalysisAgent,
validator_anchored,20260421,394,1.0000,1,complete,,DocumentAnalysisAgent,
validator_anchored,20260421,395,0.0000,2,stagnant,,DocumentAnalysisAgent,
validator_anchored,20260421,396,0.0000,2,stagnant,SchemaAgent,LogParserAgent,1.0000
validator_anchored,20260421,397,0.0000,2,stagnant,ValidatorAgent,SchemaAgent,0.0000
validator_anchored,20260421,398,1.0000,2,complete,,DocumentAnalysisAgent,
validator_anchored,20260421,399,1.0000,2,complete,,DocumentAnalysisAgent,
iteration_discounted,20260417,0,0.0000,2,stagnant,,LogParserAgent,
iteration_discounted,20260417,1,0.0000,2,stagnant,,DocumentAnalysisAgent,
iteration_discounted,20260417,2,1.0000,1,complete,,DocumentAnalysisAgent,
iteration_discounted,20260417,3,0.0000,2,stagnant,,LogParserAgent,
iteration_discounted,20260417,4,0.0000,2,stagnant,,SchemaAgent,
iteration_discounted,20260417,5,0.0000,2,stagnant,,SchemaAgent,
iteration_discounted,20260417,6,0.0000,2,stagnant,,SchemaAgent,
iteration_discounted,20260417,7,0.0000,2,stagnant,,DocumentAnalysisAgent,
iteration_discounted,20260417,8,0.0000,2,stagnant,LogParserAgent,LogParserAgent,0.0000
iteration_discounted,20260417,9,0.0000,2,stagnant,BuilderAgent,SchemaAgent,0.0000
iteration_discounted,20260417,10,0.0000,2,stagnant,ValidatorAgent,SchemaAgent,0.0000
iteration_discounted,20260417,11,0.0000,2,stagnant,DocumentAnalysisAgent,DocumentAnalysisAgent,0.0000
iteration_discounted,20260417,12,0.0000,2,stagnant,ValidatorAgent,SchemaAgent,0.0000
iteration_discounted,20260417,13,1.0000,1,complete,,DocumentAnalysisAgent,
iteration_discounted,20260417,14,0.0000,2,stagnant,QAAgent,SchemaAgent,0.0000
iteration_discounted,20260417,15,1.0000,1,complete,,DocumentAnalysisAgent,
iteration_discounted,20260417,16,1.0000,2,complete,,SchemaAgent,
iteration_discounted,20260417,17,0.0000,2,stagnant,ValidatorAgent,DocumentAnalysisAgent,0.0000
iteration_discounted,20260417,18,0.0000,2,stagnant,,SchemaAgent,
iteration_discounted,20260417,19,0.0000,2,stagnant,ValidatorAgent,SchemaAgent,0.0000
iteration_discounted,20260417,20,0.0000,2,stagnant,,LogParserAgent,
iteration_discounted,20260417,21,0.0000,2,stagnant,,LogParserAgent,
iteration_discounted,20260417,22,1.0000,2,complete,,LogParserAgent,
iteration_discounted,20260417,23,0.0000,2,stagnant,QAAgent,SchemaAgent,0.0000
iteration_discounted,20260417,24,0.0000,2,stagnant,,DocumentAnalysisAgent,
iteration_discounted,20260417,25,0.0000,2,stagnant,,DocumentAnalysisAgent,
iteration_discounted,20260417,26,0.0000,2,stagnant,,SchemaAgent,
iteration_discounted,20260417,27,0.0000,2,stagnant,,SchemaAgent,
iteration_discounted,20260417,28,0.0000,2,stagnant,LogParserAgent,DocumentAnalysisAgent,0.0000
iteration_discounted,20260417,29,1.0000,2,complete,,DocumentAnalysisAgent,
iteration_discounted,20260417,30,0.0000,2,stagnant,,SchemaAgent,
iteration_discounted,20260417,31,0.0000,2,stagnant,,DocumentAnalysisAgent,
iteration_discounted,20260417,32,0.0000,2,stagnant,,SchemaAgent,
iteration_discounted,20260417,33,0.0000,2,stagnant,,SchemaAgent,
iteration_discounted,20260417,34,0.0000,2,stagnant,,LogParserAgent,
iteration_discounted,20260417,35,1.0000,1,complete,,DocumentAnalysisAgent,
iteration_discounted,20260417,36,0.0000,2,stagnant,,SchemaAgent,
iteration_discounted,20260417,37,0.0000,2,stagnant,SchemaAgent,SchemaAgent,0.0000
iteration_discounted,20260417,38,0.0000,2,stagnant,,SchemaAgent,
iteration_discounted,20260417,39,0.0000,2,stagnant,,DocumentAnalysisAgent,
iteration_discounted,20260417,40,1.0000,1,complete,LogParserAgent,DocumentAnalysisAgent,1.0000
iteration_discounted,20260417,41,0.0000,2,stagnant,,DocumentAnalysisAgent,
iteration_discounted,20260417,42,0.0000,2,stagnant,,SchemaAgent,
iteration_discounted,20260417,43,0.0000,2,stagnant,,SchemaAgent,
iteration_discounted,20260417,44,0.0000,2,stagnant,,SchemaAgent,
iteration_discounted,20260417,45,0.0000,2,stagnant,SchemaAgent,SchemaAgent,0.0000
iteration_discounted,20260417,46,0.0000,2,stagnant,DocumentAnalysisAgent,DocumentAnalysisAgent,0.0000
iteration_discounted,20260417,47,0.0000,2,stagnant,DocumentAnalysisAgent,DocumentAnalysisAgent,0.0000
iteration_discounted,20260417,48,0.0000,2,stagnant,,SchemaAgent,
iteration_discounted,20260417,49,1.0000,1,complete,SchemaAgent,DocumentAnalysisAgent,1.0000
iteration_discounted,20260417,50,0.0000,2,stagnant,QAAgent,SchemaAgent,0.0000
iteration_discounted,20260417,51,0.0000,2,stagnant,LogParserAgent,LogParserAgent,0.0000
iteration_discounted,20260417,52,1.0000,1,complete,LogParserAgent,DocumentAnalysisAgent,1.0000
iteration_discounted,20260417,53,0.0000,2,stagnant,QAAgent,SchemaAgent,0.0000
iteration_discounted,20260417,54,1.0000,1,complete,,DocumentAnalysisAgent,
iteration_discounted,20260417,55,0.0000,2,stagnant,BuilderAgent,LogParserAgent,0.0000
iteration_discounted,20260417,56,0.0000,2,stagnant,LogParserAgent,LogParserAgent,0.0000
iteration_discounted,20260417,57,0.0000,2,stagnant,,SchemaAgent,
iteration_discounted,20260417,58,0.0000,2,stagnant,DocumentAnalysisAgent,DocumentAnalysisAgent,0.0000
iteration_discounted,20260417,59,0.0000,2,stagnant,,SchemaAgent,
iteration_discounted,20260417,60,0.0000,2,stagnant,QAAgent,SchemaAgent,0.0000
iteration_discounted,20260417,61,0.0000,2,stagnant,,SchemaAgent,
iteration_discounted,20260417,62,0.0000,2,stagnant,,SchemaAgent,
iteration_discounted,20260417,63,0.0000,2,stagnant,,LogParserAgent,
iteration_discounted,20260417,64,0.0000,2,stagnant,,SchemaAgent,
iteration_discounted,20260417,65,0.0000,2,stagnant,BuilderAgent,SchemaAgent,0.0000
iteration_discounted,20260417,66,0.0000,2,stagnant,QAAgent,SchemaAgent,0.0000
iteration_discounted,20260417,67,0.0000,2,stagnant,ValidatorAgent,SchemaAgent,0.0000
iteration_discounted,20260417,68,0.0000,2,stagnant,LogParserAgent,LogParserAgent,0.0000
iteration_discounted,20260417,69,0.0000,2,stagnant,LogParserAgent,LogParserAgent,0.0000
iteration_discounted,20260417,70,0.0000,2,stagnant,BuilderAgent,SchemaAgent,0.0000
iteration_discounted,20260417,71,1.0000,1,complete,,DocumentAnalysisAgent,
iteration_discounted,20260417,72,0.0000,2,stagnant,,LogParserAgent,
iteration_discounted,20260417,73,0.0000,2,stagnant,,LogParserAgent,
iteration_discounted,20260417,74,0.0000,2,stagnant,,DocumentAnalysisAgent,
iteration_discounted,20260417,75,0.0000,2,stagnant,,SchemaAgent,
iteration_discounted,20260417,76,0.0000,2,stagnant,LogParserAgent,LogParserAgent,0.0000
iteration_discounted,20260417,77,0.0000,2,stagnant,LogParserAgent,LogParserAgent,0.0000
iteration_discounted,20260417,78,0.0000,2,stagnant,QAAgent,SchemaAgent,0.0000
iteration_discounted,20260417,79,0.0000,2,stagnant,,LogParserAgent,
iteration_discounted,20260417,80,0.0000,2,stagnant,QAAgent,SchemaAgent,0.0000
iteration_discounted,20260417,81,0.0000,2,stagnant,,SchemaAgent,
iteration_discounted,20260417,82,0.0000,2,stagnant,SchemaAgent,SchemaAgent,0.0000
iteration_discounted,20260417,83,0.0000,2,stagnant,,SchemaAgent,
iteration_discounted,20260417,84,0.0000,2,stagnant,,SchemaAgent,
iteration_discounted,20260417,85,0.0000,2,stagnant,,SchemaAgent,
iteration_discounted,20260417,86,1.0000,2,complete,,SchemaAgent,
iteration_discounted,20260417,87,0.0000,2,stagnant,LogParserAgent,LogParserAgent,0.0000
iteration_discounted,20260417,88,1.0000,2,complete,,LogParserAgent,
iteration_discounted,20260417,89,0.0000,2,stagnant,QAAgent,SchemaAgent,0.0000
iteration_discounted,20260417,90,0.0000,2,stagnant,,SchemaAgent,
iteration_discounted,20260417,91,0.0000,2,stagnant,BuilderAgent,SchemaAgent,0.2059
iteration_discounted,20260417,92,0.0000,2,stagnant,ValidatorAgent,LogParserAgent,0.0000
iteration_discounted,20260417,93,0.0000,2,stagnant,,SchemaAgent,
iteration_discounted,20260417,94,0.0000,2,stagnant,LogParserAgent,LogParserAgent,0.0000
iteration_discounted,20260417,95,1.0000,2,complete,,SchemaAgent,
iteration_discounted,20260417,96,0.0000,2,stagnant,QAAgent,SchemaAgent,0.0000
iteration_discounted,20260417,97,0.0000,2,stagnant,ValidatorAgent,SchemaAgent,0.0000
iteration_discounted,20260417,98,1.0000,1,complete,,DocumentAnalysisAgent,
iteration_discounted,20260417,99,1.0000,2,complete,,DocumentAnalysisAgent,
iteration_discounted,20260417,100,0.0000,2,stagnant,QAAgent,SchemaAgent,0.0000
iteration_discounted,20260417,101,0.0000,2,stagnant,SchemaAgent,SchemaAgent,0.0000
iteration_discounted,20260417,102,1.0000,1,complete,,DocumentAnalysisAgent,
iteration_discounted,20260417,103,0.0000,2,stagnant,,LogParserAgent,
iteration_discounted,20260417,104,0.0000,2,stagnant,,SchemaAgent,
iteration_discounted,20260417,105,0.0000,2,stagnant,LogParserAgent,LogParserAgent,0.0000
iteration_discounted,20260417,106,1.0000,1,complete,,DocumentAnalysisAgent,
iteration_discounted,20260417,107,0.0000,2,stagnant,,SchemaAgent,
iteration_discounted,20260417,108,0.0000,2,stagnant,,DocumentAnalysisAgent,
iteration_discounted,20260417,109,0.0000,2,stagnant,BuilderAgent,SchemaAgent,0.0000
iteration_discounted,20260417,110,0.0000,2,stagnant,SchemaAgent,SchemaAgent,0.0000
iteration_discounted,20260417,111,0.0000,2,stagnant,DocumentAnalysisAgent,DocumentAnalysisAgent,0.0000
iteration_discounted,20260417,112,1.0000,2,complete,,SchemaAgent,
iteration_discounted,20260417,113,0.0000,2,stagnant,QAAgent,DocumentAnalysisAgent,0.0000
iteration_discounted,20260417,114,1.0000,2,complete,,DocumentAnalysisAgent,
iteration_discounted,20260417,115,0.0000,2,stagnant,,SchemaAgent,
iteration_discounted,20260417,116,0.0000,2,stagnant,DocumentAnalysisAgent,DocumentAnalysisAgent,0.0000
iteration_discounted,20260417,117,0.0000,2,stagnant,,LogParserAgent,
iteration_discounted,20260417,118,0.0000,2,stagnant,,LogParserAgent,
iteration_discounted,20260417,119,0.0000,2,stagnant,LogParserAgent,LogParserAgent,0.0000
iteration_discounted,20260417,120,0.0000,2,stagnant,SchemaAgent,SchemaAgent,0.0000
iteration_discounted,20260417,121,0.0000,2,stagnant,ValidatorAgent,LogParserAgent,0.0000
iteration_discounted,20260417,122,0.0000,2,stagnant,,DocumentAnalysisAgent,
iteration_discounted,20260417,123,0.0000,2,stagnant,DocumentAnalysisAgent,DocumentAnalysisAgent,0.0000
iteration_discounted,20260417,124,0.0000,2,stagnant,,SchemaAgent,
iteration_discounted,20260417,125,0.0000,2,stagnant,,DocumentAnalysisAgent,
iteration_discounted,20260417,126,0.0000,2,stagnant,SchemaAgent,SchemaAgent,0.0000
iteration_discounted,20260417,127,0.0000,2,stagnant,ValidatorAgent,SchemaAgent,0.0000
iteration_discounted,20260417,128,0.0000,2,stagnant,,LogParserAgent,
iteration_discounted,20260417,129,1.0000,1,complete,,DocumentAnalysisAgent,
iteration_discounted,20260417,130,0.0000,2,stagnant,ValidatorAgent,SchemaAgent,0.0000
iteration_discounted,20260417,131,1.0000,1,complete,,DocumentAnalysisAgent,
iteration_discounted,20260417,132,0.0000,2,stagnant,ValidatorAgent,SchemaAgent,0.0000
iteration_discounted,20260417,133,0.0000,2,stagnant,ValidatorAgent,SchemaAgent,0.0000
iteration_discounted,20260417,134,1.0000,1,complete,,DocumentAnalysisAgent,
iteration_discounted,20260417,135,0.0000,2,stagnant,QAAgent,SchemaAgent,0.0000
iteration_discounted,20260417,136,0.0000,2,stagnant,,DocumentAnalysisAgent,
iteration_discounted,20260417,137,0.0000,2,stagnant,SchemaAgent,SchemaAgent,0.0000
iteration_discounted,20260417,138,0.0000,2,stagnant,,SchemaAgent,
iteration_discounted,20260417,139,0.0000,2,stagnant,,LogParserAgent,
iteration_discounted,20260417,140,1.0000,2,complete,,DocumentAnalysisAgent,
iteration_discounted,20260417,141,0.0000,2,stagnant,,SchemaAgent,
iteration_discounted,20260417,142,0.0000,2,stagnant,QAAgent,SchemaAgent,0.0000
iteration_discounted,20260417,143,0.0000,2,stagnant,SchemaAgent,LogParserAgent,0.0000
iteration_discounted,20260417,144,0.0000,2,stagnant,LogParserAgent,LogParserAgent,0.0000
iteration_discounted,20260417,145,0.0000,2,stagnant,QAAgent,SchemaAgent,0.0000
iteration_discounted,20260417,146,0.0000,2,stagnant,QAAgent,SchemaAgent,0.0000
iteration_discounted,20260417,147,0.0000,2,stagnant,LogParserAgent,LogParserAgent,0.0000
iteration_discounted,20260417,148,0.0000,2,stagnant,SchemaAgent,SchemaAgent,0.0000
iteration_discounted,20260417,149,0.0000,2,stagnant,ValidatorAgent,LogParserAgent,0.0000
iteration_discounted,20260417,150,0.0000,2,stagnant,,SchemaAgent,
iteration_discounted,20260417,151,0.0000,2,stagnant,BuilderAgent,SchemaAgent,0.0000
iteration_discounted,20260417,152,0.0000,2,stagnant,,SchemaAgent,
iteration_discounted,20260417,153,0.0000,2,stagnant,,SchemaAgent,
iteration_discounted,20260417,154,0.0000,2,stagnant,,SchemaAgent,
iteration_discounted,20260417,155,0.0000,2,stagnant,SchemaAgent,SchemaAgent,0.0000
iteration_discounted,20260417,156,0.0000,2,stagnant,,SchemaAgent,
iteration_discounted,20260417,157,1.0000,2,complete,,DocumentAnalysisAgent,
iteration_discounted,20260417,158,0.0000,2,stagnant,,DocumentAnalysisAgent,
iteration_discounted,20260417,159,0.0000,2,stagnant,QAAgent,SchemaAgent,0.0000
iteration_discounted,20260417,160,0.0000,2,stagnant,DocumentAnalysisAgent,DocumentAnalysisAgent,0.0000
iteration_discounted,20260417,161,0.0000,2,stagnant,DocumentAnalysisAgent,DocumentAnalysisAgent,0.0000
iteration_discounted,20260417,162,0.0000,2,stagnant,ValidatorAgent,SchemaAgent,0.0000
iteration_discounted,20260417,163,0.0000,2,stagnant,DocumentAnalysisAgent,DocumentAnalysisAgent,0.0000
iteration_discounted,20260417,164,0.0000,2,stagnant,,SchemaAgent,
iteration_discounted,20260417,165,0.0000,2,stagnant,LogParserAgent,LogParserAgent,0.0000
iteration_discounted,20260417,166,0.0000,2,stagnant,,LogParserAgent,
iteration_discounted,20260417,167,1.0000,1,complete,,DocumentAnalysisAgent,
iteration_discounted,20260417,168,0.0000,2,stagnant,,SchemaAgent,
iteration_discounted,20260417,169,0.0000,2,stagnant,,SchemaAgent,
iteration_discounted,20260417,170,1.0000,1,complete,,DocumentAnalysisAgent,
iteration_discounted,20260417,171,0.0000,2,stagnant,,SchemaAgent,
iteration_discounted,20260417,172,0.0000,2,stagnant,,LogParserAgent,
iteration_discounted,20260417,173,0.0000,2,stagnant,DocumentAnalysisAgent,DocumentAnalysisAgent,0.0000
iteration_discounted,20260417,174,1.0000,1,complete,,DocumentAnalysisAgent,
iteration_discounted,20260417,175,0.0000,2,stagnant,SchemaAgent,DocumentAnalysisAgent,0.0000
iteration_discounted,20260417,176,0.0000,2,stagnant,,SchemaAgent,
iteration_discounted,20260417,177,1.0000,1,complete,,DocumentAnalysisAgent,
iteration_discounted,20260417,178,0.0000,2,stagnant,,SchemaAgent,
iteration_discounted,20260417,179,1.0000,2,complete,,LogParserAgent,
iteration_discounted,20260417,180,0.0000,2,stagnant,,SchemaAgent,
iteration_discounted,20260417,181,0.0000,2,stagnant,,DocumentAnalysisAgent,
iteration_discounted,20260417,182,1.0000,1,complete,,DocumentAnalysisAgent,
iteration_discounted,20260417,183,0.0000,2,stagnant,,SchemaAgent,
iteration_discounted,20260417,184,0.0000,2,stagnant,,SchemaAgent,
iteration_discounted,20260417,185,0.0000,2,stagnant,,LogParserAgent,
iteration_discounted,20260417,186,1.0000,1,complete,,DocumentAnalysisAgent,
iteration_discounted,20260417,187,0.0000,2,stagnant,DocumentAnalysisAgent,DocumentAnalysisAgent,0.0000
iteration_discounted,20260417,188,0.0000,2,stagnant,BuilderAgent,SchemaAgent,0.0000
iteration_discounted,20260417,189,0.0000,2,stagnant,ValidatorAgent,SchemaAgent,0.0000
iteration_discounted,20260417,190,0.0000,2,stagnant,,SchemaAgent,
iteration_discounted,20260417,191,0.0000,2,stagnant,,DocumentAnalysisAgent,
iteration_discounted,20260417,192,1.0000,1,complete,,DocumentAnalysisAgent,
iteration_discounted,20260417,193,0.0000,2,stagnant,,SchemaAgent,
iteration_discounted,20260417,194,1.0000,2,complete,,SchemaAgent,
iteration_discounted,20260417,195,0.0000,2,stagnant,,SchemaAgent,
iteration_discounted,20260417,196,1.0000,1,complete,,DocumentAnalysisAgent,
iteration_discounted,20260417,197,0.0000,2,stagnant,,SchemaAgent,
iteration_discounted,20260417,198,0.0000,2,stagnant,,SchemaAgent,
iteration_discounted,20260417,199,0.0000,2,stagnant,,SchemaAgent,
iteration_discounted,20260417,200,0.0000,2,stagnant,,SchemaAgent,
iteration_discounted,20260417,201,0.0000,2,stagnant,QAAgent,SchemaAgent,0.0000
iteration_discounted,20260417,202,0.0000,2,stagnant,QAAgent,LogParserAgent,0.0000
iteration_discounted,20260417,203,0.0000,2,stagnant,SchemaAgent,SchemaAgent,0.0000
iteration_discounted,20260417,204,0.0000,2,stagnant,DocumentAnalysisAgent,DocumentAnalysisAgent,0.0000
iteration_discounted,20260417,205,1.0000,2,complete,,LogParserAgent,
iteration_discounted,20260417,206,0.0000,2,stagnant,,SchemaAgent,
iteration_discounted,20260417,207,0.0000,2,stagnant,,SchemaAgent,
iteration_discounted,20260417,208,0.0000,2,stagnant,,SchemaAgent,
iteration_discounted,20260417,209,0.0000,2,stagnant,LogParserAgent,LogParserAgent,0.0000
iteration_discounted,20260417,210,0.0000,2,stagnant,,LogParserAgent,
iteration_discounted,20260417,211,0.0000,2,stagnant,,SchemaAgent,
iteration_discounted,20260417,212,0.0000,2,stagnant,,SchemaAgent,
iteration_discounted,20260417,213,0.0000,2,stagnant,BuilderAgent,SchemaAgent,0.0000
iteration_discounted,20260417,214,1.0000,1,complete,,DocumentAnalysisAgent,
iteration_discounted,20260417,215,0.0000,2,stagnant,ValidatorAgent,SchemaAgent,0.0000
iteration_discounted,20260417,216,0.0000,2,stagnant,DocumentAnalysisAgent,DocumentAnalysisAgent,0.0000
iteration_discounted,20260417,217,0.0000,2,stagnant,,DocumentAnalysisAgent,
iteration_discounted,20260417,218,0.0000,2,stagnant,QAAgent,SchemaAgent,0.0000
iteration_discounted,20260417,219,0.0000,2,stagnant,,DocumentAnalysisAgent,
iteration_discounted,20260417,220,0.0000,2,stagnant,ValidatorAgent,SchemaAgent,0.0000
iteration_discounted,20260417,221,0.0000,2,stagnant,DocumentAnalysisAgent,DocumentAnalysisAgent,0.0000
iteration_discounted,20260417,222,0.0000,2,stagnant,SchemaAgent,LogParserAgent,0.0000
iteration_discounted,20260417,223,1.0000,2,complete,QAAgent,DocumentAnalysisAgent,0.7059
iteration_discounted,20260417,224,1.0000,1,complete,,DocumentAnalysisAgent,
iteration_discounted,20260417,225,1.0000,1,complete,,DocumentAnalysisAgent,
iteration_discounted,20260417,226,0.0000,2,stagnant,,DocumentAnalysisAgent,
iteration_discounted,20260417,227,0.0000,2,stagnant,ValidatorAgent,SchemaAgent,0.0000
iteration_discounted,20260417,228,0.0000,2,stagnant,ValidatorAgent,SchemaAgent,0.0000
iteration_discounted,20260417,229,0.0000,2,stagnant,LogParserAgent,LogParserAgent,0.0000
iteration_discounted,20260417,230,1.0000,1,complete,,DocumentAnalysisAgent,
iteration_discounted,20260417,231,1.0000,2,complete,,DocumentAnalysisAgent,
iteration_discounted,20260417,232,0.0000,2,stagnant,,LogParserAgent,
iteration_discounted,20260417,233,0.0000,2,stagnant,,SchemaAgent,
iteration_discounted,20260417,234,0.0000,2,stagnant,,SchemaAgent,
iteration_discounted,20260417,235,0.0000,2,stagnant,DocumentAnalysisAgent,DocumentAnalysisAgent,0.0000
iteration_discounted,20260417,236,0.0000,2,stagnant,DocumentAnalysisAgent,DocumentAnalysisAgent,0.0000
iteration_discounted,20260417,237,1.0000,2,complete,,SchemaAgent,
iteration_discounted,20260417,238,1.0000,2,complete,,SchemaAgent,
iteration_discounted,20260417,239,0.0000,2,stagnant,,DocumentAnalysisAgent,
iteration_discounted,20260417,240,0.0000,2,stagnant,LogParserAgent,LogParserAgent,0.0000
iteration_discounted,20260417,241,0.0000,2,stagnant,LogParserAgent,LogParserAgent,0.0000
iteration_discounted,20260417,242,0.0000,2,stagnant,DocumentAnalysisAgent,DocumentAnalysisAgent,0.0000
iteration_discounted,20260417,243,0.0000,2,stagnant,,LogParserAgent,
iteration_discounted,20260417,244,0.0000,2,stagnant,,SchemaAgent,
iteration_discounted,20260417,245,0.0000,2,stagnant,,SchemaAgent,
iteration_discounted,20260417,246,0.0000,2,stagnant,ValidatorAgent,SchemaAgent,0.0000
iteration_discounted,20260417,247,0.0000,2,stagnant,BuilderAgent,SchemaAgent,0.0000
iteration_discounted,20260417,248,0.0000,2,stagnant,ValidatorAgent,DocumentAnalysisAgent,0.0000
iteration_discounted,20260417,249,0.0000,2,stagnant,,SchemaAgent,
iteration_discounted,20260417,250,0.0000,2,stagnant,DocumentAnalysisAgent,DocumentAnalysisAgent,0.0000
iteration_discounted,20260417,251,0.0000,2,stagnant,,LogParserAgent,
iteration_discounted,20260417,252,0.0000,2,stagnant,,SchemaAgent,
iteration_discounted,20260417,253,0.0000,2,stagnant,BuilderAgent,SchemaAgent,0.0000
iteration_discounted,20260417,254,0.0000,2,stagnant,SchemaAgent,SchemaAgent,0.0000
iteration_discounted,20260417,255,1.0000,2,complete,,SchemaAgent,
iteration_discounted,20260417,256,0.0000,2,stagnant,,SchemaAgent,
iteration_discounted,20260417,257,0.0000,2,stagnant,QAAgent,SchemaAgent,0.0000
iteration_discounted,20260417,258,0.0000,2,stagnant,BuilderAgent,SchemaAgent,0.0000
iteration_discounted,20260417,259,0.0000,2,stagnant,LogParserAgent,LogParserAgent,0.0000
iteration_discounted,20260417,260,1.0000,1,complete,,DocumentAnalysisAgent,
iteration_discounted,20260417,261,1.0000,1,complete,,DocumentAnalysisAgent,
iteration_discounted,20260417,262,0.0000,2,stagnant,SchemaAgent,SchemaAgent,0.0000
iteration_discounted,20260417,263,0.0000,2,stagnant,,SchemaAgent,
iteration_discounted,20260417,264,0.0000,2,stagnant,BuilderAgent,DocumentAnalysisAgent,0.0000
iteration_discounted,20260417,265,1.0000,2,complete,,DocumentAnalysisAgent,
iteration_discounted,20260417,266,0.0000,2,stagnant,,SchemaAgent,
iteration_discounted,20260417,267,1.0000,1,complete,,DocumentAnalysisAgent,
iteration_discounted,20260417,268,1.0000,2,complete,,SchemaAgent,
iteration_discounted,20260417,269,0.0000,2,stagnant,,SchemaAgent,
iteration_discounted,20260417,270,1.0000,1,complete,,DocumentAnalysisAgent,
iteration_discounted,20260417,271,0.0000,2,stagnant,,SchemaAgent,
iteration_discounted,20260417,272,1.0000,1,complete,,DocumentAnalysisAgent,
iteration_discounted,20260417,273,0.0000,2,stagnant,,SchemaAgent,
iteration_discounted,20260417,274,0.0000,2,stagnant,,SchemaAgent,
iteration_discounted,20260417,275,1.0000,2,complete,,DocumentAnalysisAgent,
iteration_discounted,20260417,276,0.0000,2,stagnant,DocumentAnalysisAgent,DocumentAnalysisAgent,0.0000
iteration_discounted,20260417,277,1.0000,2,complete,,SchemaAgent,
iteration_discounted,20260417,278,0.0000,2,stagnant,LogParserAgent,LogParserAgent,0.0000
iteration_discounted,20260417,279,0.0000,2,stagnant,LogParserAgent,LogParserAgent,0.0000
iteration_discounted,20260417,280,1.0000,2,complete,,DocumentAnalysisAgent,
iteration_discounted,20260417,281,1.0000,1,complete,,DocumentAnalysisAgent,
iteration_discounted,20260417,282,0.0000,2,stagnant,LogParserAgent,LogParserAgent,0.0000
iteration_discounted,20260417,283,0.0000,2,stagnant,LogParserAgent,LogParserAgent,0.0000
iteration_discounted,20260417,284,1.0000,2,complete,,SchemaAgent,
iteration_discounted,20260417,285,0.0000,2,stagnant,,SchemaAgent,
iteration_discounted,20260417,286,0.0000,2,stagnant,LogParserAgent,DocumentAnalysisAgent,0.0000
iteration_discounted,20260417,287,0.0000,2,stagnant,LogParserAgent,LogParserAgent,0.0000
iteration_discounted,20260417,288,0.0000,2,stagnant,,DocumentAnalysisAgent,
iteration_discounted,20260417,289,0.0000,2,stagnant,BuilderAgent,SchemaAgent,0.0000
iteration_discounted,20260417,290,1.0000,1,complete,SchemaAgent,DocumentAnalysisAgent,1.0000
iteration_discounted,20260417,291,0.0000,2,stagnant,DocumentAnalysisAgent,DocumentAnalysisAgent,0.0000
iteration_discounted,20260417,292,0.0000,2,stagnant,SchemaAgent,SchemaAgent,0.0000
iteration_discounted,20260417,293,1.0000,1,complete,,DocumentAnalysisAgent,
iteration_discounted,20260417,294,0.0000,2,stagnant,QAAgent,SchemaAgent,0.0000
iteration_discounted,20260417,295,0.0000,2,stagnant,,DocumentAnalysisAgent,
iteration_discounted,20260417,296,0.0000,2,stagnant,,LogParserAgent,
iteration_discounted,20260417,297,0.0000,2,stagnant,,LogParserAgent,
iteration_discounted,20260417,298,0.0000,2,stagnant,,LogParserAgent,
iteration_discounted,20260417,299,0.0000,2,stagnant,SchemaAgent,SchemaAgent,0.0000
iteration_discounted,20260417,300,0.0000,2,stagnant,SchemaAgent,SchemaAgent,0.0000
iteration_discounted,20260417,301,0.0000,2,stagnant,,LogParserAgent,
iteration_discounted,20260417,302,0.0000,2,stagnant,DocumentAnalysisAgent,DocumentAnalysisAgent,0.0000
iteration_discounted,20260417,303,0.0000,2,stagnant,QAAgent,SchemaAgent,0.0000
iteration_discounted,20260417,304,0.0000,2,stagnant,,SchemaAgent,
iteration_discounted,20260417,305,0.0000,2,stagnant,,DocumentAnalysisAgent,
iteration_discounted,20260417,306,0.0000,2,stagnant,SchemaAgent,SchemaAgent,0.0000
iteration_discounted,20260417,307,0.0000,2,stagnant,,SchemaAgent,
iteration_discounted,20260417,308,1.0000,2,complete,,LogParserAgent,
iteration_discounted,20260417,309,0.0000,2,stagnant,,SchemaAgent,
iteration_discounted,20260417,310,1.0000,1,complete,,DocumentAnalysisAgent,
iteration_discounted,20260417,311,0.0000,2,stagnant,,SchemaAgent,
iteration_discounted,20260417,312,0.0000,2,stagnant,,SchemaAgent,
iteration_discounted,20260417,313,0.0000,2,stagnant,ValidatorAgent,DocumentAnalysisAgent,0.0000
iteration_discounted,20260417,314,0.0000,2,stagnant,,SchemaAgent,
iteration_discounted,20260417,315,1.0000,1,complete,,DocumentAnalysisAgent,
iteration_discounted,20260417,316,0.0000,2,stagnant,,SchemaAgent,
iteration_discounted,20260417,317,1.0000,2,complete,,SchemaAgent,
iteration_discounted,20260417,318,0.0000,2,stagnant,ValidatorAgent,LogParserAgent,0.0000
iteration_discounted,20260417,319,1.0000,1,complete,,DocumentAnalysisAgent,
iteration_discounted,20260417,320,0.0000,2,stagnant,,SchemaAgent,
iteration_discounted,20260417,321,0.0000,2,stagnant,LogParserAgent,LogParserAgent,0.2059
iteration_discounted,20260417,322,0.0000,2,stagnant,,LogParserAgent,
iteration_discounted,20260417,323,0.0000,2,stagnant,,DocumentAnalysisAgent,
iteration_discounted,20260417,324,0.0000,2,stagnant,,SchemaAgent,
iteration_discounted,20260417,325,0.0000,2,stagnant,ValidatorAgent,SchemaAgent,0.0000
iteration_discounted,20260417,326,0.0000,2,stagnant,,LogParserAgent,
iteration_discounted,20260417,327,0.0000,2,stagnant,ValidatorAgent,SchemaAgent,0.0000
iteration_discounted,20260417,328,1.0000,1,complete,,DocumentAnalysisAgent,
iteration_discounted,20260417,329,1.0000,1,complete,,DocumentAnalysisAgent,
iteration_discounted,20260417,330,0.0000,2,stagnant,DocumentAnalysisAgent,DocumentAnalysisAgent,0.0000
iteration_discounted,20260417,331,0.0000,2,stagnant,,SchemaAgent,
iteration_discounted,20260417,332,0.0000,2,stagnant,,LogParserAgent,
iteration_discounted,20260417,333,0.0000,2,stagnant,,LogParserAgent,
iteration_discounted,20260417,334,0.0000,2,stagnant,DocumentAnalysisAgent,DocumentAnalysisAgent,0.2059
iteration_discounted,20260417,335,1.0000,2,complete,,DocumentAnalysisAgent,
iteration_discounted,20260417,336,0.0000,2,stagnant,LogParserAgent,LogParserAgent,0.0000
iteration_discounted,20260417,337,1.0000,2,complete,,SchemaAgent,
iteration_discounted,20260417,338,0.0000,2,stagnant,BuilderAgent,SchemaAgent,0.0000
iteration_discounted,20260417,339,0.0000,2,stagnant,,SchemaAgent,
iteration_discounted,20260417,340,0.0000,2,stagnant,,SchemaAgent,
iteration_discounted,20260417,341,1.0000,1,complete,,DocumentAnalysisAgent,
iteration_discounted,20260417,342,0.0000,2,stagnant,DocumentAnalysisAgent,DocumentAnalysisAgent,0.0000
iteration_discounted,20260417,343,0.0000,2,stagnant,,DocumentAnalysisAgent,
iteration_discounted,20260417,344,0.0000,2,stagnant,ValidatorAgent,SchemaAgent,0.0000
iteration_discounted,20260417,345,0.0000,2,stagnant,,SchemaAgent,
iteration_discounted,20260417,346,0.0000,2,stagnant,QAAgent,SchemaAgent,0.0000
iteration_discounted,20260417,347,0.0000,2,stagnant,QAAgent,SchemaAgent,0.0000
iteration_discounted,20260417,348,0.0000,2,stagnant,,SchemaAgent,
iteration_discounted,20260417,349,0.0000,2,stagnant,SchemaAgent,SchemaAgent,0.0000
iteration_discounted,20260417,350,0.0000,2,stagnant,,SchemaAgent,
iteration_discounted,20260417,351,0.0000,2,stagnant,BuilderAgent,SchemaAgent,0.0000
iteration_discounted,20260417,352,1.0000,2,complete,,LogParserAgent,
iteration_discounted,20260417,353,0.0000,2,stagnant,LogParserAgent,LogParserAgent,0.0000
iteration_discounted,20260417,354,0.0000,2,stagnant,SchemaAgent,SchemaAgent,0.0000
iteration_discounted,20260417,355,0.0000,2,stagnant,,SchemaAgent,
iteration_discounted,20260417,356,1.0000,2,complete,,SchemaAgent,
iteration_discounted,20260417,357,0.0000,2,stagnant,LogParserAgent,LogParserAgent,0.0000
iteration_discounted,20260417,358,0.0000,2,stagnant,,LogParserAgent,
iteration_discounted,20260417,359,1.0000,1,complete,,DocumentAnalysisAgent,
iteration_discounted,20260417,360,1.0000,2,complete,,SchemaAgent,
iteration_discounted,20260417,361,0.0000,2,stagnant,,SchemaAgent,
iteration_discounted,20260417,362,0.0000,2,stagnant,SchemaAgent,SchemaAgent,0.0000
iteration_discounted,20260417,363,0.0000,2,stagnant,QAAgent,SchemaAgent,0.0000
iteration_discounted,20260417,364,0.0000,2,stagnant,,LogParserAgent,
iteration_discounted,20260417,365,0.0000,2,stagnant,BuilderAgent,SchemaAgent,0.0000
iteration_discounted,20260417,366,0.0000,2,stagnant,LogParserAgent,LogParserAgent,0.0000
iteration_discounted,20260417,367,0.0000,2,stagnant,,DocumentAnalysisAgent,
iteration_discounted,20260417,368,0.0000,2,stagnant,SchemaAgent,SchemaAgent,0.0000
iteration_discounted,20260417,369,0.0000,2,stagnant,QAAgent,SchemaAgent,0.0000
iteration_discounted,20260417,370,1.0000,2,complete,,DocumentAnalysisAgent,
iteration_discounted,20260417,371,1.0000,1,complete,,DocumentAnalysisAgent,
iteration_discounted,20260417,372,0.0000,2,stagnant,,SchemaAgent,
iteration_discounted,20260417,373,0.0000,2,stagnant,,LogParserAgent,
iteration_discounted,20260417,374,0.0000,2,stagnant,,LogParserAgent,
iteration_discounted,20260417,375,0.0000,2,stagnant,,SchemaAgent,
iteration_discounted,20260417,376,0.0000,2,stagnant,,SchemaAgent,
iteration_discounted,20260417,377,0.0000,2,stagnant,,DocumentAnalysisAgent,
iteration_discounted,20260417,378,0.0000,2,stagnant,,LogParserAgent,
iteration_discounted,20260417,379,0.0000,2,stagnant,SchemaAgent,SchemaAgent,0.0000
iteration_discounted,20260417,380,1.0000,1,complete,,DocumentAnalysisAgent,
iteration_discounted,20260417,381,0.0000,2,stagnant,BuilderAgent,SchemaAgent,0.0000
iteration_discounted,20260417,382,1.0000,1,complete,,DocumentAnalysisAgent,
iteration_discounted,20260417,383,1.0000,1,complete,,DocumentAnalysisAgent,
iteration_discounted,20260417,384,0.0000,2,stagnant,ValidatorAgent,SchemaAgent,0.0000
iteration_discounted,20260417,385,0.0000,2,stagnant,,LogParserAgent,
iteration_discounted,20260417,386,0.0000,2,stagnant,,LogParserAgent,
iteration_discounted,20260417,387,0.0000,2,stagnant,,SchemaAgent,
iteration_discounted,20260417,388,0.0000,2,stagnant,,SchemaAgent,
iteration_discounted,20260417,389,0.0000,2,stagnant,LogParserAgent,LogParserAgent,0.0000
iteration_discounted,20260417,390,0.0000,2,stagnant,SchemaAgent,SchemaAgent,0.0000
iteration_discounted,20260417,391,0.0000,2,stagnant,,SchemaAgent,
iteration_discounted,20260417,392,0.0000,2,stagnant,,DocumentAnalysisAgent,
iteration_discounted,20260417,393,0.0000,2,stagnant,ValidatorAgent,SchemaAgent,0.0000
iteration_discounted,20260417,394,1.0000,1,complete,,DocumentAnalysisAgent,
iteration_discounted,20260417,395,0.0000,2,stagnant,,SchemaAgent,
iteration_discounted,20260417,396,1.0000,2,complete,,SchemaAgent,
iteration_discounted,20260417,397,1.0000,1,complete,,DocumentAnalysisAgent,
iteration_discounted,20260417,398,0.0000,2,stagnant,,SchemaAgent,
iteration_discounted,20260417,399,0.0000,2,stagnant,LogParserAgent,LogParserAgent,0.0000
iteration_discounted,20260418,0,0.0000,2,stagnant,,SchemaAgent,
iteration_discounted,20260418,1,0.0000,2,stagnant,,SchemaAgent,
iteration_discounted,20260418,2,0.0000,2,stagnant,,SchemaAgent,
iteration_discounted,20260418,3,0.0000,2,stagnant,,SchemaAgent,
iteration_discounted,20260418,4,0.0000,2,stagnant,,SchemaAgent,
iteration_discounted,20260418,5,1.0000,2,complete,,DocumentAnalysisAgent,
iteration_discounted,20260418,6,0.0000,2,stagnant,QAAgent,SchemaAgent,0.0000
iteration_discounted,20260418,7,0.0000,2,stagnant,,SchemaAgent,
iteration_discounted,20260418,8,0.0000,2,stagnant,ValidatorAgent,LogParserAgent,0.0000
iteration_discounted,20260418,9,0.0000,2,stagnant,DocumentAnalysisAgent,DocumentAnalysisAgent,0.0000
iteration_discounted,20260418,10,1.0000,2,complete,,SchemaAgent,
iteration_discounted,20260418,11,0.0000,2,stagnant,DocumentAnalysisAgent,DocumentAnalysisAgent,0.0000
iteration_discounted,20260418,12,0.0000,2,stagnant,SchemaAgent,SchemaAgent,0.0000
iteration_discounted,20260418,13,1.0000,2,complete,,LogParserAgent,
iteration_discounted,20260418,14,1.0000,1,complete,,DocumentAnalysisAgent,
iteration_discounted,20260418,15,0.0000,2,stagnant,LogParserAgent,LogParserAgent,0.0000
iteration_discounted,20260418,16,0.0000,2,stagnant,,SchemaAgent,
iteration_discounted,20260418,17,0.0000,2,stagnant,ValidatorAgent,SchemaAgent,0.0000
iteration_discounted,20260418,18,0.0000,2,stagnant,LogParserAgent,LogParserAgent,0.0000
iteration_discounted,20260418,19,1.0000,1,complete,,DocumentAnalysisAgent,
iteration_discounted,20260418,20,0.0000,2,stagnant,,SchemaAgent,
iteration_discounted,20260418,21,1.0000,1,complete,,DocumentAnalysisAgent,
iteration_discounted,20260418,22,1.0000,1,complete,,DocumentAnalysisAgent,
iteration_discounted,20260418,23,0.0000,2,stagnant,,LogParserAgent,
iteration_discounted,20260418,24,0.0000,2,stagnant,,SchemaAgent,
iteration_discounted,20260418,25,0.0000,2,stagnant,DocumentAnalysisAgent,DocumentAnalysisAgent,0.0000
iteration_discounted,20260418,26,0.0000,2,stagnant,BuilderAgent,SchemaAgent,0.0000
iteration_discounted,20260418,27,0.0000,2,stagnant,BuilderAgent,SchemaAgent,0.0000
iteration_discounted,20260418,28,1.0000,1,complete,,DocumentAnalysisAgent,
iteration_discounted,20260418,29,0.0000,2,stagnant,BuilderAgent,SchemaAgent,0.0000
iteration_discounted,20260418,30,0.0000,2,stagnant,,SchemaAgent,
iteration_discounted,20260418,31,0.0000,2,stagnant,SchemaAgent,SchemaAgent,0.0000
iteration_discounted,20260418,32,0.0000,2,stagnant,ValidatorAgent,SchemaAgent,0.0000
iteration_discounted,20260418,33,1.0000,1,complete,,DocumentAnalysisAgent,
iteration_discounted,20260418,34,0.0000,2,stagnant,,DocumentAnalysisAgent,
iteration_discounted,20260418,35,0.0000,2,stagnant,DocumentAnalysisAgent,DocumentAnalysisAgent,0.0000
iteration_discounted,20260418,36,0.0000,2,stagnant,,DocumentAnalysisAgent,
iteration_discounted,20260418,37,0.0000,2,stagnant,SchemaAgent,SchemaAgent,0.0000
iteration_discounted,20260418,38,0.0000,2,stagnant,,SchemaAgent,
iteration_discounted,20260418,39,0.0000,2,stagnant,,SchemaAgent,
iteration_discounted,20260418,40,0.0000,2,stagnant,ValidatorAgent,SchemaAgent,0.0000
iteration_discounted,20260418,41,1.0000,1,complete,,DocumentAnalysisAgent,
iteration_discounted,20260418,42,1.0000,1,complete,,DocumentAnalysisAgent,
iteration_discounted,20260418,43,0.0000,2,stagnant,,SchemaAgent,
iteration_discounted,20260418,44,0.0000,2,stagnant,QAAgent,SchemaAgent,0.0000
iteration_discounted,20260418,45,1.0000,1,complete,,DocumentAnalysisAgent,
iteration_discounted,20260418,46,1.0000,1,complete,BuilderAgent,DocumentAnalysisAgent,1.0000
iteration_discounted,20260418,47,0.0000,2,stagnant,LogParserAgent,LogParserAgent,0.0000
iteration_discounted,20260418,48,0.0000,2,stagnant,,DocumentAnalysisAgent,
iteration_discounted,20260418,49,1.0000,2,complete,,SchemaAgent,
iteration_discounted,20260418,50,0.0000,2,stagnant,,SchemaAgent,
iteration_discounted,20260418,51,0.0000,2,stagnant,,SchemaAgent,
iteration_discounted,20260418,52,0.0000,2,stagnant,,SchemaAgent,
iteration_discounted,20260418,53,0.0000,2,stagnant,SchemaAgent,SchemaAgent,0.0000
iteration_discounted,20260418,54,0.0000,2,stagnant,ValidatorAgent,SchemaAgent,0.0000
iteration_discounted,20260418,55,0.0000,2,stagnant,ValidatorAgent,LogParserAgent,0.0000
iteration_discounted,20260418,56,0.0000,2,stagnant,SchemaAgent,SchemaAgent,0.0000
iteration_discounted,20260418,57,0.0000,2,stagnant,SchemaAgent,SchemaAgent,0.0000
iteration_discounted,20260418,58,0.0000,2,stagnant,,SchemaAgent,
iteration_discounted,20260418,59,0.0000,2,stagnant,ValidatorAgent,SchemaAgent,0.0000
iteration_discounted,20260418,60,0.0000,2,stagnant,BuilderAgent,LogParserAgent,0.0000
iteration_discounted,20260418,61,0.0000,2,stagnant,,DocumentAnalysisAgent,
iteration_discounted,20260418,62,0.0000,2,stagnant,SchemaAgent,SchemaAgent,0.0000
iteration_discounted,20260418,63,0.0000,2,stagnant,,SchemaAgent,
iteration_discounted,20260418,64,1.0000,2,complete,,SchemaAgent,
iteration_discounted,20260418,65,0.0000,2,stagnant,,DocumentAnalysisAgent,
iteration_discounted,20260418,66,0.0000,2,stagnant,,LogParserAgent,
iteration_discounted,20260418,67,1.0000,1,complete,,DocumentAnalysisAgent,
iteration_discounted,20260418,68,0.0000,2,stagnant,,SchemaAgent,
iteration_discounted,20260418,69,1.0000,1,complete,,DocumentAnalysisAgent,
iteration_discounted,20260418,70,0.0000,2,stagnant,,SchemaAgent,
iteration_discounted,20260418,71,0.0000,2,stagnant,,SchemaAgent,
iteration_discounted,20260418,72,0.0000,2,stagnant,,LogParserAgent,
iteration_discounted,20260418,73,0.0000,2,stagnant,,SchemaAgent,
iteration_discounted,20260418,74,0.0000,2,stagnant,BuilderAgent,SchemaAgent,0.0000
iteration_discounted,20260418,75,0.0000,2,stagnant,SchemaAgent,SchemaAgent,0.0000
iteration_discounted,20260418,76,0.0000,2,stagnant,ValidatorAgent,SchemaAgent,0.0000
iteration_discounted,20260418,77,0.0000,2,stagnant,,LogParserAgent,
iteration_discounted,20260418,78,1.0000,2,complete,,SchemaAgent,
iteration_discounted,20260418,79,0.0000,2,stagnant,,SchemaAgent,
iteration_discounted,20260418,80,0.0000,2,stagnant,,SchemaAgent,
iteration_discounted,20260418,81,0.0000,2,stagnant,ValidatorAgent,LogParserAgent,0.0000
iteration_discounted,20260418,82,0.0000,2,stagnant,,SchemaAgent,
iteration_discounted,20260418,83,0.0000,2,stagnant,ValidatorAgent,LogParserAgent,0.0000
iteration_discounted,20260418,84,0.0000,2,stagnant,,LogParserAgent,
iteration_discounted,20260418,85,1.0000,2,complete,,LogParserAgent,
iteration_discounted,20260418,86,0.0000,2,stagnant,,DocumentAnalysisAgent,
iteration_discounted,20260418,87,0.0000,2,stagnant,,SchemaAgent,
iteration_discounted,20260418,88,0.0000,2,stagnant,SchemaAgent,DocumentAnalysisAgent,0.0000
iteration_discounted,20260418,89,0.0000,2,stagnant,LogParserAgent,LogParserAgent,0.0000
iteration_discounted,20260418,90,0.0000,2,stagnant,ValidatorAgent,SchemaAgent,0.0000
iteration_discounted,20260418,91,0.0000,2,stagnant,QAAgent,SchemaAgent,0.0000
iteration_discounted,20260418,92,1.0000,1,complete,,DocumentAnalysisAgent,
iteration_discounted,20260418,93,0.0000,2,stagnant,ValidatorAgent,SchemaAgent,0.0000
iteration_discounted,20260418,94,1.0000,1,complete,,DocumentAnalysisAgent,
iteration_discounted,20260418,95,0.0000,2,stagnant,SchemaAgent,SchemaAgent,0.0000
iteration_discounted,20260418,96,1.0000,2,complete,,DocumentAnalysisAgent,
iteration_discounted,20260418,97,0.0000,2,stagnant,BuilderAgent,SchemaAgent,0.0000
iteration_discounted,20260418,98,0.0000,2,stagnant,SchemaAgent,LogParserAgent,0.0000
iteration_discounted,20260418,99,0.0000,2,stagnant,,SchemaAgent,
iteration_discounted,20260418,100,0.0000,2,stagnant,,SchemaAgent,
iteration_discounted,20260418,101,1.0000,1,complete,,DocumentAnalysisAgent,
iteration_discounted,20260418,102,0.0000,2,stagnant,,SchemaAgent,
iteration_discounted,20260418,103,0.0000,2,stagnant,QAAgent,SchemaAgent,0.0000
iteration_discounted,20260418,104,0.0000,2,stagnant,LogParserAgent,LogParserAgent,0.0000
iteration_discounted,20260418,105,0.0000,2,stagnant,,SchemaAgent,
iteration_discounted,20260418,106,0.0000,2,stagnant,,SchemaAgent,
iteration_discounted,20260418,107,1.0000,1,complete,,DocumentAnalysisAgent,
iteration_discounted,20260418,108,0.0000,2,stagnant,,SchemaAgent,
iteration_discounted,20260418,109,1.0000,1,complete,,DocumentAnalysisAgent,
iteration_discounted,20260418,110,0.0000,2,stagnant,DocumentAnalysisAgent,DocumentAnalysisAgent,0.0000
iteration_discounted,20260418,111,1.0000,1,complete,,DocumentAnalysisAgent,
iteration_discounted,20260418,112,1.0000,1,complete,,DocumentAnalysisAgent,
iteration_discounted,20260418,113,0.0000,2,stagnant,BuilderAgent,SchemaAgent,0.0000
iteration_discounted,20260418,114,0.0000,2,stagnant,LogParserAgent,LogParserAgent,0.0000
iteration_discounted,20260418,115,0.0000,2,stagnant,SchemaAgent,DocumentAnalysisAgent,0.0000
iteration_discounted,20260418,116,0.0000,2,stagnant,QAAgent,SchemaAgent,0.0000
iteration_discounted,20260418,117,1.0000,2,complete,,DocumentAnalysisAgent,
iteration_discounted,20260418,118,0.0000,2,stagnant,,SchemaAgent,
iteration_discounted,20260418,119,0.0000,2,stagnant,SchemaAgent,SchemaAgent,0.0000
iteration_discounted,20260418,120,1.0000,2,complete,,SchemaAgent,
iteration_discounted,20260418,121,0.0000,2,stagnant,,SchemaAgent,
iteration_discounted,20260418,122,1.0000,1,complete,SchemaAgent,DocumentAnalysisAgent,1.0000
iteration_discounted,20260418,123,0.0000,2,stagnant,BuilderAgent,SchemaAgent,0.0000
iteration_discounted,20260418,124,0.0000,2,stagnant,,SchemaAgent,
iteration_discounted,20260418,125,1.0000,2,complete,,SchemaAgent,
iteration_discounted,20260418,126,0.0000,2,stagnant,,LogParserAgent,
iteration_discounted,20260418,127,1.0000,2,complete,,LogParserAgent,
iteration_discounted,20260418,128,0.0000,2,stagnant,,SchemaAgent,
iteration_discounted,20260418,129,0.0000,2,stagnant,ValidatorAgent,LogParserAgent,0.0000
iteration_discounted,20260418,130,0.0000,2,stagnant,,SchemaAgent,
iteration_discounted,20260418,131,1.0000,1,complete,,DocumentAnalysisAgent,
iteration_discounted,20260418,132,0.0000,2,stagnant,,LogParserAgent,
iteration_discounted,20260418,133,0.0000,2,stagnant,SchemaAgent,SchemaAgent,0.0000
iteration_discounted,20260418,134,1.0000,1,complete,,DocumentAnalysisAgent,
iteration_discounted,20260418,135,1.0000,1,complete,,DocumentAnalysisAgent,
iteration_discounted,20260418,136,0.0000,2,stagnant,QAAgent,LogParserAgent,0.0000
iteration_discounted,20260418,137,0.0000,2,stagnant,BuilderAgent,SchemaAgent,0.0000
iteration_discounted,20260418,138,0.0000,2,stagnant,LogParserAgent,LogParserAgent,0.0000
iteration_discounted,20260418,139,0.0000,2,stagnant,,SchemaAgent,
iteration_discounted,20260418,140,0.0000,2,stagnant,,DocumentAnalysisAgent,
iteration_discounted,20260418,141,0.0000,2,stagnant,,SchemaAgent,
iteration_discounted,20260418,142,0.0000,2,stagnant,,SchemaAgent,
iteration_discounted,20260418,143,1.0000,1,complete,,DocumentAnalysisAgent,
iteration_discounted,20260418,144,0.0000,2,stagnant,SchemaAgent,SchemaAgent,0.0000
iteration_discounted,20260418,145,0.0000,2,stagnant,,LogParserAgent,
iteration_discounted,20260418,146,0.0000,2,stagnant,LogParserAgent,LogParserAgent,0.0000
iteration_discounted,20260418,147,1.0000,1,complete,,DocumentAnalysisAgent,
iteration_discounted,20260418,148,0.0000,2,stagnant,,SchemaAgent,
iteration_discounted,20260418,149,0.0000,2,stagnant,,SchemaAgent,
iteration_discounted,20260418,150,0.0000,2,stagnant,,SchemaAgent,
iteration_discounted,20260418,151,0.0000,2,stagnant,,LogParserAgent,
iteration_discounted,20260418,152,0.0000,2,stagnant,,SchemaAgent,
iteration_discounted,20260418,153,0.0000,2,stagnant,ValidatorAgent,SchemaAgent,0.0000
iteration_discounted,20260418,154,0.0000,2,stagnant,LogParserAgent,SchemaAgent,0.2059
iteration_discounted,20260418,155,0.0000,2,stagnant,QAAgent,SchemaAgent,0.0000
iteration_discounted,20260418,156,0.0000,2,stagnant,LogParserAgent,LogParserAgent,0.0000
iteration_discounted,20260418,157,0.0000,2,stagnant,,SchemaAgent,
iteration_discounted,20260418,158,0.0000,2,stagnant,,DocumentAnalysisAgent,
iteration_discounted,20260418,159,1.0000,1,complete,,DocumentAnalysisAgent,
iteration_discounted,20260418,160,0.0000,2,stagnant,,DocumentAnalysisAgent,
iteration_discounted,20260418,161,1.0000,2,complete,,LogParserAgent,
iteration_discounted,20260418,162,0.0000,2,stagnant,LogParserAgent,SchemaAgent,0.2059
iteration_discounted,20260418,163,0.0000,2,stagnant,,SchemaAgent,
iteration_discounted,20260418,164,0.0000,2,stagnant,ValidatorAgent,SchemaAgent,0.0000
iteration_discounted,20260418,165,0.0000,2,stagnant,,SchemaAgent,
iteration_discounted,20260418,166,0.0000,2,stagnant,SchemaAgent,SchemaAgent,0.0000
iteration_discounted,20260418,167,0.0000,2,stagnant,SchemaAgent,DocumentAnalysisAgent,0.0000
iteration_discounted,20260418,168,0.0000,2,stagnant,,DocumentAnalysisAgent,
iteration_discounted,20260418,169,1.0000,2,complete,,SchemaAgent,
iteration_discounted,20260418,170,0.0000,2,stagnant,QAAgent,SchemaAgent,0.0000
iteration_discounted,20260418,171,0.0000,2,stagnant,,SchemaAgent,
iteration_discounted,20260418,172,0.0000,2,stagnant,ValidatorAgent,SchemaAgent,0.0000
iteration_discounted,20260418,173,1.0000,1,complete,,DocumentAnalysisAgent,
iteration_discounted,20260418,174,1.0000,1,complete,,DocumentAnalysisAgent,
iteration_discounted,20260418,175,1.0000,2,complete,,DocumentAnalysisAgent,
iteration_discounted,20260418,176,0.0000,2,stagnant,BuilderAgent,SchemaAgent,0.0000
iteration_discounted,20260418,177,1.0000,2,complete,,DocumentAnalysisAgent,
iteration_discounted,20260418,178,0.0000,2,stagnant,,SchemaAgent,
iteration_discounted,20260418,179,0.0000,2,stagnant,LogParserAgent,DocumentAnalysisAgent,0.0000
iteration_discounted,20260418,180,0.0000,2,stagnant,SchemaAgent,LogParserAgent,0.0000
iteration_discounted,20260418,181,1.0000,1,complete,,DocumentAnalysisAgent,
iteration_discounted,20260418,182,1.0000,2,complete,,DocumentAnalysisAgent,
iteration_discounted,20260418,183,0.0000,2,stagnant,,SchemaAgent,
iteration_discounted,20260418,184,0.0000,2,stagnant,DocumentAnalysisAgent,DocumentAnalysisAgent,0.0000
iteration_discounted,20260418,185,0.0000,2,stagnant,,SchemaAgent,
iteration_discounted,20260418,186,0.0000,2,stagnant,,SchemaAgent,
iteration_discounted,20260418,187,0.0000,2,stagnant,DocumentAnalysisAgent,DocumentAnalysisAgent,0.0000
iteration_discounted,20260418,188,0.0000,2,stagnant,SchemaAgent,SchemaAgent,0.0000
iteration_discounted,20260418,189,0.0000,2,stagnant,,SchemaAgent,
iteration_discounted,20260418,190,0.0000,2,stagnant,DocumentAnalysisAgent,DocumentAnalysisAgent,0.0000
iteration_discounted,20260418,191,0.0000,2,stagnant,,LogParserAgent,
iteration_discounted,20260418,192,0.0000,2,stagnant,BuilderAgent,SchemaAgent,0.0000
iteration_discounted,20260418,193,1.0000,2,complete,,SchemaAgent,
iteration_discounted,20260418,194,0.0000,2,stagnant,QAAgent,SchemaAgent,0.0000
iteration_discounted,20260418,195,1.0000,2,complete,ValidatorAgent,LogParserAgent,0.7059
iteration_discounted,20260418,196,0.0000,2,stagnant,LogParserAgent,LogParserAgent,0.0000
iteration_discounted,20260418,197,0.0000,2,stagnant,,SchemaAgent,
iteration_discounted,20260418,198,1.0000,2,complete,,DocumentAnalysisAgent,
iteration_discounted,20260418,199,0.0000,2,stagnant,LogParserAgent,LogParserAgent,0.0000
iteration_discounted,20260418,200,0.0000,2,stagnant,,DocumentAnalysisAgent,
iteration_discounted,20260418,201,1.0000,1,complete,,DocumentAnalysisAgent,
iteration_discounted,20260418,202,1.0000,2,complete,,DocumentAnalysisAgent,
iteration_discounted,20260418,203,1.0000,2,complete,,DocumentAnalysisAgent,
iteration_discounted,20260418,204,0.0000,2,stagnant,SchemaAgent,SchemaAgent,0.0000
iteration_discounted,20260418,205,1.0000,1,complete,,DocumentAnalysisAgent,
iteration_discounted,20260418,206,1.0000,2,complete,,SchemaAgent,
iteration_discounted,20260418,207,0.0000,2,stagnant,,SchemaAgent,
iteration_discounted,20260418,208,0.0000,2,stagnant,,SchemaAgent,
iteration_discounted,20260418,209,1.0000,1,complete,,DocumentAnalysisAgent,
iteration_discounted,20260418,210,0.0000,2,stagnant,,LogParserAgent,
iteration_discounted,20260418,211,1.0000,1,complete,,DocumentAnalysisAgent,
iteration_discounted,20260418,212,0.0000,2,stagnant,DocumentAnalysisAgent,DocumentAnalysisAgent,0.0000
iteration_discounted,20260418,213,0.0000,2,stagnant,LogParserAgent,LogParserAgent,0.0000
iteration_discounted,20260418,214,0.0000,2,stagnant,,SchemaAgent,
iteration_discounted,20260418,215,0.0000,2,stagnant,,SchemaAgent,
iteration_discounted,20260418,216,0.0000,2,stagnant,,SchemaAgent,
iteration_discounted,20260418,217,0.0000,2,stagnant,,LogParserAgent,
iteration_discounted,20260418,218,1.0000,2,complete,,LogParserAgent,
iteration_discounted,20260418,219,0.0000,2,stagnant,SchemaAgent,SchemaAgent,0.0000
iteration_discounted,20260418,220,1.0000,1,complete,,DocumentAnalysisAgent,
iteration_discounted,20260418,221,0.0000,2,stagnant,,DocumentAnalysisAgent,
iteration_discounted,20260418,222,0.0000,2,stagnant,SchemaAgent,SchemaAgent,0.0000
iteration_discounted,20260418,223,0.0000,2,stagnant,DocumentAnalysisAgent,DocumentAnalysisAgent,0.0000
iteration_discounted,20260418,224,1.0000,1,complete,,DocumentAnalysisAgent,
iteration_discounted,20260418,225,0.0000,2,stagnant,QAAgent,SchemaAgent,0.0000
iteration_discounted,20260418,226,1.0000,1,complete,,DocumentAnalysisAgent,
iteration_discounted,20260418,227,0.0000,2,stagnant,SchemaAgent,SchemaAgent,0.0000
iteration_discounted,20260418,228,1.0000,2,complete,,SchemaAgent,
iteration_discounted,20260418,229,1.0000,2,complete,,SchemaAgent,
iteration_discounted,20260418,230,0.0000,2,stagnant,BuilderAgent,SchemaAgent,0.0000
iteration_discounted,20260418,231,0.0000,2,stagnant,QAAgent,LogParserAgent,0.0000
iteration_discounted,20260418,232,1.0000,2,complete,,SchemaAgent,
iteration_discounted,20260418,233,0.0000,2,stagnant,,LogParserAgent,
iteration_discounted,20260418,234,0.0000,2,stagnant,,DocumentAnalysisAgent,
iteration_discounted,20260418,235,0.0000,2,stagnant,,LogParserAgent,
iteration_discounted,20260418,236,0.0000,2,stagnant,DocumentAnalysisAgent,DocumentAnalysisAgent,0.0000
iteration_discounted,20260418,237,0.0000,2,stagnant,QAAgent,DocumentAnalysisAgent,0.0000
iteration_discounted,20260418,238,0.0000,2,stagnant,,SchemaAgent,
iteration_discounted,20260418,239,0.0000,2,stagnant,LogParserAgent,LogParserAgent,0.0000
iteration_discounted,20260418,240,0.0000,2,stagnant,LogParserAgent,LogParserAgent,0.0000
iteration_discounted,20260418,241,0.0000,2,stagnant,,DocumentAnalysisAgent,
iteration_discounted,20260418,242,0.0000,2,stagnant,,DocumentAnalysisAgent,
iteration_discounted,20260418,243,1.0000,1,complete,,DocumentAnalysisAgent,
iteration_discounted,20260418,244,1.0000,1,complete,,DocumentAnalysisAgent,
iteration_discounted,20260418,245,0.0000,2,stagnant,ValidatorAgent,SchemaAgent,0.0000
iteration_discounted,20260418,246,0.0000,2,stagnant,QAAgent,SchemaAgent,0.0000
iteration_discounted,20260418,247,1.0000,2,complete,,LogParserAgent,
iteration_discounted,20260418,248,1.0000,1,complete,,DocumentAnalysisAgent,
iteration_discounted,20260418,249,1.0000,1,complete,,DocumentAnalysisAgent,
iteration_discounted,20260418,250,0.0000,2,stagnant,SchemaAgent,SchemaAgent,0.0000
iteration_discounted,20260418,251,0.0000,2,stagnant,QAAgent,SchemaAgent,0.0000
iteration_discounted,20260418,252,0.0000,2,stagnant,,SchemaAgent,
iteration_discounted,20260418,253,0.0000,2,stagnant,SchemaAgent,SchemaAgent,0.0000
iteration_discounted,20260418,254,0.0000,2,stagnant,LogParserAgent,LogParserAgent,0.0000
iteration_discounted,20260418,255,0.0000,2,stagnant,,SchemaAgent,
iteration_discounted,20260418,256,1.0000,1,complete,,DocumentAnalysisAgent,
iteration_discounted,20260418,257,0.0000,2,stagnant,,SchemaAgent,
iteration_discounted,20260418,258,0.0000,2,stagnant,BuilderAgent,LogParserAgent,0.0000
iteration_discounted,20260418,259,0.0000,2,stagnant,ValidatorAgent,SchemaAgent,0.0000
iteration_discounted,20260418,260,0.0000,2,stagnant,,DocumentAnalysisAgent,
iteration_discounted,20260418,261,0.0000,2,stagnant,,SchemaAgent,
iteration_discounted,20260418,262,0.0000,2,stagnant,,DocumentAnalysisAgent,
iteration_discounted,20260418,263,0.0000,2,stagnant,,SchemaAgent,
iteration_discounted,20260418,264,0.0000,2,stagnant,QAAgent,SchemaAgent,0.0000
iteration_discounted,20260418,265,0.0000,2,stagnant,,LogParserAgent,
iteration_discounted,20260418,266,1.0000,1,complete,,DocumentAnalysisAgent,
iteration_discounted,20260418,267,0.0000,2,stagnant,,LogParserAgent,
iteration_discounted,20260418,268,0.0000,2,stagnant,SchemaAgent,LogParserAgent,0.0000
iteration_discounted,20260418,269,0.0000,2,stagnant,,SchemaAgent,
iteration_discounted,20260418,270,0.0000,2,stagnant,,LogParserAgent,
iteration_discounted,20260418,271,0.0000,2,stagnant,BuilderAgent,SchemaAgent,0.0000
iteration_discounted,20260418,272,0.0000,2,stagnant,,DocumentAnalysisAgent,
iteration_discounted,20260418,273,0.0000,2,stagnant,ValidatorAgent,DocumentAnalysisAgent,0.2941
iteration_discounted,20260418,274,0.0000,2,stagnant,LogParserAgent,LogParserAgent,0.0000
iteration_discounted,20260418,275,1.0000,2,complete,,LogParserAgent,
iteration_discounted,20260418,276,1.0000,2,complete,,DocumentAnalysisAgent,
iteration_discounted,20260418,277,1.0000,1,complete,,DocumentAnalysisAgent,
iteration_discounted,20260418,278,0.0000,2,stagnant,BuilderAgent,SchemaAgent,0.0000
iteration_discounted,20260418,279,0.0000,2,stagnant,,SchemaAgent,
iteration_discounted,20260418,280,1.0000,1,complete,,DocumentAnalysisAgent,
iteration_discounted,20260418,281,0.0000,2,stagnant,DocumentAnalysisAgent,DocumentAnalysisAgent,0.0000
iteration_discounted,20260418,282,0.0000,2,stagnant,QAAgent,SchemaAgent,0.0000
iteration_discounted,20260418,283,0.0000,2,stagnant,LogParserAgent,LogParserAgent,0.0000
iteration_discounted,20260418,284,0.0000,2,stagnant,LogParserAgent,LogParserAgent,0.0000
iteration_discounted,20260418,285,0.0000,2,stagnant,,SchemaAgent,
iteration_discounted,20260418,286,1.0000,2,complete,,SchemaAgent,
iteration_discounted,20260418,287,0.0000,2,stagnant,LogParserAgent,LogParserAgent,0.0000
iteration_discounted,20260418,288,1.0000,2,complete,,LogParserAgent,
iteration_discounted,20260418,289,0.0000,2,stagnant,,LogParserAgent,
iteration_discounted,20260418,290,1.0000,1,complete,,DocumentAnalysisAgent,
iteration_discounted,20260418,291,0.0000,2,stagnant,SchemaAgent,SchemaAgent,0.0000
iteration_discounted,20260418,292,0.0000,2,stagnant,,LogParserAgent,
iteration_discounted,20260418,293,1.0000,2,complete,,DocumentAnalysisAgent,
iteration_discounted,20260418,294,0.0000,2,stagnant,LogParserAgent,LogParserAgent,0.0000
iteration_discounted,20260418,295,0.0000,2,stagnant,SchemaAgent,SchemaAgent,0.0000
iteration_discounted,20260418,296,0.0000,2,stagnant,DocumentAnalysisAgent,DocumentAnalysisAgent,0.0000
iteration_discounted,20260418,297,1.0000,1,complete,,DocumentAnalysisAgent,
iteration_discounted,20260418,298,0.0000,2,stagnant,,SchemaAgent,
iteration_discounted,20260418,299,0.0000,2,stagnant,,DocumentAnalysisAgent,
iteration_discounted,20260418,300,0.0000,2,stagnant,QAAgent,SchemaAgent,0.0000
iteration_discounted,20260418,301,0.0000,2,stagnant,BuilderAgent,SchemaAgent,0.0000
iteration_discounted,20260418,302,0.0000,2,stagnant,,SchemaAgent,
iteration_discounted,20260418,303,1.0000,2,complete,,DocumentAnalysisAgent,
iteration_discounted,20260418,304,0.0000,2,stagnant,,SchemaAgent,
iteration_discounted,20260418,305,0.0000,2,stagnant,ValidatorAgent,SchemaAgent,0.0000
iteration_discounted,20260418,306,1.0000,1,complete,,DocumentAnalysisAgent,
iteration_discounted,20260418,307,0.0000,2,stagnant,SchemaAgent,DocumentAnalysisAgent,0.0000
iteration_discounted,20260418,308,0.0000,2,stagnant,,SchemaAgent,
iteration_discounted,20260418,309,0.0000,2,stagnant,,SchemaAgent,
iteration_discounted,20260418,310,1.0000,1,complete,,DocumentAnalysisAgent,
iteration_discounted,20260418,311,0.0000,2,stagnant,QAAgent,LogParserAgent,0.0000
iteration_discounted,20260418,312,0.0000,2,stagnant,SchemaAgent,SchemaAgent,0.0000
iteration_discounted,20260418,313,1.0000,2,complete,,DocumentAnalysisAgent,
iteration_discounted,20260418,314,0.0000,2,stagnant,,SchemaAgent,
iteration_discounted,20260418,315,0.0000,2,stagnant,,LogParserAgent,
iteration_discounted,20260418,316,0.0000,2,stagnant,LogParserAgent,LogParserAgent,0.0000
iteration_discounted,20260418,317,0.0000,2,stagnant,,SchemaAgent,
iteration_discounted,20260418,318,0.0000,2,stagnant,,SchemaAgent,
iteration_discounted,20260418,319,1.0000,1,complete,,DocumentAnalysisAgent,
iteration_discounted,20260418,320,0.0000,2,stagnant,QAAgent,LogParserAgent,0.0000
iteration_discounted,20260418,321,0.0000,2,stagnant,,LogParserAgent,
iteration_discounted,20260418,322,0.0000,2,stagnant,DocumentAnalysisAgent,DocumentAnalysisAgent,0.0000
iteration_discounted,20260418,323,1.0000,2,complete,,LogParserAgent,
iteration_discounted,20260418,324,1.0000,2,complete,,SchemaAgent,
iteration_discounted,20260418,325,0.0000,2,stagnant,BuilderAgent,DocumentAnalysisAgent,0.0000
iteration_discounted,20260418,326,0.0000,2,stagnant,,DocumentAnalysisAgent,
iteration_discounted,20260418,327,0.0000,2,stagnant,QAAgent,SchemaAgent,0.0000
iteration_discounted,20260418,328,0.0000,2,stagnant,ValidatorAgent,SchemaAgent,0.0000
iteration_discounted,20260418,329,0.0000,2,stagnant,,SchemaAgent,
iteration_discounted,20260418,330,0.0000,2,stagnant,,SchemaAgent,
iteration_discounted,20260418,331,0.0000,2,stagnant,,SchemaAgent,
iteration_discounted,20260418,332,0.0000,2,stagnant,BuilderAgent,SchemaAgent,0.0000
iteration_discounted,20260418,333,0.0000,2,stagnant,,LogParserAgent,
iteration_discounted,20260418,334,0.0000,2,stagnant,DocumentAnalysisAgent,DocumentAnalysisAgent,0.0000
iteration_discounted,20260418,335,0.0000,2,stagnant,,SchemaAgent,
iteration_discounted,20260418,336,0.0000,2,stagnant,DocumentAnalysisAgent,DocumentAnalysisAgent,0.0000
iteration_discounted,20260418,337,0.0000,2,stagnant,DocumentAnalysisAgent,DocumentAnalysisAgent,0.0000
iteration_discounted,20260418,338,0.0000,2,stagnant,,LogParserAgent,
iteration_discounted,20260418,339,0.0000,2,stagnant,,LogParserAgent,
iteration_discounted,20260418,340,0.0000,2,stagnant,,SchemaAgent,
iteration_discounted,20260418,341,0.0000,2,stagnant,ValidatorAgent,SchemaAgent,0.0000
iteration_discounted,20260418,342,0.0000,2,stagnant,,DocumentAnalysisAgent,
iteration_discounted,20260418,343,0.0000,2,stagnant,,LogParserAgent,
iteration_discounted,20260418,344,0.0000,2,stagnant,BuilderAgent,SchemaAgent,0.0000
iteration_discounted,20260418,345,0.0000,2,stagnant,,SchemaAgent,
iteration_discounted,20260418,346,1.0000,1,complete,,DocumentAnalysisAgent,
iteration_discounted,20260418,347,0.0000,2,stagnant,,SchemaAgent,
iteration_discounted,20260418,348,1.0000,1,complete,,DocumentAnalysisAgent,
iteration_discounted,20260418,349,0.0000,2,stagnant,SchemaAgent,SchemaAgent,0.0000
iteration_discounted,20260418,350,0.0000,2,stagnant,,SchemaAgent,
iteration_discounted,20260418,351,0.0000,2,stagnant,QAAgent,SchemaAgent,0.0000
iteration_discounted,20260418,352,1.0000,2,complete,,SchemaAgent,
iteration_discounted,20260418,353,1.0000,2,complete,,SchemaAgent,
iteration_discounted,20260418,354,0.0000,2,stagnant,,SchemaAgent,
iteration_discounted,20260418,355,1.0000,2,complete,,DocumentAnalysisAgent,
iteration_discounted,20260418,356,0.0000,2,stagnant,DocumentAnalysisAgent,DocumentAnalysisAgent,0.0000
iteration_discounted,20260418,357,0.0000,2,stagnant,,LogParserAgent,
iteration_discounted,20260418,358,0.0000,2,stagnant,,DocumentAnalysisAgent,
iteration_discounted,20260418,359,0.0000,2,stagnant,,SchemaAgent,
iteration_discounted,20260418,360,1.0000,1,complete,,DocumentAnalysisAgent,
iteration_discounted,20260418,361,0.0000,2,stagnant,,SchemaAgent,
iteration_discounted,20260418,362,1.0000,1,complete,,DocumentAnalysisAgent,
iteration_discounted,20260418,363,0.0000,2,stagnant,DocumentAnalysisAgent,DocumentAnalysisAgent,0.0000
iteration_discounted,20260418,364,1.0000,1,complete,,DocumentAnalysisAgent,
iteration_discounted,20260418,365,1.0000,1,complete,,DocumentAnalysisAgent,
iteration_discounted,20260418,366,0.0000,2,stagnant,,LogParserAgent,
iteration_discounted,20260418,367,0.0000,2,stagnant,,SchemaAgent,
iteration_discounted,20260418,368,0.0000,2,stagnant,,LogParserAgent,
iteration_discounted,20260418,369,1.0000,2,complete,,LogParserAgent,
iteration_discounted,20260418,370,0.0000,2,stagnant,,SchemaAgent,
iteration_discounted,20260418,371,1.0000,1,complete,,DocumentAnalysisAgent,
iteration_discounted,20260418,372,0.0000,2,stagnant,SchemaAgent,SchemaAgent,0.0000
iteration_discounted,20260418,373,1.0000,1,complete,QAAgent,DocumentAnalysisAgent,1.0000
iteration_discounted,20260418,374,0.0000,2,stagnant,,LogParserAgent,
iteration_discounted,20260418,375,0.0000,2,stagnant,,DocumentAnalysisAgent,
iteration_discounted,20260418,376,0.0000,2,stagnant,BuilderAgent,LogParserAgent,0.0000
iteration_discounted,20260418,377,0.0000,2,stagnant,DocumentAnalysisAgent,DocumentAnalysisAgent,0.0000
iteration_discounted,20260418,378,0.0000,2,stagnant,,SchemaAgent,
iteration_discounted,20260418,379,1.0000,2,complete,,SchemaAgent,
iteration_discounted,20260418,380,0.0000,2,stagnant,,DocumentAnalysisAgent,
iteration_discounted,20260418,381,0.0000,2,stagnant,DocumentAnalysisAgent,DocumentAnalysisAgent,0.0000
iteration_discounted,20260418,382,1.0000,1,complete,,DocumentAnalysisAgent,
iteration_discounted,20260418,383,0.0000,2,stagnant,BuilderAgent,SchemaAgent,0.0000
iteration_discounted,20260418,384,0.0000,2,stagnant,SchemaAgent,SchemaAgent,0.2059
iteration_discounted,20260418,385,0.0000,2,stagnant,LogParserAgent,LogParserAgent,0.0000
iteration_discounted,20260418,386,1.0000,1,complete,,DocumentAnalysisAgent,
iteration_discounted,20260418,387,0.0000,2,stagnant,ValidatorAgent,SchemaAgent,0.0000
iteration_discounted,20260418,388,0.0000,2,stagnant,,DocumentAnalysisAgent,
iteration_discounted,20260418,389,0.0000,2,stagnant,,SchemaAgent,
iteration_discounted,20260418,390,0.0000,2,stagnant,,LogParserAgent,
iteration_discounted,20260418,391,0.0000,2,stagnant,ValidatorAgent,SchemaAgent,0.0000
iteration_discounted,20260418,392,1.0000,1,complete,,DocumentAnalysisAgent,
iteration_discounted,20260418,393,0.0000,2,stagnant,,SchemaAgent,
iteration_discounted,20260418,394,0.0000,2,stagnant,SchemaAgent,SchemaAgent,0.0000
iteration_discounted,20260418,395,0.0000,2,stagnant,,SchemaAgent,
iteration_discounted,20260418,396,0.0000,2,stagnant,BuilderAgent,SchemaAgent,0.0000
iteration_discounted,20260418,397,0.0000,2,stagnant,,SchemaAgent,
iteration_discounted,20260418,398,1.0000,2,complete,,SchemaAgent,
iteration_discounted,20260418,399,0.0000,2,stagnant,,LogParserAgent,
iteration_discounted,20260419,0,0.0000,2,stagnant,,SchemaAgent,
iteration_discounted,20260419,1,0.0000,2,stagnant,,SchemaAgent,
iteration_discounted,20260419,2,0.0000,2,stagnant,,LogParserAgent,
iteration_discounted,20260419,3,0.0000,2,stagnant,ValidatorAgent,SchemaAgent,0.0000
iteration_discounted,20260419,4,0.0000,2,stagnant,,SchemaAgent,
iteration_discounted,20260419,5,0.0000,2,stagnant,,DocumentAnalysisAgent,
iteration_discounted,20260419,6,1.0000,2,complete,,SchemaAgent,
iteration_discounted,20260419,7,0.0000,2,stagnant,,DocumentAnalysisAgent,
iteration_discounted,20260419,8,0.0000,2,stagnant,LogParserAgent,LogParserAgent,0.0000
iteration_discounted,20260419,9,0.0000,2,stagnant,,SchemaAgent,
iteration_discounted,20260419,10,0.0000,2,stagnant,,LogParserAgent,
iteration_discounted,20260419,11,0.0000,2,stagnant,,SchemaAgent,
iteration_discounted,20260419,12,0.0000,2,stagnant,BuilderAgent,SchemaAgent,0.0000
iteration_discounted,20260419,13,0.0000,2,stagnant,,SchemaAgent,
iteration_discounted,20260419,14,1.0000,2,complete,,SchemaAgent,
iteration_discounted,20260419,15,0.0000,2,stagnant,ValidatorAgent,SchemaAgent,0.0000
iteration_discounted,20260419,16,0.0000,2,stagnant,ValidatorAgent,SchemaAgent,0.0000
iteration_discounted,20260419,17,0.0000,2,stagnant,,SchemaAgent,
iteration_discounted,20260419,18,0.0000,2,stagnant,,LogParserAgent,
iteration_discounted,20260419,19,0.0000,2,stagnant,BuilderAgent,SchemaAgent,0.0000
iteration_discounted,20260419,20,0.0000,2,stagnant,,DocumentAnalysisAgent,
iteration_discounted,20260419,21,0.0000,2,stagnant,,SchemaAgent,
iteration_discounted,20260419,22,1.0000,2,complete,,SchemaAgent,
iteration_discounted,20260419,23,1.0000,2,complete,,SchemaAgent,
iteration_discounted,20260419,24,0.0000,2,stagnant,LogParserAgent,LogParserAgent,0.0000
iteration_discounted,20260419,25,0.0000,2,stagnant,ValidatorAgent,SchemaAgent,0.0000
iteration_discounted,20260419,26,0.0000,2,stagnant,LogParserAgent,LogParserAgent,0.0000
iteration_discounted,20260419,27,0.0000,2,stagnant,DocumentAnalysisAgent,DocumentAnalysisAgent,0.0000
iteration_discounted,20260419,28,0.0000,2,stagnant,LogParserAgent,LogParserAgent,0.0000
iteration_discounted,20260419,29,0.0000,2,stagnant,,SchemaAgent,
iteration_discounted,20260419,30,0.0000,2,stagnant,,SchemaAgent,
iteration_discounted,20260419,31,0.0000,2,stagnant,BuilderAgent,SchemaAgent,0.0000
iteration_discounted,20260419,32,0.0000,2,stagnant,LogParserAgent,LogParserAgent,0.0000
iteration_discounted,20260419,33,0.0000,2,stagnant,LogParserAgent,LogParserAgent,0.0000
iteration_discounted,20260419,34,0.0000,2,stagnant,QAAgent,SchemaAgent,0.0000
iteration_discounted,20260419,35,0.0000,2,stagnant,,SchemaAgent,
iteration_discounted,20260419,36,0.0000,2,stagnant,BuilderAgent,SchemaAgent,0.0000
iteration_discounted,20260419,37,0.0000,2,stagnant,SchemaAgent,SchemaAgent,0.0000
iteration_discounted,20260419,38,1.0000,1,complete,,DocumentAnalysisAgent,
iteration_discounted,20260419,39,0.0000,2,stagnant,,LogParserAgent,
iteration_discounted,20260419,40,0.0000,2,stagnant,QAAgent,DocumentAnalysisAgent,0.0000
iteration_discounted,20260419,41,0.0000,2,stagnant,BuilderAgent,SchemaAgent,0.0000
iteration_discounted,20260419,42,0.0000,2,stagnant,,SchemaAgent,
iteration_discounted,20260419,43,0.0000,2,stagnant,,DocumentAnalysisAgent,
iteration_discounted,20260419,44,1.0000,2,complete,,LogParserAgent,
iteration_discounted,20260419,45,0.0000,2,stagnant,LogParserAgent,LogParserAgent,0.0000
iteration_discounted,20260419,46,0.0000,2,stagnant,,LogParserAgent,
iteration_discounted,20260419,47,0.0000,2,stagnant,,DocumentAnalysisAgent,
iteration_discounted,20260419,48,0.0000,2,stagnant,,SchemaAgent,
iteration_discounted,20260419,49,0.0000,2,stagnant,LogParserAgent,LogParserAgent,0.0000
iteration_discounted,20260419,50,0.0000,2,stagnant,BuilderAgent,SchemaAgent,0.0000
iteration_discounted,20260419,51,0.0000,2,stagnant,,SchemaAgent,
iteration_discounted,20260419,52,0.0000,2,stagnant,,SchemaAgent,
iteration_discounted,20260419,53,0.0000,2,stagnant,,SchemaAgent,
iteration_discounted,20260419,54,0.0000,2,stagnant,,LogParserAgent,
iteration_discounted,20260419,55,0.0000,2,stagnant,,DocumentAnalysisAgent,
iteration_discounted,20260419,56,0.0000,2,stagnant,,SchemaAgent,
iteration_discounted,20260419,57,0.0000,2,stagnant,,SchemaAgent,
iteration_discounted,20260419,58,0.0000,2,stagnant,,DocumentAnalysisAgent,
iteration_discounted,20260419,59,0.0000,2,stagnant,BuilderAgent,SchemaAgent,0.0000
iteration_discounted,20260419,60,0.0000,2,stagnant,BuilderAgent,SchemaAgent,0.0000
iteration_discounted,20260419,61,0.0000,2,stagnant,,SchemaAgent,
iteration_discounted,20260419,62,1.0000,1,complete,,DocumentAnalysisAgent,
iteration_discounted,20260419,63,0.0000,2,stagnant,,SchemaAgent,
iteration_discounted,20260419,64,0.0000,2,stagnant,SchemaAgent,SchemaAgent,0.0000
iteration_discounted,20260419,65,0.0000,2,stagnant,QAAgent,LogParserAgent,0.0000
iteration_discounted,20260419,66,0.0000,2,stagnant,,DocumentAnalysisAgent,
iteration_discounted,20260419,67,0.0000,2,stagnant,,DocumentAnalysisAgent,
iteration_discounted,20260419,68,0.0000,2,stagnant,,SchemaAgent,
iteration_discounted,20260419,69,0.0000,2,stagnant,,SchemaAgent,
iteration_discounted,20260419,70,0.0000,2,stagnant,BuilderAgent,SchemaAgent,0.0000
iteration_discounted,20260419,71,1.0000,1,complete,,DocumentAnalysisAgent,
iteration_discounted,20260419,72,1.0000,1,complete,,DocumentAnalysisAgent,
iteration_discounted,20260419,73,0.0000,2,stagnant,SchemaAgent,SchemaAgent,0.0000
iteration_discounted,20260419,74,0.0000,2,stagnant,QAAgent,SchemaAgent,0.0000
iteration_discounted,20260419,75,1.0000,1,complete,,DocumentAnalysisAgent,
iteration_discounted,20260419,76,0.0000,2,stagnant,,LogParserAgent,
iteration_discounted,20260419,77,0.0000,2,stagnant,QAAgent,SchemaAgent,0.0000
iteration_discounted,20260419,78,0.0000,2,stagnant,,SchemaAgent,
iteration_discounted,20260419,79,1.0000,2,complete,,SchemaAgent,
iteration_discounted,20260419,80,0.0000,2,stagnant,QAAgent,SchemaAgent,0.0000
iteration_discounted,20260419,81,1.0000,1,complete,,DocumentAnalysisAgent,
iteration_discounted,20260419,82,0.0000,2,stagnant,DocumentAnalysisAgent,DocumentAnalysisAgent,0.0000
iteration_discounted,20260419,83,0.0000,2,stagnant,DocumentAnalysisAgent,DocumentAnalysisAgent,0.0000
iteration_discounted,20260419,84,0.0000,2,stagnant,,SchemaAgent,
iteration_discounted,20260419,85,0.0000,2,stagnant,LogParserAgent,LogParserAgent,0.0000
iteration_discounted,20260419,86,0.0000,2,stagnant,,SchemaAgent,
iteration_discounted,20260419,87,0.0000,2,stagnant,SchemaAgent,SchemaAgent,0.0000
iteration_discounted,20260419,88,1.0000,1,complete,,DocumentAnalysisAgent,
iteration_discounted,20260419,89,0.0000,2,stagnant,,LogParserAgent,
iteration_discounted,20260419,90,1.0000,1,complete,,DocumentAnalysisAgent,
iteration_discounted,20260419,91,0.0000,2,stagnant,ValidatorAgent,DocumentAnalysisAgent,0.0000
iteration_discounted,20260419,92,0.0000,2,stagnant,,SchemaAgent,
iteration_discounted,20260419,93,0.0000,2,stagnant,,SchemaAgent,
iteration_discounted,20260419,94,0.0000,2,stagnant,,SchemaAgent,
iteration_discounted,20260419,95,0.0000,2,stagnant,LogParserAgent,LogParserAgent,0.0000
iteration_discounted,20260419,96,0.0000,2,stagnant,,DocumentAnalysisAgent,
iteration_discounted,20260419,97,0.0000,2,stagnant,LogParserAgent,SchemaAgent,0.2941
iteration_discounted,20260419,98,0.0000,2,stagnant,DocumentAnalysisAgent,DocumentAnalysisAgent,0.0000
iteration_discounted,20260419,99,0.0000,2,stagnant,DocumentAnalysisAgent,DocumentAnalysisAgent,0.0000
iteration_discounted,20260419,100,0.0000,2,stagnant,,LogParserAgent,
iteration_discounted,20260419,101,0.0000,2,stagnant,LogParserAgent,LogParserAgent,0.0000
iteration_discounted,20260419,102,0.0000,2,stagnant,ValidatorAgent,SchemaAgent,0.0000
iteration_discounted,20260419,103,0.0000,2,stagnant,DocumentAnalysisAgent,DocumentAnalysisAgent,0.0000
iteration_discounted,20260419,104,0.0000,2,stagnant,,SchemaAgent,
iteration_discounted,20260419,105,1.0000,2,complete,,LogParserAgent,
iteration_discounted,20260419,106,0.0000,2,stagnant,LogParserAgent,DocumentAnalysisAgent,0.0000
iteration_discounted,20260419,107,0.0000,2,stagnant,LogParserAgent,LogParserAgent,0.0000
iteration_discounted,20260419,108,0.0000,2,stagnant,DocumentAnalysisAgent,DocumentAnalysisAgent,0.0000
iteration_discounted,20260419,109,0.0000,2,stagnant,SchemaAgent,SchemaAgent,0.0000
iteration_discounted,20260419,110,0.0000,2,stagnant,QAAgent,SchemaAgent,0.0000
iteration_discounted,20260419,111,0.0000,2,stagnant,,DocumentAnalysisAgent,
iteration_discounted,20260419,112,0.0000,2,stagnant,LogParserAgent,LogParserAgent,0.0000
iteration_discounted,20260419,113,1.0000,1,complete,,DocumentAnalysisAgent,
iteration_discounted,20260419,114,0.0000,2,stagnant,BuilderAgent,SchemaAgent,0.0000
iteration_discounted,20260419,115,1.0000,1,complete,,DocumentAnalysisAgent,
iteration_discounted,20260419,116,0.0000,2,stagnant,ValidatorAgent,SchemaAgent,0.0000
iteration_discounted,20260419,117,1.0000,1,complete,,DocumentAnalysisAgent,
iteration_discounted,20260419,118,0.0000,2,stagnant,LogParserAgent,LogParserAgent,0.0000
iteration_discounted,20260419,119,0.0000,2,stagnant,LogParserAgent,SchemaAgent,0.2941
iteration_discounted,20260419,120,0.0000,2,stagnant,BuilderAgent,SchemaAgent,0.0000
iteration_discounted,20260419,121,0.0000,2,stagnant,SchemaAgent,SchemaAgent,0.0000
iteration_discounted,20260419,122,0.0000,2,stagnant,,SchemaAgent,
iteration_discounted,20260419,123,0.0000,2,stagnant,,SchemaAgent,
iteration_discounted,20260419,124,0.0000,2,stagnant,,SchemaAgent,
iteration_discounted,20260419,125,1.0000,2,complete,,SchemaAgent,
iteration_discounted,20260419,126,1.0000,2,complete,,SchemaAgent,
iteration_discounted,20260419,127,0.0000,2,stagnant,QAAgent,SchemaAgent,0.0000
iteration_discounted,20260419,128,0.0000,2,stagnant,,DocumentAnalysisAgent,
iteration_discounted,20260419,129,0.0000,2,stagnant,BuilderAgent,SchemaAgent,0.0000
iteration_discounted,20260419,130,0.0000,2,stagnant,,LogParserAgent,
iteration_discounted,20260419,131,1.0000,1,complete,,DocumentAnalysisAgent,
iteration_discounted,20260419,132,0.0000,2,stagnant,,SchemaAgent,
iteration_discounted,20260419,133,0.0000,2,stagnant,BuilderAgent,SchemaAgent,0.0000
iteration_discounted,20260419,134,0.0000,2,stagnant,,SchemaAgent,
iteration_discounted,20260419,135,0.0000,2,stagnant,,DocumentAnalysisAgent,
iteration_discounted,20260419,136,0.0000,2,stagnant,,DocumentAnalysisAgent,
iteration_discounted,20260419,137,0.0000,2,stagnant,,SchemaAgent,
iteration_discounted,20260419,138,0.0000,2,stagnant,SchemaAgent,SchemaAgent,0.0000
iteration_discounted,20260419,139,1.0000,1,complete,,DocumentAnalysisAgent,
iteration_discounted,20260419,140,0.0000,2,stagnant,,SchemaAgent,
iteration_discounted,20260419,141,0.0000,2,stagnant,,SchemaAgent,
iteration_discounted,20260419,142,0.0000,2,stagnant,SchemaAgent,SchemaAgent,0.0000
iteration_discounted,20260419,143,1.0000,1,complete,,DocumentAnalysisAgent,
iteration_discounted,20260419,144,0.0000,2,stagnant,ValidatorAgent,SchemaAgent,0.0000
iteration_discounted,20260419,145,1.0000,2,complete,,DocumentAnalysisAgent,
iteration_discounted,20260419,146,1.0000,2,complete,,DocumentAnalysisAgent,
iteration_discounted,20260419,147,0.0000,2,stagnant,SchemaAgent,SchemaAgent,0.0000
iteration_discounted,20260419,148,0.0000,2,stagnant,,SchemaAgent,
iteration_discounted,20260419,149,1.0000,1,complete,,DocumentAnalysisAgent,
iteration_discounted,20260419,150,0.0000,2,stagnant,DocumentAnalysisAgent,DocumentAnalysisAgent,0.0000
iteration_discounted,20260419,151,0.0000,2,stagnant,SchemaAgent,SchemaAgent,0.0000
iteration_discounted,20260419,152,0.0000,2,stagnant,ValidatorAgent,SchemaAgent,0.0000
iteration_discounted,20260419,153,0.0000,2,stagnant,DocumentAnalysisAgent,DocumentAnalysisAgent,0.0000
iteration_discounted,20260419,154,0.0000,2,stagnant,,SchemaAgent,
iteration_discounted,20260419,155,0.0000,2,stagnant,,LogParserAgent,
iteration_discounted,20260419,156,0.0000,2,stagnant,LogParserAgent,LogParserAgent,0.0000
iteration_discounted,20260419,157,0.0000,2,stagnant,,DocumentAnalysisAgent,
iteration_discounted,20260419,158,0.0000,2,stagnant,,SchemaAgent,
iteration_discounted,20260419,159,0.0000,2,stagnant,QAAgent,SchemaAgent,0.0000
iteration_discounted,20260419,160,0.0000,2,stagnant,,SchemaAgent,
iteration_discounted,20260419,161,0.0000,2,stagnant,DocumentAnalysisAgent,DocumentAnalysisAgent,0.0000
iteration_discounted,20260419,162,0.0000,2,stagnant,,SchemaAgent,
iteration_discounted,20260419,163,1.0000,1,complete,,DocumentAnalysisAgent,
iteration_discounted,20260419,164,0.0000,2,stagnant,,SchemaAgent,
iteration_discounted,20260419,165,0.0000,2,stagnant,BuilderAgent,SchemaAgent,0.0000
iteration_discounted,20260419,166,0.0000,2,stagnant,,LogParserAgent,
iteration_discounted,20260419,167,0.0000,2,stagnant,SchemaAgent,SchemaAgent,0.0000
iteration_discounted,20260419,168,0.0000,2,stagnant,,DocumentAnalysisAgent,
iteration_discounted,20260419,169,0.0000,2,stagnant,BuilderAgent,SchemaAgent,0.0000
iteration_discounted,20260419,170,0.0000,2,stagnant,,LogParserAgent,
iteration_discounted,20260419,171,0.0000,2,stagnant,,DocumentAnalysisAgent,
iteration_discounted,20260419,172,0.0000,2,stagnant,,SchemaAgent,
iteration_discounted,20260419,173,0.0000,2,stagnant,SchemaAgent,SchemaAgent,0.0000
iteration_discounted,20260419,174,1.0000,1,complete,,DocumentAnalysisAgent,
iteration_discounted,20260419,175,1.0000,2,complete,,SchemaAgent,
iteration_discounted,20260419,176,0.0000,2,stagnant,BuilderAgent,SchemaAgent,0.0000
iteration_discounted,20260419,177,1.0000,1,complete,,DocumentAnalysisAgent,
iteration_discounted,20260419,178,0.0000,2,stagnant,,SchemaAgent,
iteration_discounted,20260419,179,0.0000,2,stagnant,LogParserAgent,LogParserAgent,0.0000
iteration_discounted,20260419,180,0.0000,2,stagnant,DocumentAnalysisAgent,DocumentAnalysisAgent,0.0000
iteration_discounted,20260419,181,1.0000,2,complete,,DocumentAnalysisAgent,
iteration_discounted,20260419,182,0.0000,2,stagnant,BuilderAgent,SchemaAgent,0.0000
iteration_discounted,20260419,183,0.0000,2,stagnant,,SchemaAgent,
iteration_discounted,20260419,184,0.0000,2,stagnant,,SchemaAgent,
iteration_discounted,20260419,185,0.0000,2,stagnant,SchemaAgent,SchemaAgent,0.0000
iteration_discounted,20260419,186,0.0000,2,stagnant,,SchemaAgent,
iteration_discounted,20260419,187,0.0000,2,stagnant,,SchemaAgent,
iteration_discounted,20260419,188,0.0000,2,stagnant,,DocumentAnalysisAgent,
iteration_discounted,20260419,189,0.0000,2,stagnant,,SchemaAgent,
iteration_discounted,20260419,190,0.0000,2,stagnant,,DocumentAnalysisAgent,
iteration_discounted,20260419,191,0.0000,2,stagnant,DocumentAnalysisAgent,DocumentAnalysisAgent,0.0000
iteration_discounted,20260419,192,0.0000,2,stagnant,LogParserAgent,LogParserAgent,0.0000
iteration_discounted,20260419,193,1.0000,2,complete,,SchemaAgent,
iteration_discounted,20260419,194,0.0000,2,stagnant,QAAgent,SchemaAgent,0.0000
iteration_discounted,20260419,195,0.0000,2,stagnant,ValidatorAgent,SchemaAgent,0.0000
iteration_discounted,20260419,196,0.0000,2,stagnant,DocumentAnalysisAgent,DocumentAnalysisAgent,0.0000
iteration_discounted,20260419,197,0.0000,2,stagnant,,SchemaAgent,
iteration_discounted,20260419,198,0.0000,2,stagnant,,SchemaAgent,
iteration_discounted,20260419,199,0.0000,2,stagnant,,SchemaAgent,
iteration_discounted,20260419,200,0.0000,2,stagnant,LogParserAgent,LogParserAgent,0.0000
iteration_discounted,20260419,201,0.0000,2,stagnant,DocumentAnalysisAgent,DocumentAnalysisAgent,0.0000
iteration_discounted,20260419,202,1.0000,1,complete,,DocumentAnalysisAgent,
iteration_discounted,20260419,203,0.0000,2,stagnant,SchemaAgent,SchemaAgent,0.0000
iteration_discounted,20260419,204,1.0000,1,complete,SchemaAgent,DocumentAnalysisAgent,1.0000
iteration_discounted,20260419,205,1.0000,1,complete,LogParserAgent,DocumentAnalysisAgent,1.0000
iteration_discounted,20260419,206,0.0000,2,stagnant,QAAgent,SchemaAgent,0.0000
iteration_discounted,20260419,207,0.0000,2,stagnant,QAAgent,SchemaAgent,0.0000
iteration_discounted,20260419,208,0.0000,2,stagnant,BuilderAgent,SchemaAgent,0.0000
iteration_discounted,20260419,209,0.0000,2,stagnant,ValidatorAgent,SchemaAgent,0.0000
iteration_discounted,20260419,210,1.0000,1,complete,,DocumentAnalysisAgent,
iteration_discounted,20260419,211,1.0000,1,complete,,DocumentAnalysisAgent,
iteration_discounted,20260419,212,1.0000,1,complete,,DocumentAnalysisAgent,
iteration_discounted,20260419,213,0.0000,2,stagnant,DocumentAnalysisAgent,DocumentAnalysisAgent,0.0000
iteration_discounted,20260419,214,1.0000,1,complete,,DocumentAnalysisAgent,
iteration_discounted,20260419,215,1.0000,1,complete,,DocumentAnalysisAgent,
iteration_discounted,20260419,216,0.0000,2,stagnant,,SchemaAgent,
iteration_discounted,20260419,217,0.0000,2,stagnant,,SchemaAgent,
iteration_discounted,20260419,218,0.0000,2,stagnant,BuilderAgent,SchemaAgent,0.0000
iteration_discounted,20260419,219,0.0000,2,stagnant,,SchemaAgent,
iteration_discounted,20260419,220,0.0000,2,stagnant,,SchemaAgent,
iteration_discounted,20260419,221,0.0000,2,stagnant,BuilderAgent,SchemaAgent,0.0000
iteration_discounted,20260419,222,0.0000,2,stagnant,,SchemaAgent,
iteration_discounted,20260419,223,0.0000,2,stagnant,ValidatorAgent,SchemaAgent,0.0000
iteration_discounted,20260419,224,0.0000,2,stagnant,,LogParserAgent,
iteration_discounted,20260419,225,0.0000,2,stagnant,LogParserAgent,SchemaAgent,0.2059
iteration_discounted,20260419,226,0.0000,2,stagnant,,DocumentAnalysisAgent,
iteration_discounted,20260419,227,0.0000,2,stagnant,,DocumentAnalysisAgent,
iteration_discounted,20260419,228,0.0000,2,stagnant,LogParserAgent,LogParserAgent,0.0000
iteration_discounted,20260419,229,0.0000,2,stagnant,,SchemaAgent,
iteration_discounted,20260419,230,0.0000,2,stagnant,,SchemaAgent,
iteration_discounted,20260419,231,0.0000,2,stagnant,ValidatorAgent,SchemaAgent,0.0000
iteration_discounted,20260419,232,1.0000,2,complete,,DocumentAnalysisAgent,
iteration_discounted,20260419,233,0.0000,2,stagnant,LogParserAgent,LogParserAgent,0.0000
iteration_discounted,20260419,234,0.0000,2,stagnant,BuilderAgent,SchemaAgent,0.0000
iteration_discounted,20260419,235,1.0000,1,complete,,DocumentAnalysisAgent,
iteration_discounted,20260419,236,0.0000,2,stagnant,,DocumentAnalysisAgent,
iteration_discounted,20260419,237,0.0000,2,stagnant,ValidatorAgent,SchemaAgent,0.0000
iteration_discounted,20260419,238,0.0000,2,stagnant,LogParserAgent,LogParserAgent,0.0000
iteration_discounted,20260419,239,0.0000,2,stagnant,DocumentAnalysisAgent,DocumentAnalysisAgent,0.0000
iteration_discounted,20260419,240,0.0000,2,stagnant,,SchemaAgent,
iteration_discounted,20260419,241,1.0000,2,complete,,LogParserAgent,
iteration_discounted,20260419,242,0.0000,2,stagnant,,SchemaAgent,
iteration_discounted,20260419,243,1.0000,2,complete,,DocumentAnalysisAgent,
iteration_discounted,20260419,244,0.0000,2,stagnant,,SchemaAgent,
iteration_discounted,20260419,245,0.0000,2,stagnant,,SchemaAgent,
iteration_discounted,20260419,246,0.0000,2,stagnant,QAAgent,SchemaAgent,0.0000
iteration_discounted,20260419,247,1.0000,1,complete,,DocumentAnalysisAgent,
iteration_discounted,20260419,248,0.0000,2,stagnant,,SchemaAgent,
iteration_discounted,20260419,249,0.0000,2,stagnant,BuilderAgent,SchemaAgent,0.0000
iteration_discounted,20260419,250,0.0000,2,stagnant,,LogParserAgent,
iteration_discounted,20260419,251,0.0000,2,stagnant,SchemaAgent,SchemaAgent,0.0000
iteration_discounted,20260419,252,0.0000,2,stagnant,SchemaAgent,SchemaAgent,0.0000
iteration_discounted,20260419,253,0.0000,2,stagnant,LogParserAgent,LogParserAgent,0.0000
iteration_discounted,20260419,254,0.0000,2,stagnant,BuilderAgent,SchemaAgent,0.0000
iteration_discounted,20260419,255,1.0000,1,complete,,DocumentAnalysisAgent,
iteration_discounted,20260419,256,0.0000,2,stagnant,LogParserAgent,LogParserAgent,0.0000
iteration_discounted,20260419,257,0.0000,2,stagnant,ValidatorAgent,SchemaAgent,0.0000
iteration_discounted,20260419,258,0.0000,2,stagnant,,LogParserAgent,
iteration_discounted,20260419,259,0.0000,2,stagnant,LogParserAgent,LogParserAgent,0.0000
iteration_discounted,20260419,260,0.0000,2,stagnant,,LogParserAgent,
iteration_discounted,20260419,261,0.0000,2,stagnant,ValidatorAgent,SchemaAgent,0.0000
iteration_discounted,20260419,262,0.0000,2,stagnant,,SchemaAgent,
iteration_discounted,20260419,263,0.0000,2,stagnant,QAAgent,SchemaAgent,0.0000
iteration_discounted,20260419,264,0.0000,2,stagnant,ValidatorAgent,SchemaAgent,0.0000
iteration_discounted,20260419,265,0.0000,2,stagnant,DocumentAnalysisAgent,DocumentAnalysisAgent,0.0000
iteration_discounted,20260419,266,0.0000,2,stagnant,ValidatorAgent,SchemaAgent,0.0000
iteration_discounted,20260419,267,0.0000,2,stagnant,DocumentAnalysisAgent,DocumentAnalysisAgent,0.0000
iteration_discounted,20260419,268,0.0000,2,stagnant,ValidatorAgent,SchemaAgent,0.0000
iteration_discounted,20260419,269,1.0000,1,complete,,DocumentAnalysisAgent,
iteration_discounted,20260419,270,0.0000,2,stagnant,DocumentAnalysisAgent,DocumentAnalysisAgent,0.0000
iteration_discounted,20260419,271,0.0000,2,stagnant,QAAgent,LogParserAgent,0.0000
iteration_discounted,20260419,272,0.0000,2,stagnant,,LogParserAgent,
iteration_discounted,20260419,273,0.0000,2,stagnant,,LogParserAgent,
iteration_discounted,20260419,274,0.0000,2,stagnant,,DocumentAnalysisAgent,
iteration_discounted,20260419,275,0.0000,2,stagnant,ValidatorAgent,SchemaAgent,0.0000
iteration_discounted,20260419,276,0.0000,2,stagnant,LogParserAgent,LogParserAgent,0.0000
iteration_discounted,20260419,277,0.0000,2,stagnant,ValidatorAgent,SchemaAgent,0.0000
iteration_discounted,20260419,278,0.0000,2,stagnant,,LogParserAgent,
iteration_discounted,20260419,279,0.0000,2,stagnant,,SchemaAgent,
iteration_discounted,20260419,280,0.0000,2,stagnant,SchemaAgent,LogParserAgent,0.0000
iteration_discounted,20260419,281,0.0000,2,stagnant,,SchemaAgent,
iteration_discounted,20260419,282,0.0000,2,stagnant,BuilderAgent,SchemaAgent,0.0000
iteration_discounted,20260419,283,0.0000,2,stagnant,QAAgent,SchemaAgent,0.0000
iteration_discounted,20260419,284,0.0000,2,stagnant,BuilderAgent,LogParserAgent,0.0000
iteration_discounted,20260419,285,1.0000,1,complete,,DocumentAnalysisAgent,
iteration_discounted,20260419,286,0.0000,2,stagnant,LogParserAgent,LogParserAgent,0.0000
iteration_discounted,20260419,287,0.0000,2,stagnant,,LogParserAgent,
iteration_discounted,20260419,288,0.0000,2,stagnant,,DocumentAnalysisAgent,
iteration_discounted,20260419,289,0.0000,2,stagnant,,LogParserAgent,
iteration_discounted,20260419,290,0.0000,2,stagnant,,SchemaAgent,
iteration_discounted,20260419,291,0.0000,2,stagnant,BuilderAgent,SchemaAgent,0.0000
iteration_discounted,20260419,292,1.0000,1,complete,,DocumentAnalysisAgent,
iteration_discounted,20260419,293,0.0000,2,stagnant,BuilderAgent,SchemaAgent,0.0000
iteration_discounted,20260419,294,0.0000,2,stagnant,,DocumentAnalysisAgent,
iteration_discounted,20260419,295,0.0000,2,stagnant,SchemaAgent,SchemaAgent,0.0000
iteration_discounted,20260419,296,0.0000,2,stagnant,SchemaAgent,SchemaAgent,0.0000
iteration_discounted,20260419,297,1.0000,1,complete,,DocumentAnalysisAgent,
iteration_discounted,20260419,298,0.0000,2,stagnant,,SchemaAgent,
iteration_discounted,20260419,299,0.0000,2,stagnant,ValidatorAgent,SchemaAgent,0.0000
iteration_discounted,20260419,300,0.0000,2,stagnant,,DocumentAnalysisAgent,
iteration_discounted,20260419,301,0.0000,2,stagnant,,SchemaAgent,
iteration_discounted,20260419,302,0.0000,2,stagnant,ValidatorAgent,SchemaAgent,0.0000
iteration_discounted,20260419,303,0.0000,2,stagnant,BuilderAgent,DocumentAnalysisAgent,0.0000
iteration_discounted,20260419,304,1.0000,1,complete,,DocumentAnalysisAgent,
iteration_discounted,20260419,305,0.0000,2,stagnant,,DocumentAnalysisAgent,
iteration_discounted,20260419,306,0.0000,2,stagnant,LogParserAgent,LogParserAgent,0.0000
iteration_discounted,20260419,307,0.0000,2,stagnant,LogParserAgent,LogParserAgent,0.0000
iteration_discounted,20260419,308,0.0000,2,stagnant,,DocumentAnalysisAgent,
iteration_discounted,20260419,309,0.0000,2,stagnant,,SchemaAgent,
iteration_discounted,20260419,310,0.0000,2,stagnant,,SchemaAgent,
iteration_discounted,20260419,311,1.0000,1,complete,,DocumentAnalysisAgent,
iteration_discounted,20260419,312,0.0000,2,stagnant,LogParserAgent,LogParserAgent,0.0000
iteration_discounted,20260419,313,0.0000,2,stagnant,,SchemaAgent,
iteration_discounted,20260419,314,0.0000,2,stagnant,BuilderAgent,SchemaAgent,0.0000
iteration_discounted,20260419,315,0.0000,2,stagnant,,DocumentAnalysisAgent,
iteration_discounted,20260419,316,0.0000,2,stagnant,SchemaAgent,SchemaAgent,0.0000
iteration_discounted,20260419,317,0.0000,2,stagnant,QAAgent,SchemaAgent,0.0000
iteration_discounted,20260419,318,0.0000,2,stagnant,QAAgent,SchemaAgent,0.0000
iteration_discounted,20260419,319,1.0000,1,complete,,DocumentAnalysisAgent,
iteration_discounted,20260419,320,1.0000,2,complete,,SchemaAgent,
iteration_discounted,20260419,321,0.0000,2,stagnant,BuilderAgent,SchemaAgent,0.0000
iteration_discounted,20260419,322,0.0000,2,stagnant,,SchemaAgent,
iteration_discounted,20260419,323,1.0000,1,complete,,DocumentAnalysisAgent,
iteration_discounted,20260419,324,1.0000,1,complete,,DocumentAnalysisAgent,
iteration_discounted,20260419,325,0.0000,2,stagnant,DocumentAnalysisAgent,DocumentAnalysisAgent,0.0000
iteration_discounted,20260419,326,0.0000,2,stagnant,,DocumentAnalysisAgent,
iteration_discounted,20260419,327,1.0000,1,complete,,DocumentAnalysisAgent,
iteration_discounted,20260419,328,0.0000,2,stagnant,BuilderAgent,SchemaAgent,0.0000
iteration_discounted,20260419,329,0.0000,2,stagnant,ValidatorAgent,SchemaAgent,0.0000
iteration_discounted,20260419,330,0.0000,2,stagnant,LogParserAgent,LogParserAgent,0.0000
iteration_discounted,20260419,331,1.0000,1,complete,,DocumentAnalysisAgent,
iteration_discounted,20260419,332,1.0000,2,complete,,SchemaAgent,
iteration_discounted,20260419,333,0.0000,2,stagnant,,SchemaAgent,
iteration_discounted,20260419,334,0.0000,2,stagnant,LogParserAgent,LogParserAgent,0.0000
iteration_discounted,20260419,335,0.0000,2,stagnant,ValidatorAgent,DocumentAnalysisAgent,0.0000
iteration_discounted,20260419,336,0.0000,2,stagnant,,SchemaAgent,
iteration_discounted,20260419,337,1.0000,1,complete,,DocumentAnalysisAgent,
iteration_discounted,20260419,338,0.0000,2,stagnant,,LogParserAgent,
iteration_discounted,20260419,339,0.0000,2,stagnant,,DocumentAnalysisAgent,
iteration_discounted,20260419,340,0.0000,2,stagnant,SchemaAgent,SchemaAgent,0.0000
iteration_discounted,20260419,341,0.0000,2,stagnant,,LogParserAgent,
iteration_discounted,20260419,342,0.0000,2,stagnant,SchemaAgent,SchemaAgent,0.0000
iteration_discounted,20260419,343,0.0000,2,stagnant,DocumentAnalysisAgent,DocumentAnalysisAgent,0.0000
iteration_discounted,20260419,344,0.0000,2,stagnant,,DocumentAnalysisAgent,
iteration_discounted,20260419,345,0.0000,2,stagnant,,DocumentAnalysisAgent,
iteration_discounted,20260419,346,0.0000,2,stagnant,SchemaAgent,SchemaAgent,0.0000
iteration_discounted,20260419,347,0.0000,2,stagnant,,LogParserAgent,
iteration_discounted,20260419,348,0.0000,2,stagnant,,LogParserAgent,
iteration_discounted,20260419,349,0.0000,2,stagnant,SchemaAgent,SchemaAgent,0.0000
iteration_discounted,20260419,350,0.0000,2,stagnant,LogParserAgent,DocumentAnalysisAgent,0.0000
iteration_discounted,20260419,351,0.0000,2,stagnant,,LogParserAgent,
iteration_discounted,20260419,352,0.0000,2,stagnant,,LogParserAgent,
iteration_discounted,20260419,353,0.0000,2,stagnant,ValidatorAgent,SchemaAgent,0.0000
iteration_discounted,20260419,354,0.0000,2,stagnant,,SchemaAgent,
iteration_discounted,20260419,355,0.0000,2,stagnant,,DocumentAnalysisAgent,
iteration_discounted,20260419,356,0.0000,2,stagnant,,LogParserAgent,
iteration_discounted,20260419,357,0.0000,2,stagnant,SchemaAgent,SchemaAgent,0.0000
iteration_discounted,20260419,358,0.0000,2,stagnant,ValidatorAgent,SchemaAgent,0.0000
iteration_discounted,20260419,359,0.0000,2,stagnant,,LogParserAgent,
iteration_discounted,20260419,360,0.0000,2,stagnant,,DocumentAnalysisAgent,
iteration_discounted,20260419,361,0.0000,2,stagnant,LogParserAgent,DocumentAnalysisAgent,0.0000
iteration_discounted,20260419,362,0.0000,2,stagnant,QAAgent,SchemaAgent,0.0000
iteration_discounted,20260419,363,1.0000,1,complete,,DocumentAnalysisAgent,
iteration_discounted,20260419,364,1.0000,1,complete,,DocumentAnalysisAgent,
iteration_discounted,20260419,365,1.0000,2,complete,,LogParserAgent,
iteration_discounted,20260419,366,1.0000,1,complete,,DocumentAnalysisAgent,
iteration_discounted,20260419,367,0.0000,2,stagnant,,DocumentAnalysisAgent,
iteration_discounted,20260419,368,0.0000,2,stagnant,,SchemaAgent,
iteration_discounted,20260419,369,0.0000,2,stagnant,SchemaAgent,SchemaAgent,0.0000
iteration_discounted,20260419,370,1.0000,2,complete,,DocumentAnalysisAgent,
iteration_discounted,20260419,371,0.0000,2,stagnant,ValidatorAgent,SchemaAgent,0.0000
iteration_discounted,20260419,372,0.0000,2,stagnant,BuilderAgent,SchemaAgent,0.0000
iteration_discounted,20260419,373,1.0000,2,complete,,LogParserAgent,
iteration_discounted,20260419,374,0.0000,2,stagnant,,SchemaAgent,
iteration_discounted,20260419,375,0.0000,2,stagnant,,DocumentAnalysisAgent,
iteration_discounted,20260419,376,0.0000,2,stagnant,LogParserAgent,LogParserAgent,0.0000
iteration_discounted,20260419,377,1.0000,1,complete,,DocumentAnalysisAgent,
iteration_discounted,20260419,378,0.0000,2,stagnant,,SchemaAgent,
iteration_discounted,20260419,379,0.0000,2,stagnant,DocumentAnalysisAgent,DocumentAnalysisAgent,0.0000
iteration_discounted,20260419,380,1.0000,1,complete,,DocumentAnalysisAgent,
iteration_discounted,20260419,381,0.0000,2,stagnant,,SchemaAgent,
iteration_discounted,20260419,382,0.0000,2,stagnant,DocumentAnalysisAgent,DocumentAnalysisAgent,0.0000
iteration_discounted,20260419,383,1.0000,2,complete,,DocumentAnalysisAgent,
iteration_discounted,20260419,384,0.0000,2,stagnant,SchemaAgent,SchemaAgent,0.0000
iteration_discounted,20260419,385,0.0000,2,stagnant,ValidatorAgent,SchemaAgent,0.0000
iteration_discounted,20260419,386,0.0000,2,stagnant,ValidatorAgent,DocumentAnalysisAgent,0.0000
iteration_discounted,20260419,387,0.0000,2,stagnant,LogParserAgent,LogParserAgent,0.0000
iteration_discounted,20260419,388,0.0000,2,stagnant,,LogParserAgent,
iteration_discounted,20260419,389,0.0000,2,stagnant,BuilderAgent,SchemaAgent,0.0000
iteration_discounted,20260419,390,0.0000,2,stagnant,,SchemaAgent,
iteration_discounted,20260419,391,1.0000,1,complete,,DocumentAnalysisAgent,
iteration_discounted,20260419,392,1.0000,1,complete,,DocumentAnalysisAgent,
iteration_discounted,20260419,393,0.0000,2,stagnant,BuilderAgent,SchemaAgent,0.0000
iteration_discounted,20260419,394,0.0000,2,stagnant,,SchemaAgent,
iteration_discounted,20260419,395,0.0000,2,stagnant,ValidatorAgent,SchemaAgent,0.0000
iteration_discounted,20260419,396,0.0000,2,stagnant,BuilderAgent,DocumentAnalysisAgent,0.0000
iteration_discounted,20260419,397,0.0000,2,stagnant,QAAgent,LogParserAgent,0.0000
iteration_discounted,20260419,398,0.0000,2,stagnant,,SchemaAgent,
iteration_discounted,20260419,399,0.0000,2,stagnant,LogParserAgent,LogParserAgent,0.0000
iteration_discounted,20260420,0,0.0000,2,stagnant,QAAgent,DocumentAnalysisAgent,0.0000
iteration_discounted,20260420,1,0.0000,2,stagnant,,LogParserAgent,
iteration_discounted,20260420,2,0.0000,2,stagnant,,LogParserAgent,
iteration_discounted,20260420,3,0.0000,2,stagnant,SchemaAgent,SchemaAgent,0.0000
iteration_discounted,20260420,4,0.0000,2,stagnant,,DocumentAnalysisAgent,
iteration_discounted,20260420,5,1.0000,1,complete,,DocumentAnalysisAgent,
iteration_discounted,20260420,6,0.0000,2,stagnant,,SchemaAgent,
iteration_discounted,20260420,7,1.0000,2,complete,,DocumentAnalysisAgent,
iteration_discounted,20260420,8,0.0000,2,stagnant,,SchemaAgent,
iteration_discounted,20260420,9,0.0000,2,stagnant,BuilderAgent,LogParserAgent,0.0000
iteration_discounted,20260420,10,0.0000,2,stagnant,SchemaAgent,SchemaAgent,0.0000
iteration_discounted,20260420,11,1.0000,1,complete,,DocumentAnalysisAgent,
iteration_discounted,20260420,12,0.0000,2,stagnant,ValidatorAgent,SchemaAgent,0.0000
iteration_discounted,20260420,13,1.0000,1,complete,,DocumentAnalysisAgent,
iteration_discounted,20260420,14,0.0000,2,stagnant,SchemaAgent,SchemaAgent,0.0000
iteration_discounted,20260420,15,0.0000,2,stagnant,BuilderAgent,LogParserAgent,0.0000
iteration_discounted,20260420,16,0.0000,2,stagnant,ValidatorAgent,LogParserAgent,0.0000
iteration_discounted,20260420,17,0.0000,2,stagnant,,SchemaAgent,
iteration_discounted,20260420,18,0.0000,2,stagnant,,DocumentAnalysisAgent,
iteration_discounted,20260420,19,0.0000,2,stagnant,QAAgent,DocumentAnalysisAgent,0.0000
iteration_discounted,20260420,20,1.0000,1,complete,,DocumentAnalysisAgent,
iteration_discounted,20260420,21,0.0000,2,stagnant,,SchemaAgent,
iteration_discounted,20260420,22,1.0000,2,complete,,SchemaAgent,
iteration_discounted,20260420,23,1.0000,2,complete,,DocumentAnalysisAgent,
iteration_discounted,20260420,24,0.0000,2,stagnant,,SchemaAgent,
iteration_discounted,20260420,25,1.0000,1,complete,,DocumentAnalysisAgent,
iteration_discounted,20260420,26,0.0000,2,stagnant,SchemaAgent,SchemaAgent,0.0000
iteration_discounted,20260420,27,1.0000,1,complete,,DocumentAnalysisAgent,
iteration_discounted,20260420,28,0.0000,2,stagnant,DocumentAnalysisAgent,SchemaAgent,0.2941
iteration_discounted,20260420,29,0.0000,2,stagnant,SchemaAgent,SchemaAgent,0.0000
iteration_discounted,20260420,30,0.0000,2,stagnant,SchemaAgent,SchemaAgent,0.0000
iteration_discounted,20260420,31,1.0000,2,complete,,DocumentAnalysisAgent,
iteration_discounted,20260420,32,0.0000,2,stagnant,,DocumentAnalysisAgent,
iteration_discounted,20260420,33,0.0000,2,stagnant,DocumentAnalysisAgent,DocumentAnalysisAgent,0.0000
iteration_discounted,20260420,34,0.0000,2,stagnant,,LogParserAgent,
iteration_discounted,20260420,35,0.0000,2,stagnant,LogParserAgent,LogParserAgent,0.0000
iteration_discounted,20260420,36,1.0000,1,complete,QAAgent,DocumentAnalysisAgent,1.0000
iteration_discounted,20260420,37,1.0000,1,complete,,DocumentAnalysisAgent,
iteration_discounted,20260420,38,0.0000,2,stagnant,ValidatorAgent,LogParserAgent,0.0000
iteration_discounted,20260420,39,0.0000,2,stagnant,LogParserAgent,LogParserAgent,0.0000
iteration_discounted,20260420,40,1.0000,2,complete,,DocumentAnalysisAgent,
iteration_discounted,20260420,41,0.0000,2,stagnant,,SchemaAgent,
iteration_discounted,20260420,42,0.0000,2,stagnant,ValidatorAgent,LogParserAgent,0.0000
iteration_discounted,20260420,43,0.0000,2,stagnant,BuilderAgent,SchemaAgent,0.0000
iteration_discounted,20260420,44,0.0000,2,stagnant,,SchemaAgent,
iteration_discounted,20260420,45,1.0000,2,complete,,DocumentAnalysisAgent,
iteration_discounted,20260420,46,0.0000,2,stagnant,LogParserAgent,LogParserAgent,0.0000
iteration_discounted,20260420,47,0.0000,2,stagnant,DocumentAnalysisAgent,DocumentAnalysisAgent,0.0000
iteration_discounted,20260420,48,0.0000,2,stagnant,,DocumentAnalysisAgent,
iteration_discounted,20260420,49,0.0000,2,stagnant,QAAgent,LogParserAgent,0.0000
iteration_discounted,20260420,50,0.0000,2,stagnant,,SchemaAgent,
iteration_discounted,20260420,51,0.0000,2,stagnant,,LogParserAgent,
iteration_discounted,20260420,52,1.0000,1,complete,,DocumentAnalysisAgent,
iteration_discounted,20260420,53,1.0000,1,complete,,DocumentAnalysisAgent,
iteration_discounted,20260420,54,0.0000,2,stagnant,,SchemaAgent,
iteration_discounted,20260420,55,0.0000,2,stagnant,,SchemaAgent,
iteration_discounted,20260420,56,0.0000,2,stagnant,QAAgent,SchemaAgent,0.0000
iteration_discounted,20260420,57,0.0000,2,stagnant,,SchemaAgent,
iteration_discounted,20260420,58,0.0000,2,stagnant,BuilderAgent,SchemaAgent,0.0000
iteration_discounted,20260420,59,0.0000,2,stagnant,,LogParserAgent,
iteration_discounted,20260420,60,0.0000,2,stagnant,QAAgent,SchemaAgent,0.0000
iteration_discounted,20260420,61,0.0000,2,stagnant,ValidatorAgent,SchemaAgent,0.0000
iteration_discounted,20260420,62,0.0000,2,stagnant,DocumentAnalysisAgent,DocumentAnalysisAgent,0.0000
iteration_discounted,20260420,63,0.0000,2,stagnant,ValidatorAgent,SchemaAgent,0.0000
iteration_discounted,20260420,64,1.0000,2,complete,,SchemaAgent,
iteration_discounted,20260420,65,1.0000,2,complete,,SchemaAgent,
iteration_discounted,20260420,66,1.0000,2,complete,,SchemaAgent,
iteration_discounted,20260420,67,0.0000,2,stagnant,QAAgent,LogParserAgent,0.0000
iteration_discounted,20260420,68,0.0000,2,stagnant,QAAgent,SchemaAgent,0.0000
iteration_discounted,20260420,69,0.0000,2,stagnant,,SchemaAgent,
iteration_discounted,20260420,70,0.0000,2,stagnant,DocumentAnalysisAgent,DocumentAnalysisAgent,0.0000
iteration_discounted,20260420,71,0.0000,2,stagnant,LogParserAgent,LogParserAgent,0.0000
iteration_discounted,20260420,72,1.0000,2,complete,,DocumentAnalysisAgent,
iteration_discounted,20260420,73,0.0000,2,stagnant,DocumentAnalysisAgent,DocumentAnalysisAgent,0.0000
iteration_discounted,20260420,74,0.0000,2,stagnant,QAAgent,SchemaAgent,0.0000
iteration_discounted,20260420,75,0.0000,2,stagnant,ValidatorAgent,SchemaAgent,0.0000
iteration_discounted,20260420,76,0.0000,2,stagnant,,SchemaAgent,
iteration_discounted,20260420,77,1.0000,1,complete,,DocumentAnalysisAgent,
iteration_discounted,20260420,78,0.0000,2,stagnant,,DocumentAnalysisAgent,
iteration_discounted,20260420,79,0.0000,2,stagnant,,SchemaAgent,
iteration_discounted,20260420,80,0.0000,2,stagnant,BuilderAgent,DocumentAnalysisAgent,0.0000
iteration_discounted,20260420,81,0.0000,2,stagnant,,SchemaAgent,
iteration_discounted,20260420,82,0.0000,2,stagnant,LogParserAgent,LogParserAgent,0.0000
iteration_discounted,20260420,83,0.0000,2,stagnant,,DocumentAnalysisAgent,
iteration_discounted,20260420,84,0.0000,2,stagnant,LogParserAgent,LogParserAgent,0.0000
iteration_discounted,20260420,85,0.0000,2,stagnant,LogParserAgent,LogParserAgent,0.0000
iteration_discounted,20260420,86,1.0000,1,complete,,DocumentAnalysisAgent,
iteration_discounted,20260420,87,1.0000,2,complete,,SchemaAgent,
iteration_discounted,20260420,88,0.0000,2,stagnant,,SchemaAgent,
iteration_discounted,20260420,89,1.0000,2,complete,,SchemaAgent,
iteration_discounted,20260420,90,0.0000,2,stagnant,,LogParserAgent,
iteration_discounted,20260420,91,0.0000,2,stagnant,DocumentAnalysisAgent,DocumentAnalysisAgent,0.0000
iteration_discounted,20260420,92,1.0000,1,complete,,DocumentAnalysisAgent,
iteration_discounted,20260420,93,0.0000,2,stagnant,,SchemaAgent,
iteration_discounted,20260420,94,0.0000,2,stagnant,QAAgent,SchemaAgent,0.0000
iteration_discounted,20260420,95,0.0000,2,stagnant,,LogParserAgent,
iteration_discounted,20260420,96,1.0000,2,complete,,DocumentAnalysisAgent,
iteration_discounted,20260420,97,0.0000,2,stagnant,ValidatorAgent,SchemaAgent,0.0000
iteration_discounted,20260420,98,0.0000,2,stagnant,SchemaAgent,SchemaAgent,0.0000
iteration_discounted,20260420,99,1.0000,2,complete,,SchemaAgent,
iteration_discounted,20260420,100,0.0000,2,stagnant,,SchemaAgent,
iteration_discounted,20260420,101,0.0000,2,stagnant,,SchemaAgent,
iteration_discounted,20260420,102,0.0000,2,stagnant,,DocumentAnalysisAgent,
iteration_discounted,20260420,103,0.0000,2,stagnant,,SchemaAgent,
iteration_discounted,20260420,104,1.0000,1,complete,,DocumentAnalysisAgent,
iteration_discounted,20260420,105,0.0000,2,stagnant,QAAgent,SchemaAgent,0.0000
iteration_discounted,20260420,106,0.0000,2,stagnant,,DocumentAnalysisAgent,
iteration_discounted,20260420,107,1.0000,1,complete,,DocumentAnalysisAgent,
iteration_discounted,20260420,108,0.0000,2,stagnant,,DocumentAnalysisAgent,
iteration_discounted,20260420,109,0.0000,2,stagnant,LogParserAgent,LogParserAgent,0.0000
iteration_discounted,20260420,110,0.0000,2,stagnant,,DocumentAnalysisAgent,
iteration_discounted,20260420,111,0.0000,2,stagnant,,SchemaAgent,
iteration_discounted,20260420,112,1.0000,1,complete,,DocumentAnalysisAgent,
iteration_discounted,20260420,113,0.0000,2,stagnant,,SchemaAgent,
iteration_discounted,20260420,114,0.0000,2,stagnant,QAAgent,SchemaAgent,0.0000
iteration_discounted,20260420,115,0.0000,2,stagnant,DocumentAnalysisAgent,DocumentAnalysisAgent,0.0000
iteration_discounted,20260420,116,0.0000,2,stagnant,,SchemaAgent,
iteration_discounted,20260420,117,0.0000,2,stagnant,LogParserAgent,LogParserAgent,0.0000
iteration_discounted,20260420,118,1.0000,1,complete,,DocumentAnalysisAgent,
iteration_discounted,20260420,119,0.0000,2,stagnant,BuilderAgent,SchemaAgent,0.0000
iteration_discounted,20260420,120,1.0000,1,complete,,DocumentAnalysisAgent,
iteration_discounted,20260420,121,1.0000,1,complete,,DocumentAnalysisAgent,
iteration_discounted,20260420,122,1.0000,1,complete,,DocumentAnalysisAgent,
iteration_discounted,20260420,123,0.0000,2,stagnant,ValidatorAgent,LogParserAgent,0.0000
iteration_discounted,20260420,124,1.0000,1,complete,,DocumentAnalysisAgent,
iteration_discounted,20260420,125,0.0000,2,stagnant,,SchemaAgent,
iteration_discounted,20260420,126,0.0000,2,stagnant,ValidatorAgent,SchemaAgent,0.0000
iteration_discounted,20260420,127,0.0000,2,stagnant,SchemaAgent,SchemaAgent,0.0000
iteration_discounted,20260420,128,1.0000,2,complete,,SchemaAgent,
iteration_discounted,20260420,129,1.0000,1,complete,,DocumentAnalysisAgent,
iteration_discounted,20260420,130,1.0000,1,complete,,DocumentAnalysisAgent,
iteration_discounted,20260420,131,1.0000,1,complete,,DocumentAnalysisAgent,
iteration_discounted,20260420,132,0.0000,2,stagnant,,SchemaAgent,
iteration_discounted,20260420,133,1.0000,1,complete,,DocumentAnalysisAgent,
iteration_discounted,20260420,134,0.0000,2,stagnant,QAAgent,LogParserAgent,0.0000
iteration_discounted,20260420,135,0.0000,2,stagnant,,SchemaAgent,
iteration_discounted,20260420,136,0.0000,2,stagnant,,SchemaAgent,
iteration_discounted,20260420,137,0.0000,2,stagnant,LogParserAgent,LogParserAgent,0.0000
iteration_discounted,20260420,138,1.0000,1,complete,,DocumentAnalysisAgent,
iteration_discounted,20260420,139,1.0000,1,complete,LogParserAgent,DocumentAnalysisAgent,1.0000
iteration_discounted,20260420,140,0.0000,2,stagnant,,DocumentAnalysisAgent,
iteration_discounted,20260420,141,0.0000,2,stagnant,SchemaAgent,SchemaAgent,0.0000
iteration_discounted,20260420,142,0.0000,2,stagnant,ValidatorAgent,SchemaAgent,0.0000
iteration_discounted,20260420,143,1.0000,1,complete,ValidatorAgent,DocumentAnalysisAgent,1.0000
iteration_discounted,20260420,144,0.0000,2,stagnant,SchemaAgent,SchemaAgent,0.0000
iteration_discounted,20260420,145,0.0000,2,stagnant,DocumentAnalysisAgent,DocumentAnalysisAgent,0.0000
iteration_discounted,20260420,146,1.0000,2,complete,,LogParserAgent,
iteration_discounted,20260420,147,1.0000,2,complete,LogParserAgent,LogParserAgent,0.7059
iteration_discounted,20260420,148,1.0000,2,complete,,LogParserAgent,
iteration_discounted,20260420,149,0.0000,2,stagnant,,SchemaAgent,
iteration_discounted,20260420,150,1.0000,2,complete,,DocumentAnalysisAgent,
iteration_discounted,20260420,151,0.0000,2,stagnant,LogParserAgent,LogParserAgent,0.2059
iteration_discounted,20260420,152,0.0000,2,stagnant,SchemaAgent,SchemaAgent,0.0000
iteration_discounted,20260420,153,0.0000,2,stagnant,,SchemaAgent,
iteration_discounted,20260420,154,0.0000,2,stagnant,SchemaAgent,SchemaAgent,0.0000
iteration_discounted,20260420,155,0.0000,2,stagnant,,DocumentAnalysisAgent,
iteration_discounted,20260420,156,0.0000,2,stagnant,LogParserAgent,LogParserAgent,0.0000
iteration_discounted,20260420,157,0.0000,2,stagnant,,LogParserAgent,
iteration_discounted,20260420,158,0.0000,2,stagnant,,SchemaAgent,
iteration_discounted,20260420,159,1.0000,2,complete,,DocumentAnalysisAgent,
iteration_discounted,20260420,160,0.0000,2,stagnant,,LogParserAgent,
iteration_discounted,20260420,161,0.0000,2,stagnant,,SchemaAgent,
iteration_discounted,20260420,162,0.0000,2,stagnant,QAAgent,SchemaAgent,0.0000
iteration_discounted,20260420,163,0.0000,2,stagnant,LogParserAgent,SchemaAgent,0.2059
iteration_discounted,20260420,164,0.0000,2,stagnant,,LogParserAgent,
iteration_discounted,20260420,165,0.0000,2,stagnant,,SchemaAgent,
iteration_discounted,20260420,166,0.0000,2,stagnant,BuilderAgent,SchemaAgent,0.0000
iteration_discounted,20260420,167,1.0000,2,complete,,SchemaAgent,
iteration_discounted,20260420,168,0.0000,2,stagnant,,LogParserAgent,
iteration_discounted,20260420,169,1.0000,1,complete,,DocumentAnalysisAgent,
iteration_discounted,20260420,170,0.0000,2,stagnant,,LogParserAgent,
iteration_discounted,20260420,171,1.0000,2,complete,,SchemaAgent,
iteration_discounted,20260420,172,0.0000,2,stagnant,,LogParserAgent,
iteration_discounted,20260420,173,0.0000,2,stagnant,SchemaAgent,SchemaAgent,0.0000
iteration_discounted,20260420,174,0.0000,2,stagnant,,SchemaAgent,
iteration_discounted,20260420,175,0.0000,2,stagnant,SchemaAgent,SchemaAgent,0.0000
iteration_discounted,20260420,176,0.0000,2,stagnant,,LogParserAgent,
iteration_discounted,20260420,177,1.0000,2,complete,,SchemaAgent,
iteration_discounted,20260420,178,0.0000,2,stagnant,,DocumentAnalysisAgent,
iteration_discounted,20260420,179,1.0000,1,complete,,DocumentAnalysisAgent,
iteration_discounted,20260420,180,0.0000,2,stagnant,,SchemaAgent,
iteration_discounted,20260420,181,0.0000,2,stagnant,,SchemaAgent,
iteration_discounted,20260420,182,0.0000,2,stagnant,ValidatorAgent,SchemaAgent,0.0000
iteration_discounted,20260420,183,0.0000,2,stagnant,,SchemaAgent,
iteration_discounted,20260420,184,0.0000,2,stagnant,,SchemaAgent,
iteration_discounted,20260420,185,0.0000,2,stagnant,SchemaAgent,SchemaAgent,0.0000
iteration_discounted,20260420,186,1.0000,1,complete,,DocumentAnalysisAgent,
iteration_discounted,20260420,187,1.0000,1,complete,,DocumentAnalysisAgent,
iteration_discounted,20260420,188,0.0000,2,stagnant,DocumentAnalysisAgent,DocumentAnalysisAgent,0.0000
iteration_discounted,20260420,189,1.0000,1,complete,,DocumentAnalysisAgent,
iteration_discounted,20260420,190,0.0000,2,stagnant,BuilderAgent,SchemaAgent,0.0000
iteration_discounted,20260420,191,0.0000,2,stagnant,,DocumentAnalysisAgent,
iteration_discounted,20260420,192,0.0000,2,stagnant,SchemaAgent,SchemaAgent,0.0000
iteration_discounted,20260420,193,0.0000,2,stagnant,DocumentAnalysisAgent,DocumentAnalysisAgent,0.0000
iteration_discounted,20260420,194,0.0000,2,stagnant,DocumentAnalysisAgent,SchemaAgent,0.2059
iteration_discounted,20260420,195,0.0000,2,stagnant,,SchemaAgent,
iteration_discounted,20260420,196,1.0000,2,complete,,SchemaAgent,
iteration_discounted,20260420,197,0.0000,2,stagnant,SchemaAgent,SchemaAgent,0.0000
iteration_discounted,20260420,198,0.0000,2,stagnant,,SchemaAgent,
iteration_discounted,20260420,199,1.0000,1,complete,,DocumentAnalysisAgent,
iteration_discounted,20260420,200,0.0000,2,stagnant,,SchemaAgent,
iteration_discounted,20260420,201,0.0000,2,stagnant,,SchemaAgent,
iteration_discounted,20260420,202,0.0000,2,stagnant,SchemaAgent,SchemaAgent,0.0000
iteration_discounted,20260420,203,0.0000,2,stagnant,DocumentAnalysisAgent,SchemaAgent,0.2059
iteration_discounted,20260420,204,0.0000,2,stagnant,,SchemaAgent,
iteration_discounted,20260420,205,0.0000,2,stagnant,,SchemaAgent,
iteration_discounted,20260420,206,0.0000,2,stagnant,,SchemaAgent,
iteration_discounted,20260420,207,0.0000,2,stagnant,,SchemaAgent,
iteration_discounted,20260420,208,0.0000,2,stagnant,,LogParserAgent,
iteration_discounted,20260420,209,0.0000,2,stagnant,,SchemaAgent,
iteration_discounted,20260420,210,1.0000,1,complete,,DocumentAnalysisAgent,
iteration_discounted,20260420,211,0.0000,2,stagnant,ValidatorAgent,SchemaAgent,0.0000
iteration_discounted,20260420,212,0.0000,2,stagnant,,SchemaAgent,
iteration_discounted,20260420,213,0.0000,2,stagnant,,SchemaAgent,
iteration_discounted,20260420,214,0.0000,2,stagnant,,SchemaAgent,
iteration_discounted,20260420,215,0.0000,2,stagnant,,LogParserAgent,
iteration_discounted,20260420,216,0.0000,2,stagnant,,SchemaAgent,
iteration_discounted,20260420,217,0.0000,2,stagnant,QAAgent,SchemaAgent,0.0000
iteration_discounted,20260420,218,1.0000,2,complete,,SchemaAgent,
iteration_discounted,20260420,219,0.0000,2,stagnant,SchemaAgent,SchemaAgent,0.0000
iteration_discounted,20260420,220,1.0000,2,complete,,SchemaAgent,
iteration_discounted,20260420,221,0.0000,2,stagnant,LogParserAgent,LogParserAgent,0.0000
iteration_discounted,20260420,222,1.0000,2,complete,,SchemaAgent,
iteration_discounted,20260420,223,1.0000,1,complete,,DocumentAnalysisAgent,
iteration_discounted,20260420,224,1.0000,1,complete,,DocumentAnalysisAgent,
iteration_discounted,20260420,225,0.0000,2,stagnant,LogParserAgent,LogParserAgent,0.0000
iteration_discounted,20260420,226,0.0000,2,stagnant,BuilderAgent,DocumentAnalysisAgent,0.2941
iteration_discounted,20260420,227,0.0000,2,stagnant,,SchemaAgent,
iteration_discounted,20260420,228,0.0000,2,stagnant,ValidatorAgent,SchemaAgent,0.0000
iteration_discounted,20260420,229,1.0000,1,complete,,DocumentAnalysisAgent,
iteration_discounted,20260420,230,1.0000,2,complete,ValidatorAgent,LogParserAgent,0.7059
iteration_discounted,20260420,231,1.0000,2,complete,,DocumentAnalysisAgent,
iteration_discounted,20260420,232,0.0000,2,stagnant,LogParserAgent,LogParserAgent,0.0000
iteration_discounted,20260420,233,1.0000,1,complete,,DocumentAnalysisAgent,
iteration_discounted,20260420,234,0.0000,2,stagnant,,SchemaAgent,
iteration_discounted,20260420,235,1.0000,1,complete,,DocumentAnalysisAgent,
iteration_discounted,20260420,236,0.0000,2,stagnant,BuilderAgent,SchemaAgent,0.0000
iteration_discounted,20260420,237,0.0000,2,stagnant,BuilderAgent,DocumentAnalysisAgent,0.0000
iteration_discounted,20260420,238,0.0000,2,stagnant,,DocumentAnalysisAgent,
iteration_discounted,20260420,239,0.0000,2,stagnant,,SchemaAgent,
iteration_discounted,20260420,240,0.0000,2,stagnant,BuilderAgent,DocumentAnalysisAgent,0.2059
iteration_discounted,20260420,241,0.0000,2,stagnant,,LogParserAgent,
iteration_discounted,20260420,242,0.0000,2,stagnant,,SchemaAgent,
iteration_discounted,20260420,243,0.0000,2,stagnant,,SchemaAgent,
iteration_discounted,20260420,244,1.0000,2,complete,,SchemaAgent,
iteration_discounted,20260420,245,0.0000,2,stagnant,,SchemaAgent,
iteration_discounted,20260420,246,0.0000,2,stagnant,,SchemaAgent,
iteration_discounted,20260420,247,0.0000,2,stagnant,,SchemaAgent,
iteration_discounted,20260420,248,0.0000,2,stagnant,DocumentAnalysisAgent,DocumentAnalysisAgent,0.0000
iteration_discounted,20260420,249,0.0000,2,stagnant,ValidatorAgent,SchemaAgent,0.0000
iteration_discounted,20260420,250,0.0000,2,stagnant,SchemaAgent,SchemaAgent,0.0000
iteration_discounted,20260420,251,0.0000,2,stagnant,SchemaAgent,SchemaAgent,0.0000
iteration_discounted,20260420,252,0.0000,2,stagnant,BuilderAgent,SchemaAgent,0.0000
iteration_discounted,20260420,253,1.0000,2,complete,,SchemaAgent,
iteration_discounted,20260420,254,0.0000,2,stagnant,BuilderAgent,SchemaAgent,0.0000
iteration_discounted,20260420,255,0.0000,2,stagnant,SchemaAgent,SchemaAgent,0.0000
iteration_discounted,20260420,256,0.0000,2,stagnant,LogParserAgent,LogParserAgent,0.0000
iteration_discounted,20260420,257,0.0000,2,stagnant,,LogParserAgent,
iteration_discounted,20260420,258,1.0000,2,complete,,DocumentAnalysisAgent,
iteration_discounted,20260420,259,0.0000,2,stagnant,,DocumentAnalysisAgent,
iteration_discounted,20260420,260,1.0000,2,complete,,SchemaAgent,
iteration_discounted,20260420,261,0.0000,2,stagnant,QAAgent,SchemaAgent,0.0000
iteration_discounted,20260420,262,1.0000,2,complete,,DocumentAnalysisAgent,
iteration_discounted,20260420,263,0.0000,2,stagnant,BuilderAgent,SchemaAgent,0.0000
iteration_discounted,20260420,264,0.0000,2,stagnant,LogParserAgent,LogParserAgent,0.0000
iteration_discounted,20260420,265,0.0000,2,stagnant,ValidatorAgent,SchemaAgent,0.0000
iteration_discounted,20260420,266,0.0000,2,stagnant,LogParserAgent,LogParserAgent,0.0000
iteration_discounted,20260420,267,1.0000,1,complete,,DocumentAnalysisAgent,
iteration_discounted,20260420,268,0.0000,2,stagnant,,LogParserAgent,
iteration_discounted,20260420,269,0.0000,2,stagnant,BuilderAgent,SchemaAgent,0.0000
iteration_discounted,20260420,270,0.0000,2,stagnant,BuilderAgent,LogParserAgent,0.0000
iteration_discounted,20260420,271,0.0000,2,stagnant,,DocumentAnalysisAgent,
iteration_discounted,20260420,272,0.0000,2,stagnant,,SchemaAgent,
iteration_discounted,20260420,273,1.0000,1,complete,,DocumentAnalysisAgent,
iteration_discounted,20260420,274,0.0000,2,stagnant,SchemaAgent,SchemaAgent,0.0000
iteration_discounted,20260420,275,0.0000,2,stagnant,LogParserAgent,LogParserAgent,0.0000
iteration_discounted,20260420,276,0.0000,2,stagnant,,SchemaAgent,
iteration_discounted,20260420,277,0.0000,2,stagnant,,SchemaAgent,
iteration_discounted,20260420,278,1.0000,2,complete,,DocumentAnalysisAgent,
iteration_discounted,20260420,279,1.0000,1,complete,,DocumentAnalysisAgent,
iteration_discounted,20260420,280,0.0000,2,stagnant,,SchemaAgent,
iteration_discounted,20260420,281,0.0000,2,stagnant,SchemaAgent,SchemaAgent,0.0000
iteration_discounted,20260420,282,1.0000,1,complete,,DocumentAnalysisAgent,
iteration_discounted,20260420,283,0.0000,2,stagnant,QAAgent,SchemaAgent,0.0000
iteration_discounted,20260420,284,0.0000,2,stagnant,,SchemaAgent,
iteration_discounted,20260420,285,0.0000,2,stagnant,ValidatorAgent,SchemaAgent,0.0000
iteration_discounted,20260420,286,0.0000,2,stagnant,ValidatorAgent,SchemaAgent,0.0000
iteration_discounted,20260420,287,0.0000,2,stagnant,DocumentAnalysisAgent,DocumentAnalysisAgent,0.0000
iteration_discounted,20260420,288,0.0000,2,stagnant,SchemaAgent,SchemaAgent,0.0000
iteration_discounted,20260420,289,0.0000,2,stagnant,QAAgent,SchemaAgent,0.0000
iteration_discounted,20260420,290,0.0000,2,stagnant,,SchemaAgent,
iteration_discounted,20260420,291,0.0000,2,stagnant,LogParserAgent,LogParserAgent,0.0000
iteration_discounted,20260420,292,0.0000,2,stagnant,,SchemaAgent,
iteration_discounted,20260420,293,0.0000,2,stagnant,DocumentAnalysisAgent,DocumentAnalysisAgent,0.0000
iteration_discounted,20260420,294,0.0000,2,stagnant,QAAgent,SchemaAgent,0.0000
iteration_discounted,20260420,295,0.0000,2,stagnant,ValidatorAgent,SchemaAgent,0.0000
iteration_discounted,20260420,296,1.0000,1,complete,,DocumentAnalysisAgent,
iteration_discounted,20260420,297,0.0000,2,stagnant,,LogParserAgent,
iteration_discounted,20260420,298,0.0000,2,stagnant,BuilderAgent,SchemaAgent,0.0000
iteration_discounted,20260420,299,1.0000,1,complete,,DocumentAnalysisAgent,
iteration_discounted,20260420,300,1.0000,1,complete,,DocumentAnalysisAgent,
iteration_discounted,20260420,301,0.0000,2,stagnant,,LogParserAgent,
iteration_discounted,20260420,302,0.0000,2,stagnant,,SchemaAgent,
iteration_discounted,20260420,303,1.0000,1,complete,,DocumentAnalysisAgent,
iteration_discounted,20260420,304,0.0000,2,stagnant,,SchemaAgent,
iteration_discounted,20260420,305,0.0000,2,stagnant,,LogParserAgent,
iteration_discounted,20260420,306,0.0000,2,stagnant,,SchemaAgent,
iteration_discounted,20260420,307,1.0000,1,complete,,DocumentAnalysisAgent,
iteration_discounted,20260420,308,1.0000,2,complete,,LogParserAgent,
iteration_discounted,20260420,309,0.0000,2,stagnant,BuilderAgent,SchemaAgent,0.0000
iteration_discounted,20260420,310,0.0000,2,stagnant,BuilderAgent,SchemaAgent,0.0000
iteration_discounted,20260420,311,0.0000,2,stagnant,,DocumentAnalysisAgent,
iteration_discounted,20260420,312,1.0000,1,complete,,DocumentAnalysisAgent,
iteration_discounted,20260420,313,0.0000,2,stagnant,LogParserAgent,LogParserAgent,0.0000
iteration_discounted,20260420,314,1.0000,2,complete,,SchemaAgent,
iteration_discounted,20260420,315,0.0000,2,stagnant,LogParserAgent,LogParserAgent,0.0000
iteration_discounted,20260420,316,0.0000,2,stagnant,DocumentAnalysisAgent,DocumentAnalysisAgent,0.0000
iteration_discounted,20260420,317,0.0000,2,stagnant,LogParserAgent,LogParserAgent,0.0000
iteration_discounted,20260420,318,0.0000,2,stagnant,,DocumentAnalysisAgent,
iteration_discounted,20260420,319,0.0000,2,stagnant,QAAgent,SchemaAgent,0.0000
iteration_discounted,20260420,320,0.0000,2,stagnant,,DocumentAnalysisAgent,
iteration_discounted,20260420,321,0.0000,2,stagnant,BuilderAgent,SchemaAgent,0.0000
iteration_discounted,20260420,322,0.0000,2,stagnant,SchemaAgent,SchemaAgent,0.0000
iteration_discounted,20260420,323,0.0000,2,stagnant,QAAgent,LogParserAgent,0.0000
iteration_discounted,20260420,324,0.0000,2,stagnant,,SchemaAgent,
iteration_discounted,20260420,325,0.0000,2,stagnant,,SchemaAgent,
iteration_discounted,20260420,326,0.0000,2,stagnant,,SchemaAgent,
iteration_discounted,20260420,327,0.0000,2,stagnant,,SchemaAgent,
iteration_discounted,20260420,328,0.0000,2,stagnant,LogParserAgent,LogParserAgent,0.0000
iteration_discounted,20260420,329,0.0000,2,stagnant,QAAgent,SchemaAgent,0.0000
iteration_discounted,20260420,330,1.0000,1,complete,,DocumentAnalysisAgent,
iteration_discounted,20260420,331,0.0000,2,stagnant,,SchemaAgent,
iteration_discounted,20260420,332,1.0000,1,complete,,DocumentAnalysisAgent,
iteration_discounted,20260420,333,0.0000,2,stagnant,BuilderAgent,SchemaAgent,0.0000
iteration_discounted,20260420,334,0.0000,2,stagnant,BuilderAgent,SchemaAgent,0.0000
iteration_discounted,20260420,335,1.0000,2,complete,,SchemaAgent,
iteration_discounted,20260420,336,0.0000,2,stagnant,,LogParserAgent,
iteration_discounted,20260420,337,0.0000,2,stagnant,BuilderAgent,SchemaAgent,0.0000
iteration_discounted,20260420,338,0.0000,2,stagnant,QAAgent,SchemaAgent,0.0000
iteration_discounted,20260420,339,0.0000,2,stagnant,,SchemaAgent,
iteration_discounted,20260420,340,0.0000,2,stagnant,,DocumentAnalysisAgent,
iteration_discounted,20260420,341,1.0000,2,complete,,LogParserAgent,
iteration_discounted,20260420,342,0.0000,2,stagnant,,SchemaAgent,
iteration_discounted,20260420,343,1.0000,1,complete,,DocumentAnalysisAgent,
iteration_discounted,20260420,344,1.0000,2,complete,,LogParserAgent,
iteration_discounted,20260420,345,0.0000,2,stagnant,,SchemaAgent,
iteration_discounted,20260420,346,0.0000,2,stagnant,,SchemaAgent,
iteration_discounted,20260420,347,1.0000,1,complete,,DocumentAnalysisAgent,
iteration_discounted,20260420,348,1.0000,2,complete,,SchemaAgent,
iteration_discounted,20260420,349,0.0000,2,stagnant,QAAgent,SchemaAgent,0.0000
iteration_discounted,20260420,350,0.0000,2,stagnant,,SchemaAgent,
iteration_discounted,20260420,351,1.0000,1,complete,,DocumentAnalysisAgent,
iteration_discounted,20260420,352,1.0000,1,complete,,DocumentAnalysisAgent,
iteration_discounted,20260420,353,1.0000,2,complete,,LogParserAgent,
iteration_discounted,20260420,354,0.0000,2,stagnant,,LogParserAgent,
iteration_discounted,20260420,355,0.0000,2,stagnant,BuilderAgent,DocumentAnalysisAgent,0.0000
iteration_discounted,20260420,356,0.0000,2,stagnant,ValidatorAgent,SchemaAgent,0.0000
iteration_discounted,20260420,357,0.0000,2,stagnant,ValidatorAgent,SchemaAgent,0.0000
iteration_discounted,20260420,358,0.0000,2,stagnant,BuilderAgent,SchemaAgent,0.0000
iteration_discounted,20260420,359,0.0000,2,stagnant,,LogParserAgent,
iteration_discounted,20260420,360,1.0000,1,complete,,DocumentAnalysisAgent,
iteration_discounted,20260420,361,0.0000,2,stagnant,LogParserAgent,LogParserAgent,0.0000
iteration_discounted,20260420,362,0.0000,2,stagnant,,SchemaAgent,
iteration_discounted,20260420,363,0.0000,2,stagnant,SchemaAgent,SchemaAgent,0.0000
iteration_discounted,20260420,364,1.0000,1,complete,,DocumentAnalysisAgent,
iteration_discounted,20260420,365,0.0000,2,stagnant,BuilderAgent,LogParserAgent,0.0000
iteration_discounted,20260420,366,0.0000,2,stagnant,,SchemaAgent,
iteration_discounted,20260420,367,0.0000,2,stagnant,LogParserAgent,LogParserAgent,0.0000
iteration_discounted,20260420,368,0.0000,2,stagnant,BuilderAgent,SchemaAgent,0.0000
iteration_discounted,20260420,369,1.0000,1,complete,,DocumentAnalysisAgent,
iteration_discounted,20260420,370,0.0000,2,stagnant,ValidatorAgent,SchemaAgent,0.0000
iteration_discounted,20260420,371,0.0000,2,stagnant,,SchemaAgent,
iteration_discounted,20260420,372,0.0000,2,stagnant,LogParserAgent,LogParserAgent,0.0000
iteration_discounted,20260420,373,1.0000,2,complete,LogParserAgent,LogParserAgent,0.7059
iteration_discounted,20260420,374,0.0000,2,stagnant,,SchemaAgent,
iteration_discounted,20260420,375,0.0000,2,stagnant,,LogParserAgent,
iteration_discounted,20260420,376,0.0000,2,stagnant,,DocumentAnalysisAgent,
iteration_discounted,20260420,377,0.0000,2,stagnant,,LogParserAgent,
iteration_discounted,20260420,378,0.0000,2,stagnant,LogParserAgent,LogParserAgent,0.0000
iteration_discounted,20260420,379,0.0000,2,stagnant,ValidatorAgent,LogParserAgent,0.0000
iteration_discounted,20260420,380,0.0000,2,stagnant,DocumentAnalysisAgent,DocumentAnalysisAgent,0.0000
iteration_discounted,20260420,381,1.0000,1,complete,,DocumentAnalysisAgent,
iteration_discounted,20260420,382,1.0000,2,complete,,LogParserAgent,
iteration_discounted,20260420,383,1.0000,1,complete,,DocumentAnalysisAgent,
iteration_discounted,20260420,384,0.0000,2,stagnant,QAAgent,SchemaAgent,0.0000
iteration_discounted,20260420,385,0.0000,2,stagnant,LogParserAgent,LogParserAgent,0.0000
iteration_discounted,20260420,386,0.0000,2,stagnant,,SchemaAgent,
iteration_discounted,20260420,387,0.0000,2,stagnant,,SchemaAgent,
iteration_discounted,20260420,388,0.0000,2,stagnant,,DocumentAnalysisAgent,
iteration_discounted,20260420,389,0.0000,2,stagnant,,LogParserAgent,
iteration_discounted,20260420,390,0.0000,2,stagnant,,SchemaAgent,
iteration_discounted,20260420,391,1.0000,1,complete,,DocumentAnalysisAgent,
iteration_discounted,20260420,392,0.0000,2,stagnant,,LogParserAgent,
iteration_discounted,20260420,393,0.0000,2,stagnant,,SchemaAgent,
iteration_discounted,20260420,394,0.0000,2,stagnant,ValidatorAgent,SchemaAgent,0.0000
iteration_discounted,20260420,395,0.0000,2,stagnant,,LogParserAgent,
iteration_discounted,20260420,396,1.0000,2,complete,,SchemaAgent,
iteration_discounted,20260420,397,0.0000,2,stagnant,,SchemaAgent,
iteration_discounted,20260420,398,1.0000,2,complete,,LogParserAgent,
iteration_discounted,20260420,399,0.0000,2,stagnant,,SchemaAgent,
iteration_discounted,20260421,0,1.0000,1,complete,,DocumentAnalysisAgent,
iteration_discounted,20260421,1,0.0000,2,stagnant,,LogParserAgent,
iteration_discounted,20260421,2,1.0000,1,complete,,DocumentAnalysisAgent,
iteration_discounted,20260421,3,0.0000,2,stagnant,,SchemaAgent,
iteration_discounted,20260421,4,0.0000,2,stagnant,ValidatorAgent,SchemaAgent,0.0000
iteration_discounted,20260421,5,0.0000,2,stagnant,,SchemaAgent,
iteration_discounted,20260421,6,0.0000,2,stagnant,QAAgent,SchemaAgent,0.0000
iteration_discounted,20260421,7,0.0000,2,stagnant,BuilderAgent,SchemaAgent,0.0000
iteration_discounted,20260421,8,0.0000,2,stagnant,,SchemaAgent,
iteration_discounted,20260421,9,0.0000,2,stagnant,ValidatorAgent,SchemaAgent,0.0000
iteration_discounted,20260421,10,0.0000,2,stagnant,DocumentAnalysisAgent,DocumentAnalysisAgent,0.0000
iteration_discounted,20260421,11,0.0000,2,stagnant,,SchemaAgent,
iteration_discounted,20260421,12,0.0000,2,stagnant,,SchemaAgent,
iteration_discounted,20260421,13,0.0000,2,stagnant,,LogParserAgent,
iteration_discounted,20260421,14,0.0000,2,stagnant,LogParserAgent,LogParserAgent,0.0000
iteration_discounted,20260421,15,0.0000,2,stagnant,LogParserAgent,LogParserAgent,0.0000
iteration_discounted,20260421,16,0.0000,2,stagnant,BuilderAgent,SchemaAgent,0.0000
iteration_discounted,20260421,17,0.0000,2,stagnant,DocumentAnalysisAgent,DocumentAnalysisAgent,0.0000
iteration_discounted,20260421,18,0.0000,2,stagnant,,SchemaAgent,
iteration_discounted,20260421,19,1.0000,2,complete,,SchemaAgent,
iteration_discounted,20260421,20,0.0000,2,stagnant,LogParserAgent,LogParserAgent,0.0000
iteration_discounted,20260421,21,0.0000,2,stagnant,DocumentAnalysisAgent,LogParserAgent,0.2941
iteration_discounted,20260421,22,0.0000,2,stagnant,ValidatorAgent,SchemaAgent,0.0000
iteration_discounted,20260421,23,0.0000,2,stagnant,BuilderAgent,SchemaAgent,0.0000
iteration_discounted,20260421,24,0.0000,2,stagnant,,SchemaAgent,
iteration_discounted,20260421,25,1.0000,1,complete,,DocumentAnalysisAgent,
iteration_discounted,20260421,26,0.0000,2,stagnant,SchemaAgent,SchemaAgent,0.0000
iteration_discounted,20260421,27,0.0000,2,stagnant,QAAgent,SchemaAgent,0.0000
iteration_discounted,20260421,28,0.0000,2,stagnant,QAAgent,SchemaAgent,0.0000
iteration_discounted,20260421,29,0.0000,2,stagnant,,SchemaAgent,
iteration_discounted,20260421,30,0.0000,2,stagnant,QAAgent,SchemaAgent,0.0000
iteration_discounted,20260421,31,0.0000,2,stagnant,,SchemaAgent,
iteration_discounted,20260421,32,1.0000,2,complete,,DocumentAnalysisAgent,
iteration_discounted,20260421,33,0.0000,2,stagnant,,SchemaAgent,
iteration_discounted,20260421,34,0.0000,2,stagnant,,LogParserAgent,
iteration_discounted,20260421,35,0.0000,2,stagnant,BuilderAgent,SchemaAgent,0.0000
iteration_discounted,20260421,36,1.0000,1,complete,,DocumentAnalysisAgent,
iteration_discounted,20260421,37,0.0000,2,stagnant,ValidatorAgent,LogParserAgent,0.0000
iteration_discounted,20260421,38,0.0000,2,stagnant,,SchemaAgent,
iteration_discounted,20260421,39,0.0000,2,stagnant,LogParserAgent,LogParserAgent,0.0000
iteration_discounted,20260421,40,0.0000,2,stagnant,,SchemaAgent,
iteration_discounted,20260421,41,0.0000,2,stagnant,,LogParserAgent,
iteration_discounted,20260421,42,1.0000,2,complete,BuilderAgent,SchemaAgent,0.7059
iteration_discounted,20260421,43,0.0000,2,stagnant,,SchemaAgent,
iteration_discounted,20260421,44,0.0000,2,stagnant,ValidatorAgent,DocumentAnalysisAgent,0.0000
iteration_discounted,20260421,45,0.0000,2,stagnant,,LogParserAgent,
iteration_discounted,20260421,46,0.0000,2,stagnant,,LogParserAgent,
iteration_discounted,20260421,47,1.0000,1,complete,,DocumentAnalysisAgent,
iteration_discounted,20260421,48,1.0000,1,complete,,DocumentAnalysisAgent,
iteration_discounted,20260421,49,0.0000,2,stagnant,,LogParserAgent,
iteration_discounted,20260421,50,0.0000,2,stagnant,,SchemaAgent,
iteration_discounted,20260421,51,0.0000,2,stagnant,,LogParserAgent,
iteration_discounted,20260421,52,0.0000,2,stagnant,BuilderAgent,SchemaAgent,0.0000
iteration_discounted,20260421,53,1.0000,2,complete,,SchemaAgent,
iteration_discounted,20260421,54,0.0000,2,stagnant,,LogParserAgent,
iteration_discounted,20260421,55,1.0000,2,complete,,DocumentAnalysisAgent,
iteration_discounted,20260421,56,0.0000,2,stagnant,,SchemaAgent,
iteration_discounted,20260421,57,0.0000,2,stagnant,DocumentAnalysisAgent,DocumentAnalysisAgent,0.0000
iteration_discounted,20260421,58,0.0000,2,stagnant,ValidatorAgent,SchemaAgent,0.0000
iteration_discounted,20260421,59,0.0000,2,stagnant,,LogParserAgent,
iteration_discounted,20260421,60,0.0000,2,stagnant,QAAgent,DocumentAnalysisAgent,0.2941
iteration_discounted,20260421,61,0.0000,2,stagnant,QAAgent,SchemaAgent,0.0000
iteration_discounted,20260421,62,0.0000,2,stagnant,BuilderAgent,SchemaAgent,0.0000
iteration_discounted,20260421,63,0.0000,2,stagnant,LogParserAgent,LogParserAgent,0.0000
iteration_discounted,20260421,64,1.0000,1,complete,,DocumentAnalysisAgent,
iteration_discounted,20260421,65,0.0000,2,stagnant,SchemaAgent,SchemaAgent,0.0000
iteration_discounted,20260421,66,0.0000,2,stagnant,,SchemaAgent,
iteration_discounted,20260421,67,0.0000,2,stagnant,SchemaAgent,SchemaAgent,0.0000
iteration_discounted,20260421,68,0.0000,2,stagnant,,SchemaAgent,
iteration_discounted,20260421,69,0.0000,2,stagnant,SchemaAgent,SchemaAgent,0.0000
iteration_discounted,20260421,70,0.0000,2,stagnant,BuilderAgent,SchemaAgent,0.0000
iteration_discounted,20260421,71,1.0000,2,complete,,DocumentAnalysisAgent,
iteration_discounted,20260421,72,0.0000,2,stagnant,BuilderAgent,SchemaAgent,0.0000
iteration_discounted,20260421,73,1.0000,1,complete,,DocumentAnalysisAgent,
iteration_discounted,20260421,74,0.0000,2,stagnant,,LogParserAgent,
iteration_discounted,20260421,75,0.0000,2,stagnant,,SchemaAgent,
iteration_discounted,20260421,76,0.0000,2,stagnant,DocumentAnalysisAgent,DocumentAnalysisAgent,0.0000
iteration_discounted,20260421,77,0.0000,2,stagnant,,SchemaAgent,
iteration_discounted,20260421,78,0.0000,2,stagnant,,SchemaAgent,
iteration_discounted,20260421,79,1.0000,1,complete,,DocumentAnalysisAgent,
iteration_discounted,20260421,80,0.0000,2,stagnant,,SchemaAgent,
iteration_discounted,20260421,81,0.0000,2,stagnant,,SchemaAgent,
iteration_discounted,20260421,82,0.0000,2,stagnant,ValidatorAgent,SchemaAgent,0.0000
iteration_discounted,20260421,83,0.0000,2,stagnant,,SchemaAgent,
iteration_discounted,20260421,84,1.0000,1,complete,,DocumentAnalysisAgent,
iteration_discounted,20260421,85,0.0000,2,stagnant,,DocumentAnalysisAgent,
iteration_discounted,20260421,86,0.0000,2,stagnant,,LogParserAgent,
iteration_discounted,20260421,87,0.0000,2,stagnant,,SchemaAgent,
iteration_discounted,20260421,88,0.0000,2,stagnant,,SchemaAgent,
iteration_discounted,20260421,89,1.0000,2,complete,,LogParserAgent,
iteration_discounted,20260421,90,0.0000,2,stagnant,QAAgent,SchemaAgent,0.0000
iteration_discounted,20260421,91,0.0000,2,stagnant,,LogParserAgent,
iteration_discounted,20260421,92,0.0000,2,stagnant,SchemaAgent,SchemaAgent,0.0000
iteration_discounted,20260421,93,0.0000,2,stagnant,,SchemaAgent,
iteration_discounted,20260421,94,0.0000,2,stagnant,,DocumentAnalysisAgent,
iteration_discounted,20260421,95,0.0000,2,stagnant,,SchemaAgent,
iteration_discounted,20260421,96,0.0000,2,stagnant,SchemaAgent,SchemaAgent,0.0000
iteration_discounted,20260421,97,0.0000,2,stagnant,,SchemaAgent,
iteration_discounted,20260421,98,0.0000,2,stagnant,,SchemaAgent,
iteration_discounted,20260421,99,0.0000,2,stagnant,,DocumentAnalysisAgent,
iteration_discounted,20260421,100,0.0000,2,stagnant,DocumentAnalysisAgent,DocumentAnalysisAgent,0.0000
iteration_discounted,20260421,101,0.0000,2,stagnant,BuilderAgent,SchemaAgent,0.0000
iteration_discounted,20260421,102,0.0000,2,stagnant,DocumentAnalysisAgent,LogParserAgent,0.2941
iteration_discounted,20260421,103,0.0000,2,stagnant,SchemaAgent,LogParserAgent,0.0000
iteration_discounted,20260421,104,0.0000,2,stagnant,DocumentAnalysisAgent,DocumentAnalysisAgent,0.0000
iteration_discounted,20260421,105,0.0000,2,stagnant,DocumentAnalysisAgent,DocumentAnalysisAgent,0.0000
iteration_discounted,20260421,106,0.0000,2,stagnant,LogParserAgent,LogParserAgent,0.0000
iteration_discounted,20260421,107,0.0000,2,stagnant,ValidatorAgent,SchemaAgent,0.0000
iteration_discounted,20260421,108,0.0000,2,stagnant,,SchemaAgent,
iteration_discounted,20260421,109,0.0000,2,stagnant,SchemaAgent,LogParserAgent,0.2059
iteration_discounted,20260421,110,0.0000,2,stagnant,QAAgent,SchemaAgent,0.0000
iteration_discounted,20260421,111,1.0000,1,complete,,DocumentAnalysisAgent,
iteration_discounted,20260421,112,1.0000,1,complete,,DocumentAnalysisAgent,
iteration_discounted,20260421,113,0.0000,2,stagnant,,LogParserAgent,
iteration_discounted,20260421,114,1.0000,2,complete,,SchemaAgent,
iteration_discounted,20260421,115,0.0000,2,stagnant,,SchemaAgent,
iteration_discounted,20260421,116,0.0000,2,stagnant,,SchemaAgent,
iteration_discounted,20260421,117,0.0000,2,stagnant,,SchemaAgent,
iteration_discounted,20260421,118,0.0000,2,stagnant,,SchemaAgent,
iteration_discounted,20260421,119,0.0000,2,stagnant,BuilderAgent,LogParserAgent,0.0000
iteration_discounted,20260421,120,0.0000,2,stagnant,,DocumentAnalysisAgent,
iteration_discounted,20260421,121,0.0000,2,stagnant,,SchemaAgent,
iteration_discounted,20260421,122,0.0000,2,stagnant,QAAgent,SchemaAgent,0.0000
iteration_discounted,20260421,123,0.0000,2,stagnant,,SchemaAgent,
iteration_discounted,20260421,124,0.0000,2,stagnant,,DocumentAnalysisAgent,
iteration_discounted,20260421,125,0.0000,2,stagnant,BuilderAgent,SchemaAgent,0.0000
iteration_discounted,20260421,126,0.0000,2,stagnant,DocumentAnalysisAgent,DocumentAnalysisAgent,0.2059
iteration_discounted,20260421,127,0.0000,2,stagnant,ValidatorAgent,SchemaAgent,0.0000
iteration_discounted,20260421,128,1.0000,2,complete,,DocumentAnalysisAgent,
iteration_discounted,20260421,129,1.0000,2,complete,,SchemaAgent,
iteration_discounted,20260421,130,0.0000,2,stagnant,DocumentAnalysisAgent,DocumentAnalysisAgent,0.0000
iteration_discounted,20260421,131,0.0000,2,stagnant,,SchemaAgent,
iteration_discounted,20260421,132,0.0000,2,stagnant,ValidatorAgent,SchemaAgent,0.0000
iteration_discounted,20260421,133,0.0000,2,stagnant,,LogParserAgent,
iteration_discounted,20260421,134,0.0000,2,stagnant,,SchemaAgent,
iteration_discounted,20260421,135,0.0000,2,stagnant,,LogParserAgent,
iteration_discounted,20260421,136,0.0000,2,stagnant,,SchemaAgent,
iteration_discounted,20260421,137,0.0000,2,stagnant,SchemaAgent,SchemaAgent,0.0000
iteration_discounted,20260421,138,1.0000,1,complete,,DocumentAnalysisAgent,
iteration_discounted,20260421,139,0.0000,2,stagnant,SchemaAgent,SchemaAgent,0.0000
iteration_discounted,20260421,140,0.0000,2,stagnant,,SchemaAgent,
iteration_discounted,20260421,141,0.0000,2,stagnant,,DocumentAnalysisAgent,
iteration_discounted,20260421,142,0.0000,2,stagnant,LogParserAgent,DocumentAnalysisAgent,0.0000
iteration_discounted,20260421,143,1.0000,1,complete,,DocumentAnalysisAgent,
iteration_discounted,20260421,144,0.0000,2,stagnant,SchemaAgent,SchemaAgent,0.0000
iteration_discounted,20260421,145,0.0000,2,stagnant,QAAgent,SchemaAgent,0.0000
iteration_discounted,20260421,146,0.0000,2,stagnant,,LogParserAgent,
iteration_discounted,20260421,147,0.0000,2,stagnant,LogParserAgent,LogParserAgent,0.0000
iteration_discounted,20260421,148,1.0000,1,complete,,DocumentAnalysisAgent,
iteration_discounted,20260421,149,0.0000,2,stagnant,LogParserAgent,LogParserAgent,0.0000
iteration_discounted,20260421,150,1.0000,2,complete,,SchemaAgent,
iteration_discounted,20260421,151,0.0000,2,stagnant,,LogParserAgent,
iteration_discounted,20260421,152,0.0000,2,stagnant,QAAgent,SchemaAgent,0.0000
iteration_discounted,20260421,153,0.0000,2,stagnant,LogParserAgent,DocumentAnalysisAgent,0.0000
iteration_discounted,20260421,154,0.0000,2,stagnant,LogParserAgent,DocumentAnalysisAgent,0.0000
iteration_discounted,20260421,155,0.0000,2,stagnant,,DocumentAnalysisAgent,
iteration_discounted,20260421,156,0.0000,2,stagnant,ValidatorAgent,DocumentAnalysisAgent,0.0000
iteration_discounted,20260421,157,0.0000,2,stagnant,QAAgent,SchemaAgent,0.0000
iteration_discounted,20260421,158,0.0000,2,stagnant,BuilderAgent,DocumentAnalysisAgent,0.0000
iteration_discounted,20260421,159,0.0000,2,stagnant,,SchemaAgent,
iteration_discounted,20260421,160,1.0000,1,complete,,DocumentAnalysisAgent,
iteration_discounted,20260421,161,0.0000,2,stagnant,,SchemaAgent,
iteration_discounted,20260421,162,0.0000,2,stagnant,,LogParserAgent,
iteration_discounted,20260421,163,0.0000,2,stagnant,,SchemaAgent,
iteration_discounted,20260421,164,1.0000,1,complete,,DocumentAnalysisAgent,
iteration_discounted,20260421,165,1.0000,2,complete,,SchemaAgent,
iteration_discounted,20260421,166,0.0000,2,stagnant,ValidatorAgent,LogParserAgent,0.0000
iteration_discounted,20260421,167,0.0000,2,stagnant,LogParserAgent,LogParserAgent,0.0000
iteration_discounted,20260421,168,1.0000,1,complete,,DocumentAnalysisAgent,
iteration_discounted,20260421,169,0.0000,2,stagnant,,DocumentAnalysisAgent,
iteration_discounted,20260421,170,1.0000,2,complete,,SchemaAgent,
iteration_discounted,20260421,171,0.0000,2,stagnant,,DocumentAnalysisAgent,
iteration_discounted,20260421,172,0.0000,2,stagnant,LogParserAgent,LogParserAgent,0.0000
iteration_discounted,20260421,173,0.0000,2,stagnant,,LogParserAgent,
iteration_discounted,20260421,174,0.0000,2,stagnant,ValidatorAgent,SchemaAgent,0.0000
iteration_discounted,20260421,175,0.0000,2,stagnant,,SchemaAgent,
iteration_discounted,20260421,176,0.0000,2,stagnant,,SchemaAgent,
iteration_discounted,20260421,177,0.0000,2,stagnant,,LogParserAgent,
iteration_discounted,20260421,178,0.0000,2,stagnant,DocumentAnalysisAgent,DocumentAnalysisAgent,0.0000
iteration_discounted,20260421,179,0.0000,2,stagnant,,SchemaAgent,
iteration_discounted,20260421,180,0.0000,2,stagnant,,DocumentAnalysisAgent,
iteration_discounted,20260421,181,0.0000,2,stagnant,ValidatorAgent,SchemaAgent,0.0000
iteration_discounted,20260421,182,0.0000,2,stagnant,,LogParserAgent,
iteration_discounted,20260421,183,0.0000,2,stagnant,,SchemaAgent,
iteration_discounted,20260421,184,0.0000,2,stagnant,,SchemaAgent,
iteration_discounted,20260421,185,0.0000,2,stagnant,SchemaAgent,SchemaAgent,0.0000
iteration_discounted,20260421,186,0.0000,2,stagnant,DocumentAnalysisAgent,DocumentAnalysisAgent,0.0000
iteration_discounted,20260421,187,1.0000,1,complete,,DocumentAnalysisAgent,
iteration_discounted,20260421,188,0.0000,2,stagnant,,SchemaAgent,
iteration_discounted,20260421,189,0.0000,2,stagnant,,SchemaAgent,
iteration_discounted,20260421,190,0.0000,2,stagnant,BuilderAgent,SchemaAgent,0.0000
iteration_discounted,20260421,191,0.0000,2,stagnant,,SchemaAgent,
iteration_discounted,20260421,192,1.0000,2,complete,,LogParserAgent,
iteration_discounted,20260421,193,0.0000,2,stagnant,SchemaAgent,SchemaAgent,0.0000
iteration_discounted,20260421,194,0.0000,2,stagnant,LogParserAgent,DocumentAnalysisAgent,0.0000
iteration_discounted,20260421,195,0.0000,2,stagnant,BuilderAgent,SchemaAgent,0.0000
iteration_discounted,20260421,196,0.0000,2,stagnant,,LogParserAgent,
iteration_discounted,20260421,197,0.0000,2,stagnant,,SchemaAgent,
iteration_discounted,20260421,198,0.0000,2,stagnant,SchemaAgent,SchemaAgent,0.0000
iteration_discounted,20260421,199,0.0000,2,stagnant,SchemaAgent,SchemaAgent,0.0000
iteration_discounted,20260421,200,0.0000,2,stagnant,,SchemaAgent,
iteration_discounted,20260421,201,0.0000,2,stagnant,,LogParserAgent,
iteration_discounted,20260421,202,0.0000,2,stagnant,,SchemaAgent,
iteration_discounted,20260421,203,0.0000,2,stagnant,QAAgent,SchemaAgent,0.0000
iteration_discounted,20260421,204,1.0000,2,complete,,SchemaAgent,
iteration_discounted,20260421,205,1.0000,2,complete,,DocumentAnalysisAgent,
iteration_discounted,20260421,206,0.0000,2,stagnant,,LogParserAgent,
iteration_discounted,20260421,207,1.0000,2,complete,,DocumentAnalysisAgent,
iteration_discounted,20260421,208,0.0000,2,stagnant,SchemaAgent,LogParserAgent,0.0000
iteration_discounted,20260421,209,0.0000,2,stagnant,,SchemaAgent,
iteration_discounted,20260421,210,0.0000,2,stagnant,,SchemaAgent,
iteration_discounted,20260421,211,1.0000,2,complete,,DocumentAnalysisAgent,
iteration_discounted,20260421,212,1.0000,2,complete,,DocumentAnalysisAgent,
iteration_discounted,20260421,213,1.0000,2,complete,,SchemaAgent,
iteration_discounted,20260421,214,0.0000,2,stagnant,SchemaAgent,SchemaAgent,0.0000
iteration_discounted,20260421,215,0.0000,2,stagnant,BuilderAgent,SchemaAgent,0.0000
iteration_discounted,20260421,216,0.0000,2,stagnant,,SchemaAgent,
iteration_discounted,20260421,217,0.0000,2,stagnant,SchemaAgent,SchemaAgent,0.0000
iteration_discounted,20260421,218,0.0000,2,stagnant,BuilderAgent,SchemaAgent,0.0000
iteration_discounted,20260421,219,1.0000,2,complete,,SchemaAgent,
iteration_discounted,20260421,220,1.0000,1,complete,,DocumentAnalysisAgent,
iteration_discounted,20260421,221,0.0000,2,stagnant,,SchemaAgent,
iteration_discounted,20260421,222,0.0000,2,stagnant,,DocumentAnalysisAgent,
iteration_discounted,20260421,223,0.0000,2,stagnant,,SchemaAgent,
iteration_discounted,20260421,224,1.0000,1,complete,,DocumentAnalysisAgent,
iteration_discounted,20260421,225,0.0000,2,stagnant,SchemaAgent,SchemaAgent,0.0000
iteration_discounted,20260421,226,0.0000,2,stagnant,,SchemaAgent,
iteration_discounted,20260421,227,0.0000,2,stagnant,SchemaAgent,SchemaAgent,0.0000
iteration_discounted,20260421,228,0.0000,2,stagnant,,SchemaAgent,
iteration_discounted,20260421,229,1.0000,2,complete,,SchemaAgent,
iteration_discounted,20260421,230,0.0000,2,stagnant,,SchemaAgent,
iteration_discounted,20260421,231,0.0000,2,stagnant,LogParserAgent,LogParserAgent,0.0000
iteration_discounted,20260421,232,0.0000,2,stagnant,,LogParserAgent,
iteration_discounted,20260421,233,0.0000,2,stagnant,ValidatorAgent,SchemaAgent,0.0000
iteration_discounted,20260421,234,0.0000,2,stagnant,,LogParserAgent,
iteration_discounted,20260421,235,0.0000,2,stagnant,,SchemaAgent,
iteration_discounted,20260421,236,0.0000,2,stagnant,,DocumentAnalysisAgent,
iteration_discounted,20260421,237,0.0000,2,stagnant,DocumentAnalysisAgent,DocumentAnalysisAgent,0.0000
iteration_discounted,20260421,238,0.0000,2,stagnant,,SchemaAgent,
iteration_discounted,20260421,239,1.0000,1,complete,,DocumentAnalysisAgent,
iteration_discounted,20260421,240,0.0000,2,stagnant,,SchemaAgent,
iteration_discounted,20260421,241,0.0000,2,stagnant,,LogParserAgent,
iteration_discounted,20260421,242,1.0000,2,complete,,SchemaAgent,
iteration_discounted,20260421,243,0.0000,2,stagnant,,SchemaAgent,
iteration_discounted,20260421,244,0.0000,2,stagnant,,SchemaAgent,
iteration_discounted,20260421,245,0.0000,2,stagnant,,SchemaAgent,
iteration_discounted,20260421,246,0.0000,2,stagnant,ValidatorAgent,SchemaAgent,0.0000
iteration_discounted,20260421,247,0.0000,2,stagnant,,LogParserAgent,
iteration_discounted,20260421,248,0.0000,2,stagnant,,DocumentAnalysisAgent,
iteration_discounted,20260421,249,1.0000,2,complete,,SchemaAgent,
iteration_discounted,20260421,250,0.0000,2,stagnant,DocumentAnalysisAgent,DocumentAnalysisAgent,0.0000
iteration_discounted,20260421,251,0.0000,2,stagnant,QAAgent,SchemaAgent,0.0000
iteration_discounted,20260421,252,1.0000,1,complete,,DocumentAnalysisAgent,
iteration_discounted,20260421,253,1.0000,2,complete,,SchemaAgent,
iteration_discounted,20260421,254,0.0000,2,stagnant,,SchemaAgent,
iteration_discounted,20260421,255,0.0000,2,stagnant,LogParserAgent,LogParserAgent,0.0000
iteration_discounted,20260421,256,0.0000,2,stagnant,BuilderAgent,SchemaAgent,0.0000
iteration_discounted,20260421,257,1.0000,1,complete,,DocumentAnalysisAgent,
iteration_discounted,20260421,258,1.0000,1,complete,,DocumentAnalysisAgent,
iteration_discounted,20260421,259,0.0000,2,stagnant,,DocumentAnalysisAgent,
iteration_discounted,20260421,260,0.0000,2,stagnant,SchemaAgent,SchemaAgent,0.0000
iteration_discounted,20260421,261,1.0000,1,complete,,DocumentAnalysisAgent,
iteration_discounted,20260421,262,0.0000,2,stagnant,SchemaAgent,SchemaAgent,0.0000
iteration_discounted,20260421,263,1.0000,2,complete,,SchemaAgent,
iteration_discounted,20260421,264,1.0000,1,complete,,DocumentAnalysisAgent,
iteration_discounted,20260421,265,0.0000,2,stagnant,ValidatorAgent,SchemaAgent,0.0000
iteration_discounted,20260421,266,0.0000,2,stagnant,,SchemaAgent,
iteration_discounted,20260421,267,1.0000,2,complete,,DocumentAnalysisAgent,
iteration_discounted,20260421,268,1.0000,1,complete,,DocumentAnalysisAgent,
iteration_discounted,20260421,269,0.0000,2,stagnant,QAAgent,SchemaAgent,0.0000
iteration_discounted,20260421,270,0.0000,2,stagnant,DocumentAnalysisAgent,DocumentAnalysisAgent,0.0000
iteration_discounted,20260421,271,0.0000,2,stagnant,,LogParserAgent,
iteration_discounted,20260421,272,0.0000,2,stagnant,,LogParserAgent,
iteration_discounted,20260421,273,0.0000,2,stagnant,QAAgent,SchemaAgent,0.0000
iteration_discounted,20260421,274,0.0000,2,stagnant,BuilderAgent,SchemaAgent,0.0000
iteration_discounted,20260421,275,0.0000,2,stagnant,DocumentAnalysisAgent,DocumentAnalysisAgent,0.0000
iteration_discounted,20260421,276,0.0000,2,stagnant,BuilderAgent,SchemaAgent,0.0000
iteration_discounted,20260421,277,0.0000,2,stagnant,,LogParserAgent,
iteration_discounted,20260421,278,0.0000,2,stagnant,QAAgent,SchemaAgent,0.0000
iteration_discounted,20260421,279,0.0000,2,stagnant,DocumentAnalysisAgent,DocumentAnalysisAgent,0.0000
iteration_discounted,20260421,280,0.0000,2,stagnant,LogParserAgent,LogParserAgent,0.0000
iteration_discounted,20260421,281,0.0000,2,stagnant,SchemaAgent,SchemaAgent,0.0000
iteration_discounted,20260421,282,0.0000,2,stagnant,ValidatorAgent,SchemaAgent,0.0000
iteration_discounted,20260421,283,0.0000,2,stagnant,QAAgent,SchemaAgent,0.0000
iteration_discounted,20260421,284,0.0000,2,stagnant,,LogParserAgent,
iteration_discounted,20260421,285,0.0000,2,stagnant,ValidatorAgent,SchemaAgent,0.0000
iteration_discounted,20260421,286,0.0000,2,stagnant,,SchemaAgent,
iteration_discounted,20260421,287,1.0000,2,complete,,SchemaAgent,
iteration_discounted,20260421,288,0.0000,2,stagnant,LogParserAgent,LogParserAgent,0.0000
iteration_discounted,20260421,289,0.0000,2,stagnant,,DocumentAnalysisAgent,
iteration_discounted,20260421,290,0.0000,2,stagnant,DocumentAnalysisAgent,DocumentAnalysisAgent,0.0000
iteration_discounted,20260421,291,0.0000,2,stagnant,,SchemaAgent,
iteration_discounted,20260421,292,0.0000,2,stagnant,BuilderAgent,SchemaAgent,0.0000
iteration_discounted,20260421,293,0.0000,2,stagnant,,SchemaAgent,
iteration_discounted,20260421,294,0.0000,2,stagnant,,SchemaAgent,
iteration_discounted,20260421,295,0.0000,2,stagnant,LogParserAgent,LogParserAgent,0.0000
iteration_discounted,20260421,296,1.0000,2,complete,,LogParserAgent,
iteration_discounted,20260421,297,1.0000,2,complete,,SchemaAgent,
iteration_discounted,20260421,298,1.0000,2,complete,,SchemaAgent,
iteration_discounted,20260421,299,1.0000,1,complete,,DocumentAnalysisAgent,
iteration_discounted,20260421,300,0.0000,2,stagnant,,SchemaAgent,
iteration_discounted,20260421,301,0.0000,2,stagnant,,SchemaAgent,
iteration_discounted,20260421,302,0.0000,2,stagnant,ValidatorAgent,DocumentAnalysisAgent,0.0000
iteration_discounted,20260421,303,0.0000,2,stagnant,,SchemaAgent,
iteration_discounted,20260421,304,1.0000,2,complete,,SchemaAgent,
iteration_discounted,20260421,305,0.0000,2,stagnant,,LogParserAgent,
iteration_discounted,20260421,306,0.0000,2,stagnant,,LogParserAgent,
iteration_discounted,20260421,307,0.0000,2,stagnant,,SchemaAgent,
iteration_discounted,20260421,308,1.0000,2,complete,,SchemaAgent,
iteration_discounted,20260421,309,0.0000,2,stagnant,ValidatorAgent,SchemaAgent,0.0000
iteration_discounted,20260421,310,0.0000,2,stagnant,ValidatorAgent,SchemaAgent,0.0000
iteration_discounted,20260421,311,0.0000,2,stagnant,BuilderAgent,SchemaAgent,0.0000
iteration_discounted,20260421,312,0.0000,2,stagnant,,LogParserAgent,
iteration_discounted,20260421,313,0.0000,2,stagnant,SchemaAgent,SchemaAgent,0.0000
iteration_discounted,20260421,314,1.0000,1,complete,,DocumentAnalysisAgent,
iteration_discounted,20260421,315,0.0000,2,stagnant,ValidatorAgent,LogParserAgent,0.0000
iteration_discounted,20260421,316,0.0000,2,stagnant,LogParserAgent,LogParserAgent,0.0000
iteration_discounted,20260421,317,1.0000,1,complete,,DocumentAnalysisAgent,
iteration_discounted,20260421,318,0.0000,2,stagnant,,SchemaAgent,
iteration_discounted,20260421,319,0.0000,2,stagnant,,LogParserAgent,
iteration_discounted,20260421,320,0.0000,2,stagnant,,SchemaAgent,
iteration_discounted,20260421,321,0.0000,2,stagnant,LogParserAgent,DocumentAnalysisAgent,0.0000
iteration_discounted,20260421,322,0.0000,2,stagnant,ValidatorAgent,SchemaAgent,0.0000
iteration_discounted,20260421,323,0.0000,2,stagnant,LogParserAgent,LogParserAgent,0.0000
iteration_discounted,20260421,324,0.0000,2,stagnant,,DocumentAnalysisAgent,
iteration_discounted,20260421,325,0.0000,2,stagnant,,DocumentAnalysisAgent,
iteration_discounted,20260421,326,0.0000,2,stagnant,,DocumentAnalysisAgent,
iteration_discounted,20260421,327,0.0000,2,stagnant,,LogParserAgent,
iteration_discounted,20260421,328,1.0000,1,complete,,DocumentAnalysisAgent,
iteration_discounted,20260421,329,1.0000,1,complete,,DocumentAnalysisAgent,
iteration_discounted,20260421,330,0.0000,2,stagnant,,SchemaAgent,
iteration_discounted,20260421,331,1.0000,1,complete,,DocumentAnalysisAgent,
iteration_discounted,20260421,332,0.0000,2,stagnant,,SchemaAgent,
iteration_discounted,20260421,333,0.0000,2,stagnant,ValidatorAgent,SchemaAgent,0.0000
iteration_discounted,20260421,334,0.0000,2,stagnant,LogParserAgent,LogParserAgent,0.0000
iteration_discounted,20260421,335,0.0000,2,stagnant,LogParserAgent,LogParserAgent,0.0000
iteration_discounted,20260421,336,1.0000,1,complete,,DocumentAnalysisAgent,
iteration_discounted,20260421,337,1.0000,1,complete,LogParserAgent,DocumentAnalysisAgent,1.0000
iteration_discounted,20260421,338,0.0000,2,stagnant,,LogParserAgent,
iteration_discounted,20260421,339,0.0000,2,stagnant,BuilderAgent,SchemaAgent,0.0000
iteration_discounted,20260421,340,0.0000,2,stagnant,SchemaAgent,SchemaAgent,0.0000
iteration_discounted,20260421,341,0.0000,2,stagnant,DocumentAnalysisAgent,DocumentAnalysisAgent,0.0000
iteration_discounted,20260421,342,0.0000,2,stagnant,BuilderAgent,SchemaAgent,0.0000
iteration_discounted,20260421,343,0.0000,2,stagnant,,LogParserAgent,
iteration_discounted,20260421,344,0.0000,2,stagnant,,LogParserAgent,
iteration_discounted,20260421,345,1.0000,1,complete,,DocumentAnalysisAgent,
iteration_discounted,20260421,346,0.0000,2,stagnant,LogParserAgent,LogParserAgent,0.0000
iteration_discounted,20260421,347,0.0000,2,stagnant,LogParserAgent,LogParserAgent,0.0000
iteration_discounted,20260421,348,0.0000,2,stagnant,DocumentAnalysisAgent,DocumentAnalysisAgent,0.0000
iteration_discounted,20260421,349,1.0000,1,complete,LogParserAgent,DocumentAnalysisAgent,1.0000
iteration_discounted,20260421,350,0.0000,2,stagnant,LogParserAgent,LogParserAgent,0.0000
iteration_discounted,20260421,351,0.0000,2,stagnant,BuilderAgent,LogParserAgent,0.0000
iteration_discounted,20260421,352,0.0000,2,stagnant,DocumentAnalysisAgent,DocumentAnalysisAgent,0.0000
iteration_discounted,20260421,353,0.0000,2,stagnant,ValidatorAgent,SchemaAgent,0.0000
iteration_discounted,20260421,354,1.0000,2,complete,,SchemaAgent,
iteration_discounted,20260421,355,0.0000,2,stagnant,,DocumentAnalysisAgent,
iteration_discounted,20260421,356,0.0000,2,stagnant,,SchemaAgent,
iteration_discounted,20260421,357,0.0000,2,stagnant,,SchemaAgent,
iteration_discounted,20260421,358,1.0000,1,complete,QAAgent,DocumentAnalysisAgent,1.0000
iteration_discounted,20260421,359,0.0000,2,stagnant,,SchemaAgent,
iteration_discounted,20260421,360,0.0000,2,stagnant,,SchemaAgent,
iteration_discounted,20260421,361,0.0000,2,stagnant,DocumentAnalysisAgent,SchemaAgent,0.2059
iteration_discounted,20260421,362,0.0000,2,stagnant,,SchemaAgent,
iteration_discounted,20260421,363,0.0000,2,stagnant,SchemaAgent,SchemaAgent,0.0000
iteration_discounted,20260421,364,0.0000,2,stagnant,,SchemaAgent,
iteration_discounted,20260421,365,0.0000,2,stagnant,QAAgent,SchemaAgent,0.0000
iteration_discounted,20260421,366,0.0000,2,stagnant,,LogParserAgent,
iteration_discounted,20260421,367,0.0000,2,stagnant,,SchemaAgent,
iteration_discounted,20260421,368,1.0000,1,complete,,DocumentAnalysisAgent,
iteration_discounted,20260421,369,0.0000,2,stagnant,SchemaAgent,SchemaAgent,0.0000
iteration_discounted,20260421,370,0.0000,2,stagnant,,LogParserAgent,
iteration_discounted,20260421,371,0.0000,2,stagnant,,SchemaAgent,
iteration_discounted,20260421,372,0.0000,2,stagnant,LogParserAgent,LogParserAgent,0.0000
iteration_discounted,20260421,373,0.0000,2,stagnant,QAAgent,DocumentAnalysisAgent,0.0000
iteration_discounted,20260421,374,0.0000,2,stagnant,ValidatorAgent,DocumentAnalysisAgent,0.0000
iteration_discounted,20260421,375,1.0000,2,complete,,SchemaAgent,
iteration_discounted,20260421,376,0.0000,2,stagnant,,LogParserAgent,
iteration_discounted,20260421,377,0.0000,2,stagnant,,SchemaAgent,
iteration_discounted,20260421,378,0.0000,2,stagnant,,SchemaAgent,
iteration_discounted,20260421,379,0.0000,2,stagnant,,DocumentAnalysisAgent,
iteration_discounted,20260421,380,0.0000,2,stagnant,DocumentAnalysisAgent,LogParserAgent,0.2059
iteration_discounted,20260421,381,0.0000,2,stagnant,,LogParserAgent,
iteration_discounted,20260421,382,0.0000,2,stagnant,,DocumentAnalysisAgent,
iteration_discounted,20260421,383,0.0000,2,stagnant,SchemaAgent,SchemaAgent,0.0000
iteration_discounted,20260421,384,1.0000,1,complete,,DocumentAnalysisAgent,
iteration_discounted,20260421,385,0.0000,2,stagnant,BuilderAgent,LogParserAgent,0.0000
iteration_discounted,20260421,386,1.0000,2,complete,,SchemaAgent,
iteration_discounted,20260421,387,0.0000,2,stagnant,ValidatorAgent,SchemaAgent,0.0000
iteration_discounted,20260421,388,0.0000,2,stagnant,LogParserAgent,LogParserAgent,0.0000
iteration_discounted,20260421,389,0.0000,2,stagnant,LogParserAgent,LogParserAgent,0.0000
iteration_discounted,20260421,390,1.0000,2,complete,,SchemaAgent,
iteration_discounted,20260421,391,1.0000,1,complete,,DocumentAnalysisAgent,
iteration_discounted,20260421,392,0.0000,2,stagnant,,LogParserAgent,
iteration_discounted,20260421,393,0.0000,2,stagnant,LogParserAgent,LogParserAgent,0.0000
iteration_discounted,20260421,394,1.0000,2,complete,,DocumentAnalysisAgent,
iteration_discounted,20260421,395,0.0000,2,stagnant,SchemaAgent,SchemaAgent,0.0000
iteration_discounted,20260421,396,0.0000,2,stagnant,,SchemaAgent,
iteration_discounted,20260421,397,0.0000,2,stagnant,,SchemaAgent,
iteration_discounted,20260421,398,1.0000,1,complete,,DocumentAnalysisAgent,
iteration_discounted,20260421,399,0.0000,2,stagnant,ValidatorAgent,SchemaAgent,0.0000
